ISO-10303-21;
HEADER;
FILE_DESCRIPTION(('Open CASCADE Model'),'2;1');
FILE_NAME('Open CASCADE Shape Model','2026-10-02T18:56:47',('Author'),(
    'Open CASCADE'),'Open CASCADE STEP processor 8.0','build123d',
  'Unknown');
FILE_SCHEMA(('AUTOMOTIVE_DESIGN { 1 0 10303 214 1 1 1 1 }'));
ENDSEC;
DATA;
#1 = APPLICATION_PROTOCOL_DEFINITION('international standard',
  'automotive_design',2000,#2);
#2 = APPLICATION_CONTEXT(
  'core data for automotive mechanical design processes');
#3 = SHAPE_DEFINITION_REPRESENTATION(#4,#10);
#4 = PRODUCT_DEFINITION_SHAPE('','',#5);
#5 = PRODUCT_DEFINITION('design','',#6,#9);
#6 = PRODUCT_DEFINITION_FORMATION('','',#7);
#7 = PRODUCT('COMPOUND','COMPOUND','',(#8));
#8 = PRODUCT_CONTEXT('',#2,'mechanical');
#9 = PRODUCT_DEFINITION_CONTEXT('part definition',#2,'design');
#10 = SHAPE_REPRESENTATION('',(#11,#15,#2197,#3885,#4477,#5069,#5587,
    #5685,#5783,#5881,#5979,#6077,#6175,#6273,#6371,#6469,#6567,#6665,
    #6763,#6861,#6959,#7147,#7335,#7523,#7711,#9349,#9447,#9545,#9643,
    #9741,#9839,#9937,#10035,#10133,#10463,#11213,#11543,#12679,#13815),
  #14145);
#11 = AXIS2_PLACEMENT_3D('',#12,#13,#14);
#12 = CARTESIAN_POINT('',(0.,0.,0.));
#13 = DIRECTION('',(0.,0.,1.));
#14 = DIRECTION('',(1.,0.,-0.));
#15 = MANIFOLD_SOLID_BREP('',#16);
#16 = CLOSED_SHELL('',(#17,#137,#913,#962,#1431,#1458,#1465,#1520,#1575,
    #1602,#1629,#1656,#1683,#1738,#1765,#1792,#1819,#1846,#1901,#1956,
    #1983,#2010,#2065,#2092,#2119,#2146,#2173,#2177,#2181,#2185,#2189,
    #2193));
#17 = ADVANCED_FACE('',(#18),#32,.F.);
#18 = FACE_BOUND('',#19,.F.);
#19 = EDGE_LOOP('',(#20,#55,#83,#111));
#20 = ORIENTED_EDGE('',*,*,#21,.F.);
#21 = EDGE_CURVE('',#22,#24,#26,.T.);
#22 = VERTEX_POINT('',#23);
#23 = CARTESIAN_POINT('',(-75.,50.,-170.));
#24 = VERTEX_POINT('',#25);
#25 = CARTESIAN_POINT('',(-75.,50.,410.));
#26 = SURFACE_CURVE('',#27,(#31,#43),.PCURVE_S1.);
#27 = LINE('',#28,#29);
#28 = CARTESIAN_POINT('',(-75.,50.,-170.));
#29 = VECTOR('',#30,1.);
#30 = DIRECTION('',(0.,0.,1.));
#31 = PCURVE('',#32,#37);
#32 = PLANE('',#33);
#33 = AXIS2_PLACEMENT_3D('',#34,#35,#36);
#34 = CARTESIAN_POINT('',(-75.,50.,-170.));
#35 = DIRECTION('',(1.,0.,-0.));
#36 = DIRECTION('',(0.,0.,1.));
#37 = DEFINITIONAL_REPRESENTATION('',(#38),#42);
#38 = LINE('',#39,#40);
#39 = CARTESIAN_POINT('',(0.,0.));
#40 = VECTOR('',#41,1.);
#41 = DIRECTION('',(1.,0.));
#42 = ( GEOMETRIC_REPRESENTATION_CONTEXT(2) 
PARAMETRIC_REPRESENTATION_CONTEXT() REPRESENTATION_CONTEXT('2D SPACE',''
  ) );
#43 = PCURVE('',#44,#49);
#44 = PLANE('',#45);
#45 = AXIS2_PLACEMENT_3D('',#46,#47,#48);
#46 = CARTESIAN_POINT('',(-75.,50.,-170.));
#47 = DIRECTION('',(-0.,1.,0.));
#48 = DIRECTION('',(0.,0.,1.));
#49 = DEFINITIONAL_REPRESENTATION('',(#50),#54);
#50 = LINE('',#51,#52);
#51 = CARTESIAN_POINT('',(0.,0.));
#52 = VECTOR('',#53,1.);
#53 = DIRECTION('',(1.,0.));
#54 = ( GEOMETRIC_REPRESENTATION_CONTEXT(2) 
PARAMETRIC_REPRESENTATION_CONTEXT() REPRESENTATION_CONTEXT('2D SPACE',''
  ) );
#55 = ORIENTED_EDGE('',*,*,#56,.T.);
#56 = EDGE_CURVE('',#22,#57,#59,.T.);
#57 = VERTEX_POINT('',#58);
#58 = CARTESIAN_POINT('',(-75.,62.,-170.));
#59 = SURFACE_CURVE('',#60,(#64,#71),.PCURVE_S1.);
#60 = LINE('',#61,#62);
#61 = CARTESIAN_POINT('',(-75.,50.,-170.));
#62 = VECTOR('',#63,1.);
#63 = DIRECTION('',(-0.,1.,0.));
#64 = PCURVE('',#32,#65);
#65 = DEFINITIONAL_REPRESENTATION('',(#66),#70);
#66 = LINE('',#67,#68);
#67 = CARTESIAN_POINT('',(0.,0.));
#68 = VECTOR('',#69,1.);
#69 = DIRECTION('',(0.,-1.));
#70 = ( GEOMETRIC_REPRESENTATION_CONTEXT(2) 
PARAMETRIC_REPRESENTATION_CONTEXT() REPRESENTATION_CONTEXT('2D SPACE',''
  ) );
#71 = PCURVE('',#72,#77);
#72 = PLANE('',#73);
#73 = AXIS2_PLACEMENT_3D('',#74,#75,#76);
#74 = CARTESIAN_POINT('',(-75.,50.,-170.));
#75 = DIRECTION('',(0.,0.,1.));
#76 = DIRECTION('',(1.,0.,-0.));
#77 = DEFINITIONAL_REPRESENTATION('',(#78),#82);
#78 = LINE('',#79,#80);
#79 = CARTESIAN_POINT('',(0.,0.));
#80 = VECTOR('',#81,1.);
#81 = DIRECTION('',(0.,1.));
#82 = ( GEOMETRIC_REPRESENTATION_CONTEXT(2) 
PARAMETRIC_REPRESENTATION_CONTEXT() REPRESENTATION_CONTEXT('2D SPACE',''
  ) );
#83 = ORIENTED_EDGE('',*,*,#84,.T.);
#84 = EDGE_CURVE('',#57,#85,#87,.T.);
#85 = VERTEX_POINT('',#86);
#86 = CARTESIAN_POINT('',(-75.,62.,410.));
#87 = SURFACE_CURVE('',#88,(#92,#99),.PCURVE_S1.);
#88 = LINE('',#89,#90);
#89 = CARTESIAN_POINT('',(-75.,62.,-170.));
#90 = VECTOR('',#91,1.);
#91 = DIRECTION('',(0.,0.,1.));
#92 = PCURVE('',#32,#93);
#93 = DEFINITIONAL_REPRESENTATION('',(#94),#98);
#94 = LINE('',#95,#96);
#95 = CARTESIAN_POINT('',(0.,-12.));
#96 = VECTOR('',#97,1.);
#97 = DIRECTION('',(1.,0.));
#98 = ( GEOMETRIC_REPRESENTATION_CONTEXT(2) 
PARAMETRIC_REPRESENTATION_CONTEXT() REPRESENTATION_CONTEXT('2D SPACE',''
  ) );
#99 = PCURVE('',#100,#105);
#100 = PLANE('',#101);
#101 = AXIS2_PLACEMENT_3D('',#102,#103,#104);
#102 = CARTESIAN_POINT('',(-75.,62.,-170.));
#103 = DIRECTION('',(-0.,1.,0.));
#104 = DIRECTION('',(0.,0.,1.));
#105 = DEFINITIONAL_REPRESENTATION('',(#106),#110);
#106 = LINE('',#107,#108);
#107 = CARTESIAN_POINT('',(0.,0.));
#108 = VECTOR('',#109,1.);
#109 = DIRECTION('',(1.,0.));
#110 = ( GEOMETRIC_REPRESENTATION_CONTEXT(2) 
PARAMETRIC_REPRESENTATION_CONTEXT() REPRESENTATION_CONTEXT('2D SPACE',''
  ) );
#111 = ORIENTED_EDGE('',*,*,#112,.F.);
#112 = EDGE_CURVE('',#24,#85,#113,.T.);
#113 = SURFACE_CURVE('',#114,(#118,#125),.PCURVE_S1.);
#114 = LINE('',#115,#116);
#115 = CARTESIAN_POINT('',(-75.,50.,410.));
#116 = VECTOR('',#117,1.);
#117 = DIRECTION('',(-0.,1.,0.));
#118 = PCURVE('',#32,#119);
#119 = DEFINITIONAL_REPRESENTATION('',(#120),#124);
#120 = LINE('',#121,#122);
#121 = CARTESIAN_POINT('',(580.,0.));
#122 = VECTOR('',#123,1.);
#123 = DIRECTION('',(0.,-1.));
#124 = ( GEOMETRIC_REPRESENTATION_CONTEXT(2) 
PARAMETRIC_REPRESENTATION_CONTEXT() REPRESENTATION_CONTEXT('2D SPACE',''
  ) );
#125 = PCURVE('',#126,#131);
#126 = PLANE('',#127);
#127 = AXIS2_PLACEMENT_3D('',#128,#129,#130);
#128 = CARTESIAN_POINT('',(-75.,50.,410.));
#129 = DIRECTION('',(0.,0.,1.));
#130 = DIRECTION('',(1.,0.,-0.));
#131 = DEFINITIONAL_REPRESENTATION('',(#132),#136);
#132 = LINE('',#133,#134);
#133 = CARTESIAN_POINT('',(0.,0.));
#134 = VECTOR('',#135,1.);
#135 = DIRECTION('',(0.,1.));
#136 = ( GEOMETRIC_REPRESENTATION_CONTEXT(2) 
PARAMETRIC_REPRESENTATION_CONTEXT() REPRESENTATION_CONTEXT('2D SPACE',''
  ) );
#137 = ADVANCED_FACE('',(#138,#213,#248,#283,#318,#353,#388,#423,#458,
    #493,#528,#563,#598,#633,#668,#703,#738,#773,#808,#843,#878),#44,.F.
  );
#138 = FACE_BOUND('',#139,.F.);
#139 = EDGE_LOOP('',(#140,#163,#164,#187));
#140 = ORIENTED_EDGE('',*,*,#141,.F.);
#141 = EDGE_CURVE('',#22,#142,#144,.T.);
#142 = VERTEX_POINT('',#143);
#143 = CARTESIAN_POINT('',(75.,50.,-170.));
#144 = SURFACE_CURVE('',#145,(#149,#156),.PCURVE_S1.);
#145 = LINE('',#146,#147);
#146 = CARTESIAN_POINT('',(-75.,50.,-170.));
#147 = VECTOR('',#148,1.);
#148 = DIRECTION('',(1.,0.,-0.));
#149 = PCURVE('',#44,#150);
#150 = DEFINITIONAL_REPRESENTATION('',(#151),#155);
#151 = LINE('',#152,#153);
#152 = CARTESIAN_POINT('',(0.,0.));
#153 = VECTOR('',#154,1.);
#154 = DIRECTION('',(0.,1.));
#155 = ( GEOMETRIC_REPRESENTATION_CONTEXT(2) 
PARAMETRIC_REPRESENTATION_CONTEXT() REPRESENTATION_CONTEXT('2D SPACE',''
  ) );
#156 = PCURVE('',#72,#157);
#157 = DEFINITIONAL_REPRESENTATION('',(#158),#162);
#158 = LINE('',#159,#160);
#159 = CARTESIAN_POINT('',(0.,0.));
#160 = VECTOR('',#161,1.);
#161 = DIRECTION('',(1.,0.));
#162 = ( GEOMETRIC_REPRESENTATION_CONTEXT(2) 
PARAMETRIC_REPRESENTATION_CONTEXT() REPRESENTATION_CONTEXT('2D SPACE',''
  ) );
#163 = ORIENTED_EDGE('',*,*,#21,.T.);
#164 = ORIENTED_EDGE('',*,*,#165,.T.);
#165 = EDGE_CURVE('',#24,#166,#168,.T.);
#166 = VERTEX_POINT('',#167);
#167 = CARTESIAN_POINT('',(75.,50.,410.));
#168 = SURFACE_CURVE('',#169,(#173,#180),.PCURVE_S1.);
#169 = LINE('',#170,#171);
#170 = CARTESIAN_POINT('',(-75.,50.,410.));
#171 = VECTOR('',#172,1.);
#172 = DIRECTION('',(1.,0.,-0.));
#173 = PCURVE('',#44,#174);
#174 = DEFINITIONAL_REPRESENTATION('',(#175),#179);
#175 = LINE('',#176,#177);
#176 = CARTESIAN_POINT('',(580.,0.));
#177 = VECTOR('',#178,1.);
#178 = DIRECTION('',(0.,1.));
#179 = ( GEOMETRIC_REPRESENTATION_CONTEXT(2) 
PARAMETRIC_REPRESENTATION_CONTEXT() REPRESENTATION_CONTEXT('2D SPACE',''
  ) );
#180 = PCURVE('',#126,#181);
#181 = DEFINITIONAL_REPRESENTATION('',(#182),#186);
#182 = LINE('',#183,#184);
#183 = CARTESIAN_POINT('',(0.,0.));
#184 = VECTOR('',#185,1.);
#185 = DIRECTION('',(1.,0.));
#186 = ( GEOMETRIC_REPRESENTATION_CONTEXT(2) 
PARAMETRIC_REPRESENTATION_CONTEXT() REPRESENTATION_CONTEXT('2D SPACE',''
  ) );
#187 = ORIENTED_EDGE('',*,*,#188,.F.);
#188 = EDGE_CURVE('',#142,#166,#189,.T.);
#189 = SURFACE_CURVE('',#190,(#194,#201),.PCURVE_S1.);
#190 = LINE('',#191,#192);
#191 = CARTESIAN_POINT('',(75.,50.,-170.));
#192 = VECTOR('',#193,1.);
#193 = DIRECTION('',(0.,0.,1.));
#194 = PCURVE('',#44,#195);
#195 = DEFINITIONAL_REPRESENTATION('',(#196),#200);
#196 = LINE('',#197,#198);
#197 = CARTESIAN_POINT('',(0.,150.));
#198 = VECTOR('',#199,1.);
#199 = DIRECTION('',(1.,0.));
#200 = ( GEOMETRIC_REPRESENTATION_CONTEXT(2) 
PARAMETRIC_REPRESENTATION_CONTEXT() REPRESENTATION_CONTEXT('2D SPACE',''
  ) );
#201 = PCURVE('',#202,#207);
#202 = PLANE('',#203);
#203 = AXIS2_PLACEMENT_3D('',#204,#205,#206);
#204 = CARTESIAN_POINT('',(75.,50.,-170.));
#205 = DIRECTION('',(1.,0.,-0.));
#206 = DIRECTION('',(0.,0.,1.));
#207 = DEFINITIONAL_REPRESENTATION('',(#208),#212);
#208 = LINE('',#209,#210);
#209 = CARTESIAN_POINT('',(0.,0.));
#210 = VECTOR('',#211,1.);
#211 = DIRECTION('',(1.,0.));
#212 = ( GEOMETRIC_REPRESENTATION_CONTEXT(2) 
PARAMETRIC_REPRESENTATION_CONTEXT() REPRESENTATION_CONTEXT('2D SPACE',''
  ) );
#213 = FACE_BOUND('',#214,.F.);
#214 = EDGE_LOOP('',(#215));
#215 = ORIENTED_EDGE('',*,*,#216,.T.);
#216 = EDGE_CURVE('',#217,#217,#219,.T.);
#217 = VERTEX_POINT('',#218);
#218 = CARTESIAN_POINT('',(-59.9,50.,-151.));
#219 = SURFACE_CURVE('',#220,(#225,#236),.PCURVE_S1.);
#220 = CIRCLE('',#221,2.1);
#221 = AXIS2_PLACEMENT_3D('',#222,#223,#224);
#222 = CARTESIAN_POINT('',(-62.,50.,-151.));
#223 = DIRECTION('',(0.,-1.,2.22044604925E-16));
#224 = DIRECTION('',(1.,0.,0.));
#225 = PCURVE('',#44,#226);
#226 = DEFINITIONAL_REPRESENTATION('',(#227),#235);
#227 = ( BOUNDED_CURVE() B_SPLINE_CURVE(2,(#228,#229,#230,#231,#232,#233
,#234),.UNSPECIFIED.,.T.,.F.) B_SPLINE_CURVE_WITH_KNOTS((1,2,2,2,2,1),(
    -2.094395102393,0.,2.094395102393,4.188790204786,6.28318530718,
8.377580409573),.UNSPECIFIED.) CURVE() GEOMETRIC_REPRESENTATION_ITEM() 
RATIONAL_B_SPLINE_CURVE((1.,0.5,1.,0.5,1.,0.5,1.)) REPRESENTATION_ITEM(
  '') );
#228 = CARTESIAN_POINT('',(19.,15.1));
#229 = CARTESIAN_POINT('',(22.637306695895,15.1));
#230 = CARTESIAN_POINT('',(20.818653347947,11.95));
#231 = CARTESIAN_POINT('',(19.,8.8));
#232 = CARTESIAN_POINT('',(17.181346652053,11.95));
#233 = CARTESIAN_POINT('',(15.362693304105,15.1));
#234 = CARTESIAN_POINT('',(19.,15.1));
#235 = ( GEOMETRIC_REPRESENTATION_CONTEXT(2) 
PARAMETRIC_REPRESENTATION_CONTEXT() REPRESENTATION_CONTEXT('2D SPACE',''
  ) );
#236 = PCURVE('',#237,#242);
#237 = CYLINDRICAL_SURFACE('',#238,2.1);
#238 = AXIS2_PLACEMENT_3D('',#239,#240,#241);
#239 = CARTESIAN_POINT('',(-62.,60.,-151.));
#240 = DIRECTION('',(0.,-1.,2.22044604925E-16));
#241 = DIRECTION('',(1.,0.,0.));
#242 = DEFINITIONAL_REPRESENTATION('',(#243),#247);
#243 = LINE('',#244,#245);
#244 = CARTESIAN_POINT('',(0.,10.));
#245 = VECTOR('',#246,1.);
#246 = DIRECTION('',(1.,0.));
#247 = ( GEOMETRIC_REPRESENTATION_CONTEXT(2) 
PARAMETRIC_REPRESENTATION_CONTEXT() REPRESENTATION_CONTEXT('2D SPACE',''
  ) );
#248 = FACE_BOUND('',#249,.F.);
#249 = EDGE_LOOP('',(#250));
#250 = ORIENTED_EDGE('',*,*,#251,.T.);
#251 = EDGE_CURVE('',#252,#252,#254,.T.);
#252 = VERTEX_POINT('',#253);
#253 = CARTESIAN_POINT('',(-59.9,50.,-19.));
#254 = SURFACE_CURVE('',#255,(#260,#271),.PCURVE_S1.);
#255 = CIRCLE('',#256,2.1);
#256 = AXIS2_PLACEMENT_3D('',#257,#258,#259);
#257 = CARTESIAN_POINT('',(-62.,50.,-19.));
#258 = DIRECTION('',(0.,-1.,2.22044604925E-16));
#259 = DIRECTION('',(1.,0.,0.));
#260 = PCURVE('',#44,#261);
#261 = DEFINITIONAL_REPRESENTATION('',(#262),#270);
#262 = ( BOUNDED_CURVE() B_SPLINE_CURVE(2,(#263,#264,#265,#266,#267,#268
,#269),.UNSPECIFIED.,.T.,.F.) B_SPLINE_CURVE_WITH_KNOTS((1,2,2,2,2,1),(
    -2.094395102393,0.,2.094395102393,4.188790204786,6.28318530718,
8.377580409573),.UNSPECIFIED.) CURVE() GEOMETRIC_REPRESENTATION_ITEM() 
RATIONAL_B_SPLINE_CURVE((1.,0.5,1.,0.5,1.,0.5,1.)) REPRESENTATION_ITEM(
  '') );
#263 = CARTESIAN_POINT('',(151.,15.1));
#264 = CARTESIAN_POINT('',(154.63730669589,15.1));
#265 = CARTESIAN_POINT('',(152.81865334794,11.95));
#266 = CARTESIAN_POINT('',(151.,8.8));
#267 = CARTESIAN_POINT('',(149.18134665205,11.95));
#268 = CARTESIAN_POINT('',(147.3626933041,15.1));
#269 = CARTESIAN_POINT('',(151.,15.1));
#270 = ( GEOMETRIC_REPRESENTATION_CONTEXT(2) 
PARAMETRIC_REPRESENTATION_CONTEXT() REPRESENTATION_CONTEXT('2D SPACE',''
  ) );
#271 = PCURVE('',#272,#277);
#272 = CYLINDRICAL_SURFACE('',#273,2.1);
#273 = AXIS2_PLACEMENT_3D('',#274,#275,#276);
#274 = CARTESIAN_POINT('',(-62.,60.,-19.));
#275 = DIRECTION('',(0.,-1.,2.22044604925E-16));
#276 = DIRECTION('',(1.,0.,0.));
#277 = DEFINITIONAL_REPRESENTATION('',(#278),#282);
#278 = LINE('',#279,#280);
#279 = CARTESIAN_POINT('',(0.,10.));
#280 = VECTOR('',#281,1.);
#281 = DIRECTION('',(1.,0.));
#282 = ( GEOMETRIC_REPRESENTATION_CONTEXT(2) 
PARAMETRIC_REPRESENTATION_CONTEXT() REPRESENTATION_CONTEXT('2D SPACE',''
  ) );
#283 = FACE_BOUND('',#284,.F.);
#284 = EDGE_LOOP('',(#285));
#285 = ORIENTED_EDGE('',*,*,#286,.T.);
#286 = EDGE_CURVE('',#287,#287,#289,.T.);
#287 = VERTEX_POINT('',#288);
#288 = CARTESIAN_POINT('',(-49.25,50.,100.));
#289 = SURFACE_CURVE('',#290,(#295,#306),.PCURVE_S1.);
#290 = CIRCLE('',#291,2.75);
#291 = AXIS2_PLACEMENT_3D('',#292,#293,#294);
#292 = CARTESIAN_POINT('',(-52.,50.,100.));
#293 = DIRECTION('',(0.,-1.,2.22044604925E-16));
#294 = DIRECTION('',(1.,0.,0.));
#295 = PCURVE('',#44,#296);
#296 = DEFINITIONAL_REPRESENTATION('',(#297),#305);
#297 = ( BOUNDED_CURVE() B_SPLINE_CURVE(2,(#298,#299,#300,#301,#302,#303
,#304),.UNSPECIFIED.,.T.,.F.) B_SPLINE_CURVE_WITH_KNOTS((1,2,2,2,2,1),(
    -2.094395102393,0.,2.094395102393,4.188790204786,6.28318530718,
8.377580409573),.UNSPECIFIED.) CURVE() GEOMETRIC_REPRESENTATION_ITEM() 
RATIONAL_B_SPLINE_CURVE((1.,0.5,1.,0.5,1.,0.5,1.)) REPRESENTATION_ITEM(
  '') );
#298 = CARTESIAN_POINT('',(270.,25.75));
#299 = CARTESIAN_POINT('',(274.76313972081,25.75));
#300 = CARTESIAN_POINT('',(272.3815698604,21.625));
#301 = CARTESIAN_POINT('',(270.,17.5));
#302 = CARTESIAN_POINT('',(267.61843013959,21.625));
#303 = CARTESIAN_POINT('',(265.23686027918,25.75));
#304 = CARTESIAN_POINT('',(270.,25.75));
#305 = ( GEOMETRIC_REPRESENTATION_CONTEXT(2) 
PARAMETRIC_REPRESENTATION_CONTEXT() REPRESENTATION_CONTEXT('2D SPACE',''
  ) );
#306 = PCURVE('',#307,#312);
#307 = CYLINDRICAL_SURFACE('',#308,2.75);
#308 = AXIS2_PLACEMENT_3D('',#309,#310,#311);
#309 = CARTESIAN_POINT('',(-52.,63.,100.));
#310 = DIRECTION('',(0.,-1.,2.22044604925E-16));
#311 = DIRECTION('',(1.,0.,0.));
#312 = DEFINITIONAL_REPRESENTATION('',(#313),#317);
#313 = LINE('',#314,#315);
#314 = CARTESIAN_POINT('',(0.,13.));
#315 = VECTOR('',#316,1.);
#316 = DIRECTION('',(1.,0.));
#317 = ( GEOMETRIC_REPRESENTATION_CONTEXT(2) 
PARAMETRIC_REPRESENTATION_CONTEXT() REPRESENTATION_CONTEXT('2D SPACE',''
  ) );
#318 = FACE_BOUND('',#319,.F.);
#319 = EDGE_LOOP('',(#320));
#320 = ORIENTED_EDGE('',*,*,#321,.T.);
#321 = EDGE_CURVE('',#322,#322,#324,.T.);
#322 = VERTEX_POINT('',#323);
#323 = CARTESIAN_POINT('',(-42.25,50.,25.));
#324 = SURFACE_CURVE('',#325,(#330,#341),.PCURVE_S1.);
#325 = CIRCLE('',#326,2.75);
#326 = AXIS2_PLACEMENT_3D('',#327,#328,#329);
#327 = CARTESIAN_POINT('',(-45.,50.,25.));
#328 = DIRECTION('',(0.,-1.,2.22044604925E-16));
#329 = DIRECTION('',(1.,0.,0.));
#330 = PCURVE('',#44,#331);
#331 = DEFINITIONAL_REPRESENTATION('',(#332),#340);
#332 = ( BOUNDED_CURVE() B_SPLINE_CURVE(2,(#333,#334,#335,#336,#337,#338
,#339),.UNSPECIFIED.,.T.,.F.) B_SPLINE_CURVE_WITH_KNOTS((1,2,2,2,2,1),(
    -2.094395102393,0.,2.094395102393,4.188790204786,6.28318530718,
8.377580409573),.UNSPECIFIED.) CURVE() GEOMETRIC_REPRESENTATION_ITEM() 
RATIONAL_B_SPLINE_CURVE((1.,0.5,1.,0.5,1.,0.5,1.)) REPRESENTATION_ITEM(
  '') );
#333 = CARTESIAN_POINT('',(195.,32.75));
#334 = CARTESIAN_POINT('',(199.76313972081,32.75));
#335 = CARTESIAN_POINT('',(197.3815698604,28.625));
#336 = CARTESIAN_POINT('',(195.,24.5));
#337 = CARTESIAN_POINT('',(192.61843013959,28.625));
#338 = CARTESIAN_POINT('',(190.23686027918,32.75));
#339 = CARTESIAN_POINT('',(195.,32.75));
#340 = ( GEOMETRIC_REPRESENTATION_CONTEXT(2) 
PARAMETRIC_REPRESENTATION_CONTEXT() REPRESENTATION_CONTEXT('2D SPACE',''
  ) );
#341 = PCURVE('',#342,#347);
#342 = CYLINDRICAL_SURFACE('',#343,2.75);
#343 = AXIS2_PLACEMENT_3D('',#344,#345,#346);
#344 = CARTESIAN_POINT('',(-45.,63.,25.));
#345 = DIRECTION('',(0.,-1.,2.22044604925E-16));
#346 = DIRECTION('',(1.,0.,0.));
#347 = DEFINITIONAL_REPRESENTATION('',(#348),#352);
#348 = LINE('',#349,#350);
#349 = CARTESIAN_POINT('',(0.,13.));
#350 = VECTOR('',#351,1.);
#351 = DIRECTION('',(1.,0.));
#352 = ( GEOMETRIC_REPRESENTATION_CONTEXT(2) 
PARAMETRIC_REPRESENTATION_CONTEXT() REPRESENTATION_CONTEXT('2D SPACE',''
  ) );
#353 = FACE_BOUND('',#354,.F.);
#354 = EDGE_LOOP('',(#355));
#355 = ORIENTED_EDGE('',*,*,#356,.T.);
#356 = EDGE_CURVE('',#357,#357,#359,.T.);
#357 = VERTEX_POINT('',#358);
#358 = CARTESIAN_POINT('',(-42.25,50.,50.));
#359 = SURFACE_CURVE('',#360,(#365,#376),.PCURVE_S1.);
#360 = CIRCLE('',#361,2.75);
#361 = AXIS2_PLACEMENT_3D('',#362,#363,#364);
#362 = CARTESIAN_POINT('',(-45.,50.,50.));
#363 = DIRECTION('',(0.,-1.,2.22044604925E-16));
#364 = DIRECTION('',(1.,0.,0.));
#365 = PCURVE('',#44,#366);
#366 = DEFINITIONAL_REPRESENTATION('',(#367),#375);
#367 = ( BOUNDED_CURVE() B_SPLINE_CURVE(2,(#368,#369,#370,#371,#372,#373
,#374),.UNSPECIFIED.,.T.,.F.) B_SPLINE_CURVE_WITH_KNOTS((1,2,2,2,2,1),(
    -2.094395102393,0.,2.094395102393,4.188790204786,6.28318530718,
8.377580409573),.UNSPECIFIED.) CURVE() GEOMETRIC_REPRESENTATION_ITEM() 
RATIONAL_B_SPLINE_CURVE((1.,0.5,1.,0.5,1.,0.5,1.)) REPRESENTATION_ITEM(
  '') );
#368 = CARTESIAN_POINT('',(220.,32.75));
#369 = CARTESIAN_POINT('',(224.76313972081,32.75));
#370 = CARTESIAN_POINT('',(222.3815698604,28.625));
#371 = CARTESIAN_POINT('',(220.,24.5));
#372 = CARTESIAN_POINT('',(217.61843013959,28.625));
#373 = CARTESIAN_POINT('',(215.23686027918,32.75));
#374 = CARTESIAN_POINT('',(220.,32.75));
#375 = ( GEOMETRIC_REPRESENTATION_CONTEXT(2) 
PARAMETRIC_REPRESENTATION_CONTEXT() REPRESENTATION_CONTEXT('2D SPACE',''
  ) );
#376 = PCURVE('',#377,#382);
#377 = CYLINDRICAL_SURFACE('',#378,2.75);
#378 = AXIS2_PLACEMENT_3D('',#379,#380,#381);
#379 = CARTESIAN_POINT('',(-45.,63.,50.));
#380 = DIRECTION('',(0.,-1.,2.22044604925E-16));
#381 = DIRECTION('',(1.,0.,0.));
#382 = DEFINITIONAL_REPRESENTATION('',(#383),#387);
#383 = LINE('',#384,#385);
#384 = CARTESIAN_POINT('',(0.,13.));
#385 = VECTOR('',#386,1.);
#386 = DIRECTION('',(1.,0.));
#387 = ( GEOMETRIC_REPRESENTATION_CONTEXT(2) 
PARAMETRIC_REPRESENTATION_CONTEXT() REPRESENTATION_CONTEXT('2D SPACE',''
  ) );
#388 = FACE_BOUND('',#389,.F.);
#389 = EDGE_LOOP('',(#390));
#390 = ORIENTED_EDGE('',*,*,#391,.T.);
#391 = EDGE_CURVE('',#392,#392,#394,.T.);
#392 = VERTEX_POINT('',#393);
#393 = CARTESIAN_POINT('',(-26.75,50.,-160.));
#394 = SURFACE_CURVE('',#395,(#400,#411),.PCURVE_S1.);
#395 = CIRCLE('',#396,3.25);
#396 = AXIS2_PLACEMENT_3D('',#397,#398,#399);
#397 = CARTESIAN_POINT('',(-30.,50.,-160.));
#398 = DIRECTION('',(0.,-1.,2.22044604925E-16));
#399 = DIRECTION('',(1.,0.,0.));
#400 = PCURVE('',#44,#401);
#401 = DEFINITIONAL_REPRESENTATION('',(#402),#410);
#402 = ( BOUNDED_CURVE() B_SPLINE_CURVE(2,(#403,#404,#405,#406,#407,#408
,#409),.UNSPECIFIED.,.T.,.F.) B_SPLINE_CURVE_WITH_KNOTS((1,2,2,2,2,1),(
    -2.094395102393,0.,2.094395102393,4.188790204786,6.28318530718,
8.377580409573),.UNSPECIFIED.) CURVE() GEOMETRIC_REPRESENTATION_ITEM() 
RATIONAL_B_SPLINE_CURVE((1.,0.5,1.,0.5,1.,0.5,1.)) REPRESENTATION_ITEM(
  '') );
#403 = CARTESIAN_POINT('',(10.,48.25));
#404 = CARTESIAN_POINT('',(15.629165124599,48.25));
#405 = CARTESIAN_POINT('',(12.814582562299,43.375));
#406 = CARTESIAN_POINT('',(10.,38.5));
#407 = CARTESIAN_POINT('',(7.185417437701,43.375));
#408 = CARTESIAN_POINT('',(4.370834875401,48.25));
#409 = CARTESIAN_POINT('',(10.,48.25));
#410 = ( GEOMETRIC_REPRESENTATION_CONTEXT(2) 
PARAMETRIC_REPRESENTATION_CONTEXT() REPRESENTATION_CONTEXT('2D SPACE',''
  ) );
#411 = PCURVE('',#412,#417);
#412 = CYLINDRICAL_SURFACE('',#413,3.25);
#413 = AXIS2_PLACEMENT_3D('',#414,#415,#416);
#414 = CARTESIAN_POINT('',(-30.,63.,-160.));
#415 = DIRECTION('',(0.,-1.,2.22044604925E-16));
#416 = DIRECTION('',(1.,0.,0.));
#417 = DEFINITIONAL_REPRESENTATION('',(#418),#422);
#418 = LINE('',#419,#420);
#419 = CARTESIAN_POINT('',(0.,13.));
#420 = VECTOR('',#421,1.);
#421 = DIRECTION('',(1.,0.));
#422 = ( GEOMETRIC_REPRESENTATION_CONTEXT(2) 
PARAMETRIC_REPRESENTATION_CONTEXT() REPRESENTATION_CONTEXT('2D SPACE',''
  ) );
#423 = FACE_BOUND('',#424,.F.);
#424 = EDGE_LOOP('',(#425));
#425 = ORIENTED_EDGE('',*,*,#426,.T.);
#426 = EDGE_CURVE('',#427,#427,#429,.T.);
#427 = VERTEX_POINT('',#428);
#428 = CARTESIAN_POINT('',(-13.35,50.,-10.));
#429 = SURFACE_CURVE('',#430,(#435,#446),.PCURVE_S1.);
#430 = CIRCLE('',#431,1.65);
#431 = AXIS2_PLACEMENT_3D('',#432,#433,#434);
#432 = CARTESIAN_POINT('',(-15.,50.,-10.));
#433 = DIRECTION('',(0.,-1.,2.22044604925E-16));
#434 = DIRECTION('',(1.,0.,0.));
#435 = PCURVE('',#44,#436);
#436 = DEFINITIONAL_REPRESENTATION('',(#437),#445);
#437 = ( BOUNDED_CURVE() B_SPLINE_CURVE(2,(#438,#439,#440,#441,#442,#443
,#444),.UNSPECIFIED.,.T.,.F.) B_SPLINE_CURVE_WITH_KNOTS((1,2,2,2,2,1),(
    -2.094395102393,0.,2.094395102393,4.188790204786,6.28318530718,
8.377580409573),.UNSPECIFIED.) CURVE() GEOMETRIC_REPRESENTATION_ITEM() 
RATIONAL_B_SPLINE_CURVE((1.,0.5,1.,0.5,1.,0.5,1.)) REPRESENTATION_ITEM(
  '') );
#438 = CARTESIAN_POINT('',(160.,61.65));
#439 = CARTESIAN_POINT('',(162.85788383248,61.65));
#440 = CARTESIAN_POINT('',(161.42894191624,59.175));
#441 = CARTESIAN_POINT('',(160.,56.7));
#442 = CARTESIAN_POINT('',(158.57105808375,59.175));
#443 = CARTESIAN_POINT('',(157.14211616751,61.65));
#444 = CARTESIAN_POINT('',(160.,61.65));
#445 = ( GEOMETRIC_REPRESENTATION_CONTEXT(2) 
PARAMETRIC_REPRESENTATION_CONTEXT() REPRESENTATION_CONTEXT('2D SPACE',''
  ) );
#446 = PCURVE('',#447,#452);
#447 = CYLINDRICAL_SURFACE('',#448,1.65);
#448 = AXIS2_PLACEMENT_3D('',#449,#450,#451);
#449 = CARTESIAN_POINT('',(-15.,60.,-10.));
#450 = DIRECTION('',(0.,-1.,2.22044604925E-16));
#451 = DIRECTION('',(1.,0.,0.));
#452 = DEFINITIONAL_REPRESENTATION('',(#453),#457);
#453 = LINE('',#454,#455);
#454 = CARTESIAN_POINT('',(0.,10.));
#455 = VECTOR('',#456,1.);
#456 = DIRECTION('',(1.,0.));
#457 = ( GEOMETRIC_REPRESENTATION_CONTEXT(2) 
PARAMETRIC_REPRESENTATION_CONTEXT() REPRESENTATION_CONTEXT('2D SPACE',''
  ) );
#458 = FACE_BOUND('',#459,.F.);
#459 = EDGE_LOOP('',(#460));
#460 = ORIENTED_EDGE('',*,*,#461,.T.);
#461 = EDGE_CURVE('',#462,#462,#464,.T.);
#462 = VERTEX_POINT('',#463);
#463 = CARTESIAN_POINT('',(-49.25,50.,200.));
#464 = SURFACE_CURVE('',#465,(#470,#481),.PCURVE_S1.);
#465 = CIRCLE('',#466,2.75);
#466 = AXIS2_PLACEMENT_3D('',#467,#468,#469);
#467 = CARTESIAN_POINT('',(-52.,50.,200.));
#468 = DIRECTION('',(0.,-1.,2.22044604925E-16));
#469 = DIRECTION('',(1.,0.,0.));
#470 = PCURVE('',#44,#471);
#471 = DEFINITIONAL_REPRESENTATION('',(#472),#480);
#472 = ( BOUNDED_CURVE() B_SPLINE_CURVE(2,(#473,#474,#475,#476,#477,#478
,#479),.UNSPECIFIED.,.T.,.F.) B_SPLINE_CURVE_WITH_KNOTS((1,2,2,2,2,1),(
    -2.094395102393,0.,2.094395102393,4.188790204786,6.28318530718,
8.377580409573),.UNSPECIFIED.) CURVE() GEOMETRIC_REPRESENTATION_ITEM() 
RATIONAL_B_SPLINE_CURVE((1.,0.5,1.,0.5,1.,0.5,1.)) REPRESENTATION_ITEM(
  '') );
#473 = CARTESIAN_POINT('',(370.,25.75));
#474 = CARTESIAN_POINT('',(374.76313972081,25.75));
#475 = CARTESIAN_POINT('',(372.3815698604,21.625));
#476 = CARTESIAN_POINT('',(370.,17.5));
#477 = CARTESIAN_POINT('',(367.61843013959,21.625));
#478 = CARTESIAN_POINT('',(365.23686027918,25.75));
#479 = CARTESIAN_POINT('',(370.,25.75));
#480 = ( GEOMETRIC_REPRESENTATION_CONTEXT(2) 
PARAMETRIC_REPRESENTATION_CONTEXT() REPRESENTATION_CONTEXT('2D SPACE',''
  ) );
#481 = PCURVE('',#482,#487);
#482 = CYLINDRICAL_SURFACE('',#483,2.75);
#483 = AXIS2_PLACEMENT_3D('',#484,#485,#486);
#484 = CARTESIAN_POINT('',(-52.,63.,200.));
#485 = DIRECTION('',(0.,-1.,2.22044604925E-16));
#486 = DIRECTION('',(1.,0.,0.));
#487 = DEFINITIONAL_REPRESENTATION('',(#488),#492);
#488 = LINE('',#489,#490);
#489 = CARTESIAN_POINT('',(0.,13.));
#490 = VECTOR('',#491,1.);
#491 = DIRECTION('',(1.,0.));
#492 = ( GEOMETRIC_REPRESENTATION_CONTEXT(2) 
PARAMETRIC_REPRESENTATION_CONTEXT() REPRESENTATION_CONTEXT('2D SPACE',''
  ) );
#493 = FACE_BOUND('',#494,.F.);
#494 = EDGE_LOOP('',(#495));
#495 = ORIENTED_EDGE('',*,*,#496,.T.);
#496 = EDGE_CURVE('',#497,#497,#499,.T.);
#497 = VERTEX_POINT('',#498);
#498 = CARTESIAN_POINT('',(-58.75,50.,398.));
#499 = SURFACE_CURVE('',#500,(#505,#516),.PCURVE_S1.);
#500 = CIRCLE('',#501,3.25);
#501 = AXIS2_PLACEMENT_3D('',#502,#503,#504);
#502 = CARTESIAN_POINT('',(-62.,50.,398.));
#503 = DIRECTION('',(0.,-1.,2.22044604925E-16));
#504 = DIRECTION('',(1.,0.,0.));
#505 = PCURVE('',#44,#506);
#506 = DEFINITIONAL_REPRESENTATION('',(#507),#515);
#507 = ( BOUNDED_CURVE() B_SPLINE_CURVE(2,(#508,#509,#510,#511,#512,#513
,#514),.UNSPECIFIED.,.T.,.F.) B_SPLINE_CURVE_WITH_KNOTS((1,2,2,2,2,1),(
    -2.094395102393,0.,2.094395102393,4.188790204786,6.28318530718,
8.377580409573),.UNSPECIFIED.) CURVE() GEOMETRIC_REPRESENTATION_ITEM() 
RATIONAL_B_SPLINE_CURVE((1.,0.5,1.,0.5,1.,0.5,1.)) REPRESENTATION_ITEM(
  '') );
#508 = CARTESIAN_POINT('',(568.,16.25));
#509 = CARTESIAN_POINT('',(573.62916512459,16.25));
#510 = CARTESIAN_POINT('',(570.81458256229,11.375));
#511 = CARTESIAN_POINT('',(568.,6.5));
#512 = CARTESIAN_POINT('',(565.1854174377,11.375));
#513 = CARTESIAN_POINT('',(562.3708348754,16.25));
#514 = CARTESIAN_POINT('',(568.,16.25));
#515 = ( GEOMETRIC_REPRESENTATION_CONTEXT(2) 
PARAMETRIC_REPRESENTATION_CONTEXT() REPRESENTATION_CONTEXT('2D SPACE',''
  ) );
#516 = PCURVE('',#517,#522);
#517 = CYLINDRICAL_SURFACE('',#518,3.25);
#518 = AXIS2_PLACEMENT_3D('',#519,#520,#521);
#519 = CARTESIAN_POINT('',(-62.,63.,398.));
#520 = DIRECTION('',(0.,-1.,2.22044604925E-16));
#521 = DIRECTION('',(1.,0.,0.));
#522 = DEFINITIONAL_REPRESENTATION('',(#523),#527);
#523 = LINE('',#524,#525);
#524 = CARTESIAN_POINT('',(0.,13.));
#525 = VECTOR('',#526,1.);
#526 = DIRECTION('',(1.,0.));
#527 = ( GEOMETRIC_REPRESENTATION_CONTEXT(2) 
PARAMETRIC_REPRESENTATION_CONTEXT() REPRESENTATION_CONTEXT('2D SPACE',''
  ) );
#528 = FACE_BOUND('',#529,.F.);
#529 = EDGE_LOOP('',(#530));
#530 = ORIENTED_EDGE('',*,*,#531,.T.);
#531 = EDGE_CURVE('',#532,#532,#534,.T.);
#532 = VERTEX_POINT('',#533);
#533 = CARTESIAN_POINT('',(-13.25,50.,374.));
#534 = SURFACE_CURVE('',#535,(#540,#551),.PCURVE_S1.);
#535 = CIRCLE('',#536,2.75);
#536 = AXIS2_PLACEMENT_3D('',#537,#538,#539);
#537 = CARTESIAN_POINT('',(-16.,50.,374.));
#538 = DIRECTION('',(0.,-1.,2.22044604925E-16));
#539 = DIRECTION('',(1.,0.,0.));
#540 = PCURVE('',#44,#541);
#541 = DEFINITIONAL_REPRESENTATION('',(#542),#550);
#542 = ( BOUNDED_CURVE() B_SPLINE_CURVE(2,(#543,#544,#545,#546,#547,#548
,#549),.UNSPECIFIED.,.T.,.F.) B_SPLINE_CURVE_WITH_KNOTS((1,2,2,2,2,1),(
    -2.094395102393,0.,2.094395102393,4.188790204786,6.28318530718,
8.377580409573),.UNSPECIFIED.) CURVE() GEOMETRIC_REPRESENTATION_ITEM() 
RATIONAL_B_SPLINE_CURVE((1.,0.5,1.,0.5,1.,0.5,1.)) REPRESENTATION_ITEM(
  '') );
#543 = CARTESIAN_POINT('',(544.,61.75));
#544 = CARTESIAN_POINT('',(548.76313972081,61.75));
#545 = CARTESIAN_POINT('',(546.3815698604,57.625));
#546 = CARTESIAN_POINT('',(544.,53.5));
#547 = CARTESIAN_POINT('',(541.61843013959,57.625));
#548 = CARTESIAN_POINT('',(539.23686027918,61.75));
#549 = CARTESIAN_POINT('',(544.,61.75));
#550 = ( GEOMETRIC_REPRESENTATION_CONTEXT(2) 
PARAMETRIC_REPRESENTATION_CONTEXT() REPRESENTATION_CONTEXT('2D SPACE',''
  ) );
#551 = PCURVE('',#552,#557);
#552 = CYLINDRICAL_SURFACE('',#553,2.75);
#553 = AXIS2_PLACEMENT_3D('',#554,#555,#556);
#554 = CARTESIAN_POINT('',(-16.,63.,374.));
#555 = DIRECTION('',(0.,-1.,2.22044604925E-16));
#556 = DIRECTION('',(1.,0.,0.));
#557 = DEFINITIONAL_REPRESENTATION('',(#558),#562);
#558 = LINE('',#559,#560);
#559 = CARTESIAN_POINT('',(0.,13.));
#560 = VECTOR('',#561,1.);
#561 = DIRECTION('',(1.,0.));
#562 = ( GEOMETRIC_REPRESENTATION_CONTEXT(2) 
PARAMETRIC_REPRESENTATION_CONTEXT() REPRESENTATION_CONTEXT('2D SPACE',''
  ) );
#563 = FACE_BOUND('',#564,.F.);
#564 = EDGE_LOOP('',(#565));
#565 = ORIENTED_EDGE('',*,*,#566,.T.);
#566 = EDGE_CURVE('',#567,#567,#569,.T.);
#567 = VERTEX_POINT('',#568);
#568 = CARTESIAN_POINT('',(33.25,50.,-160.));
#569 = SURFACE_CURVE('',#570,(#575,#586),.PCURVE_S1.);
#570 = CIRCLE('',#571,3.25);
#571 = AXIS2_PLACEMENT_3D('',#572,#573,#574);
#572 = CARTESIAN_POINT('',(30.,50.,-160.));
#573 = DIRECTION('',(0.,-1.,2.22044604925E-16));
#574 = DIRECTION('',(1.,0.,0.));
#575 = PCURVE('',#44,#576);
#576 = DEFINITIONAL_REPRESENTATION('',(#577),#585);
#577 = ( BOUNDED_CURVE() B_SPLINE_CURVE(2,(#578,#579,#580,#581,#582,#583
,#584),.UNSPECIFIED.,.T.,.F.) B_SPLINE_CURVE_WITH_KNOTS((1,2,2,2,2,1),(
    -2.094395102393,0.,2.094395102393,4.188790204786,6.28318530718,
8.377580409573),.UNSPECIFIED.) CURVE() GEOMETRIC_REPRESENTATION_ITEM() 
RATIONAL_B_SPLINE_CURVE((1.,0.5,1.,0.5,1.,0.5,1.)) REPRESENTATION_ITEM(
  '') );
#578 = CARTESIAN_POINT('',(10.,108.25));
#579 = CARTESIAN_POINT('',(15.629165124599,108.25));
#580 = CARTESIAN_POINT('',(12.814582562299,103.375));
#581 = CARTESIAN_POINT('',(10.,98.5));
#582 = CARTESIAN_POINT('',(7.185417437701,103.375));
#583 = CARTESIAN_POINT('',(4.370834875401,108.25));
#584 = CARTESIAN_POINT('',(10.,108.25));
#585 = ( GEOMETRIC_REPRESENTATION_CONTEXT(2) 
PARAMETRIC_REPRESENTATION_CONTEXT() REPRESENTATION_CONTEXT('2D SPACE',''
  ) );
#586 = PCURVE('',#587,#592);
#587 = CYLINDRICAL_SURFACE('',#588,3.25);
#588 = AXIS2_PLACEMENT_3D('',#589,#590,#591);
#589 = CARTESIAN_POINT('',(30.,63.,-160.));
#590 = DIRECTION('',(0.,-1.,2.22044604925E-16));
#591 = DIRECTION('',(1.,0.,0.));
#592 = DEFINITIONAL_REPRESENTATION('',(#593),#597);
#593 = LINE('',#594,#595);
#594 = CARTESIAN_POINT('',(0.,13.));
#595 = VECTOR('',#596,1.);
#596 = DIRECTION('',(1.,0.));
#597 = ( GEOMETRIC_REPRESENTATION_CONTEXT(2) 
PARAMETRIC_REPRESENTATION_CONTEXT() REPRESENTATION_CONTEXT('2D SPACE',''
  ) );
#598 = FACE_BOUND('',#599,.F.);
#599 = EDGE_LOOP('',(#600));
#600 = ORIENTED_EDGE('',*,*,#601,.T.);
#601 = EDGE_CURVE('',#602,#602,#604,.T.);
#602 = VERTEX_POINT('',#603);
#603 = CARTESIAN_POINT('',(16.65,50.,-10.));
#604 = SURFACE_CURVE('',#605,(#610,#621),.PCURVE_S1.);
#605 = CIRCLE('',#606,1.65);
#606 = AXIS2_PLACEMENT_3D('',#607,#608,#609);
#607 = CARTESIAN_POINT('',(15.,50.,-10.));
#608 = DIRECTION('',(0.,-1.,2.22044604925E-16));
#609 = DIRECTION('',(1.,0.,0.));
#610 = PCURVE('',#44,#611);
#611 = DEFINITIONAL_REPRESENTATION('',(#612),#620);
#612 = ( BOUNDED_CURVE() B_SPLINE_CURVE(2,(#613,#614,#615,#616,#617,#618
,#619),.UNSPECIFIED.,.T.,.F.) B_SPLINE_CURVE_WITH_KNOTS((1,2,2,2,2,1),(
    -2.094395102393,0.,2.094395102393,4.188790204786,6.28318530718,
8.377580409573),.UNSPECIFIED.) CURVE() GEOMETRIC_REPRESENTATION_ITEM() 
RATIONAL_B_SPLINE_CURVE((1.,0.5,1.,0.5,1.,0.5,1.)) REPRESENTATION_ITEM(
  '') );
#613 = CARTESIAN_POINT('',(160.,91.65));
#614 = CARTESIAN_POINT('',(162.85788383248,91.65));
#615 = CARTESIAN_POINT('',(161.42894191624,89.175));
#616 = CARTESIAN_POINT('',(160.,86.7));
#617 = CARTESIAN_POINT('',(158.57105808375,89.175));
#618 = CARTESIAN_POINT('',(157.14211616751,91.65));
#619 = CARTESIAN_POINT('',(160.,91.65));
#620 = ( GEOMETRIC_REPRESENTATION_CONTEXT(2) 
PARAMETRIC_REPRESENTATION_CONTEXT() REPRESENTATION_CONTEXT('2D SPACE',''
  ) );
#621 = PCURVE('',#622,#627);
#622 = CYLINDRICAL_SURFACE('',#623,1.65);
#623 = AXIS2_PLACEMENT_3D('',#624,#625,#626);
#624 = CARTESIAN_POINT('',(15.,60.,-10.));
#625 = DIRECTION('',(0.,-1.,2.22044604925E-16));
#626 = DIRECTION('',(1.,0.,0.));
#627 = DEFINITIONAL_REPRESENTATION('',(#628),#632);
#628 = LINE('',#629,#630);
#629 = CARTESIAN_POINT('',(0.,10.));
#630 = VECTOR('',#631,1.);
#631 = DIRECTION('',(1.,0.));
#632 = ( GEOMETRIC_REPRESENTATION_CONTEXT(2) 
PARAMETRIC_REPRESENTATION_CONTEXT() REPRESENTATION_CONTEXT('2D SPACE',''
  ) );
#633 = FACE_BOUND('',#634,.F.);
#634 = EDGE_LOOP('',(#635));
#635 = ORIENTED_EDGE('',*,*,#636,.T.);
#636 = EDGE_CURVE('',#637,#637,#639,.T.);
#637 = VERTEX_POINT('',#638);
#638 = CARTESIAN_POINT('',(64.1,50.,-151.));
#639 = SURFACE_CURVE('',#640,(#645,#656),.PCURVE_S1.);
#640 = CIRCLE('',#641,2.1);
#641 = AXIS2_PLACEMENT_3D('',#642,#643,#644);
#642 = CARTESIAN_POINT('',(62.,50.,-151.));
#643 = DIRECTION('',(0.,-1.,2.22044604925E-16));
#644 = DIRECTION('',(1.,0.,0.));
#645 = PCURVE('',#44,#646);
#646 = DEFINITIONAL_REPRESENTATION('',(#647),#655);
#647 = ( BOUNDED_CURVE() B_SPLINE_CURVE(2,(#648,#649,#650,#651,#652,#653
,#654),.UNSPECIFIED.,.T.,.F.) B_SPLINE_CURVE_WITH_KNOTS((1,2,2,2,2,1),(
    -2.094395102393,0.,2.094395102393,4.188790204786,6.28318530718,
8.377580409573),.UNSPECIFIED.) CURVE() GEOMETRIC_REPRESENTATION_ITEM() 
RATIONAL_B_SPLINE_CURVE((1.,0.5,1.,0.5,1.,0.5,1.)) REPRESENTATION_ITEM(
  '') );
#648 = CARTESIAN_POINT('',(19.,139.1));
#649 = CARTESIAN_POINT('',(22.637306695895,139.1));
#650 = CARTESIAN_POINT('',(20.818653347947,135.95));
#651 = CARTESIAN_POINT('',(19.,132.8));
#652 = CARTESIAN_POINT('',(17.181346652053,135.95));
#653 = CARTESIAN_POINT('',(15.362693304105,139.1));
#654 = CARTESIAN_POINT('',(19.,139.1));
#655 = ( GEOMETRIC_REPRESENTATION_CONTEXT(2) 
PARAMETRIC_REPRESENTATION_CONTEXT() REPRESENTATION_CONTEXT('2D SPACE',''
  ) );
#656 = PCURVE('',#657,#662);
#657 = CYLINDRICAL_SURFACE('',#658,2.1);
#658 = AXIS2_PLACEMENT_3D('',#659,#660,#661);
#659 = CARTESIAN_POINT('',(62.,60.,-151.));
#660 = DIRECTION('',(0.,-1.,2.22044604925E-16));
#661 = DIRECTION('',(1.,0.,0.));
#662 = DEFINITIONAL_REPRESENTATION('',(#663),#667);
#663 = LINE('',#664,#665);
#664 = CARTESIAN_POINT('',(0.,10.));
#665 = VECTOR('',#666,1.);
#666 = DIRECTION('',(1.,0.));
#667 = ( GEOMETRIC_REPRESENTATION_CONTEXT(2) 
PARAMETRIC_REPRESENTATION_CONTEXT() REPRESENTATION_CONTEXT('2D SPACE',''
  ) );
#668 = FACE_BOUND('',#669,.F.);
#669 = EDGE_LOOP('',(#670));
#670 = ORIENTED_EDGE('',*,*,#671,.T.);
#671 = EDGE_CURVE('',#672,#672,#674,.T.);
#672 = VERTEX_POINT('',#673);
#673 = CARTESIAN_POINT('',(47.75,50.,25.));
#674 = SURFACE_CURVE('',#675,(#680,#691),.PCURVE_S1.);
#675 = CIRCLE('',#676,2.75);
#676 = AXIS2_PLACEMENT_3D('',#677,#678,#679);
#677 = CARTESIAN_POINT('',(45.,50.,25.));
#678 = DIRECTION('',(0.,-1.,2.22044604925E-16));
#679 = DIRECTION('',(1.,0.,0.));
#680 = PCURVE('',#44,#681);
#681 = DEFINITIONAL_REPRESENTATION('',(#682),#690);
#682 = ( BOUNDED_CURVE() B_SPLINE_CURVE(2,(#683,#684,#685,#686,#687,#688
,#689),.UNSPECIFIED.,.T.,.F.) B_SPLINE_CURVE_WITH_KNOTS((1,2,2,2,2,1),(
    -2.094395102393,0.,2.094395102393,4.188790204786,6.28318530718,
8.377580409573),.UNSPECIFIED.) CURVE() GEOMETRIC_REPRESENTATION_ITEM() 
RATIONAL_B_SPLINE_CURVE((1.,0.5,1.,0.5,1.,0.5,1.)) REPRESENTATION_ITEM(
  '') );
#683 = CARTESIAN_POINT('',(195.,122.75));
#684 = CARTESIAN_POINT('',(199.76313972081,122.75));
#685 = CARTESIAN_POINT('',(197.3815698604,118.625));
#686 = CARTESIAN_POINT('',(195.,114.5));
#687 = CARTESIAN_POINT('',(192.61843013959,118.625));
#688 = CARTESIAN_POINT('',(190.23686027918,122.75));
#689 = CARTESIAN_POINT('',(195.,122.75));
#690 = ( GEOMETRIC_REPRESENTATION_CONTEXT(2) 
PARAMETRIC_REPRESENTATION_CONTEXT() REPRESENTATION_CONTEXT('2D SPACE',''
  ) );
#691 = PCURVE('',#692,#697);
#692 = CYLINDRICAL_SURFACE('',#693,2.75);
#693 = AXIS2_PLACEMENT_3D('',#694,#695,#696);
#694 = CARTESIAN_POINT('',(45.,63.,25.));
#695 = DIRECTION('',(0.,-1.,2.22044604925E-16));
#696 = DIRECTION('',(1.,0.,0.));
#697 = DEFINITIONAL_REPRESENTATION('',(#698),#702);
#698 = LINE('',#699,#700);
#699 = CARTESIAN_POINT('',(0.,13.));
#700 = VECTOR('',#701,1.);
#701 = DIRECTION('',(1.,0.));
#702 = ( GEOMETRIC_REPRESENTATION_CONTEXT(2) 
PARAMETRIC_REPRESENTATION_CONTEXT() REPRESENTATION_CONTEXT('2D SPACE',''
  ) );
#703 = FACE_BOUND('',#704,.F.);
#704 = EDGE_LOOP('',(#705));
#705 = ORIENTED_EDGE('',*,*,#706,.T.);
#706 = EDGE_CURVE('',#707,#707,#709,.T.);
#707 = VERTEX_POINT('',#708);
#708 = CARTESIAN_POINT('',(47.75,50.,50.));
#709 = SURFACE_CURVE('',#710,(#715,#726),.PCURVE_S1.);
#710 = CIRCLE('',#711,2.75);
#711 = AXIS2_PLACEMENT_3D('',#712,#713,#714);
#712 = CARTESIAN_POINT('',(45.,50.,50.));
#713 = DIRECTION('',(0.,-1.,2.22044604925E-16));
#714 = DIRECTION('',(1.,0.,0.));
#715 = PCURVE('',#44,#716);
#716 = DEFINITIONAL_REPRESENTATION('',(#717),#725);
#717 = ( BOUNDED_CURVE() B_SPLINE_CURVE(2,(#718,#719,#720,#721,#722,#723
,#724),.UNSPECIFIED.,.T.,.F.) B_SPLINE_CURVE_WITH_KNOTS((1,2,2,2,2,1),(
    -2.094395102393,0.,2.094395102393,4.188790204786,6.28318530718,
8.377580409573),.UNSPECIFIED.) CURVE() GEOMETRIC_REPRESENTATION_ITEM() 
RATIONAL_B_SPLINE_CURVE((1.,0.5,1.,0.5,1.,0.5,1.)) REPRESENTATION_ITEM(
  '') );
#718 = CARTESIAN_POINT('',(220.,122.75));
#719 = CARTESIAN_POINT('',(224.76313972081,122.75));
#720 = CARTESIAN_POINT('',(222.3815698604,118.625));
#721 = CARTESIAN_POINT('',(220.,114.5));
#722 = CARTESIAN_POINT('',(217.61843013959,118.625));
#723 = CARTESIAN_POINT('',(215.23686027918,122.75));
#724 = CARTESIAN_POINT('',(220.,122.75));
#725 = ( GEOMETRIC_REPRESENTATION_CONTEXT(2) 
PARAMETRIC_REPRESENTATION_CONTEXT() REPRESENTATION_CONTEXT('2D SPACE',''
  ) );
#726 = PCURVE('',#727,#732);
#727 = CYLINDRICAL_SURFACE('',#728,2.75);
#728 = AXIS2_PLACEMENT_3D('',#729,#730,#731);
#729 = CARTESIAN_POINT('',(45.,63.,50.));
#730 = DIRECTION('',(0.,-1.,2.22044604925E-16));
#731 = DIRECTION('',(1.,0.,0.));
#732 = DEFINITIONAL_REPRESENTATION('',(#733),#737);
#733 = LINE('',#734,#735);
#734 = CARTESIAN_POINT('',(0.,13.));
#735 = VECTOR('',#736,1.);
#736 = DIRECTION('',(1.,0.));
#737 = ( GEOMETRIC_REPRESENTATION_CONTEXT(2) 
PARAMETRIC_REPRESENTATION_CONTEXT() REPRESENTATION_CONTEXT('2D SPACE',''
  ) );
#738 = FACE_BOUND('',#739,.F.);
#739 = EDGE_LOOP('',(#740));
#740 = ORIENTED_EDGE('',*,*,#741,.T.);
#741 = EDGE_CURVE('',#742,#742,#744,.T.);
#742 = VERTEX_POINT('',#743);
#743 = CARTESIAN_POINT('',(64.1,50.,-19.));
#744 = SURFACE_CURVE('',#745,(#750,#761),.PCURVE_S1.);
#745 = CIRCLE('',#746,2.1);
#746 = AXIS2_PLACEMENT_3D('',#747,#748,#749);
#747 = CARTESIAN_POINT('',(62.,50.,-19.));
#748 = DIRECTION('',(0.,-1.,2.22044604925E-16));
#749 = DIRECTION('',(1.,0.,0.));
#750 = PCURVE('',#44,#751);
#751 = DEFINITIONAL_REPRESENTATION('',(#752),#760);
#752 = ( BOUNDED_CURVE() B_SPLINE_CURVE(2,(#753,#754,#755,#756,#757,#758
,#759),.UNSPECIFIED.,.T.,.F.) B_SPLINE_CURVE_WITH_KNOTS((1,2,2,2,2,1),(
    -2.094395102393,0.,2.094395102393,4.188790204786,6.28318530718,
8.377580409573),.UNSPECIFIED.) CURVE() GEOMETRIC_REPRESENTATION_ITEM() 
RATIONAL_B_SPLINE_CURVE((1.,0.5,1.,0.5,1.,0.5,1.)) REPRESENTATION_ITEM(
  '') );
#753 = CARTESIAN_POINT('',(151.,139.1));
#754 = CARTESIAN_POINT('',(154.63730669589,139.1));
#755 = CARTESIAN_POINT('',(152.81865334794,135.95));
#756 = CARTESIAN_POINT('',(151.,132.8));
#757 = CARTESIAN_POINT('',(149.18134665205,135.95));
#758 = CARTESIAN_POINT('',(147.3626933041,139.1));
#759 = CARTESIAN_POINT('',(151.,139.1));
#760 = ( GEOMETRIC_REPRESENTATION_CONTEXT(2) 
PARAMETRIC_REPRESENTATION_CONTEXT() REPRESENTATION_CONTEXT('2D SPACE',''
  ) );
#761 = PCURVE('',#762,#767);
#762 = CYLINDRICAL_SURFACE('',#763,2.1);
#763 = AXIS2_PLACEMENT_3D('',#764,#765,#766);
#764 = CARTESIAN_POINT('',(62.,60.,-19.));
#765 = DIRECTION('',(0.,-1.,2.22044604925E-16));
#766 = DIRECTION('',(1.,0.,0.));
#767 = DEFINITIONAL_REPRESENTATION('',(#768),#772);
#768 = LINE('',#769,#770);
#769 = CARTESIAN_POINT('',(0.,10.));
#770 = VECTOR('',#771,1.);
#771 = DIRECTION('',(1.,0.));
#772 = ( GEOMETRIC_REPRESENTATION_CONTEXT(2) 
PARAMETRIC_REPRESENTATION_CONTEXT() REPRESENTATION_CONTEXT('2D SPACE',''
  ) );
#773 = FACE_BOUND('',#774,.F.);
#774 = EDGE_LOOP('',(#775));
#775 = ORIENTED_EDGE('',*,*,#776,.T.);
#776 = EDGE_CURVE('',#777,#777,#779,.T.);
#777 = VERTEX_POINT('',#778);
#778 = CARTESIAN_POINT('',(54.75,50.,100.));
#779 = SURFACE_CURVE('',#780,(#785,#796),.PCURVE_S1.);
#780 = CIRCLE('',#781,2.75);
#781 = AXIS2_PLACEMENT_3D('',#782,#783,#784);
#782 = CARTESIAN_POINT('',(52.,50.,100.));
#783 = DIRECTION('',(0.,-1.,2.22044604925E-16));
#784 = DIRECTION('',(1.,0.,0.));
#785 = PCURVE('',#44,#786);
#786 = DEFINITIONAL_REPRESENTATION('',(#787),#795);
#787 = ( BOUNDED_CURVE() B_SPLINE_CURVE(2,(#788,#789,#790,#791,#792,#793
,#794),.UNSPECIFIED.,.T.,.F.) B_SPLINE_CURVE_WITH_KNOTS((1,2,2,2,2,1),(
    -2.094395102393,0.,2.094395102393,4.188790204786,6.28318530718,
8.377580409573),.UNSPECIFIED.) CURVE() GEOMETRIC_REPRESENTATION_ITEM() 
RATIONAL_B_SPLINE_CURVE((1.,0.5,1.,0.5,1.,0.5,1.)) REPRESENTATION_ITEM(
  '') );
#788 = CARTESIAN_POINT('',(270.,129.75));
#789 = CARTESIAN_POINT('',(274.76313972081,129.75));
#790 = CARTESIAN_POINT('',(272.3815698604,125.625));
#791 = CARTESIAN_POINT('',(270.,121.5));
#792 = CARTESIAN_POINT('',(267.61843013959,125.625));
#793 = CARTESIAN_POINT('',(265.23686027918,129.75));
#794 = CARTESIAN_POINT('',(270.,129.75));
#795 = ( GEOMETRIC_REPRESENTATION_CONTEXT(2) 
PARAMETRIC_REPRESENTATION_CONTEXT() REPRESENTATION_CONTEXT('2D SPACE',''
  ) );
#796 = PCURVE('',#797,#802);
#797 = CYLINDRICAL_SURFACE('',#798,2.75);
#798 = AXIS2_PLACEMENT_3D('',#799,#800,#801);
#799 = CARTESIAN_POINT('',(52.,63.,100.));
#800 = DIRECTION('',(0.,-1.,2.22044604925E-16));
#801 = DIRECTION('',(1.,0.,0.));
#802 = DEFINITIONAL_REPRESENTATION('',(#803),#807);
#803 = LINE('',#804,#805);
#804 = CARTESIAN_POINT('',(0.,13.));
#805 = VECTOR('',#806,1.);
#806 = DIRECTION('',(1.,0.));
#807 = ( GEOMETRIC_REPRESENTATION_CONTEXT(2) 
PARAMETRIC_REPRESENTATION_CONTEXT() REPRESENTATION_CONTEXT('2D SPACE',''
  ) );
#808 = FACE_BOUND('',#809,.F.);
#809 = EDGE_LOOP('',(#810));
#810 = ORIENTED_EDGE('',*,*,#811,.T.);
#811 = EDGE_CURVE('',#812,#812,#814,.T.);
#812 = VERTEX_POINT('',#813);
#813 = CARTESIAN_POINT('',(18.75,50.,374.));
#814 = SURFACE_CURVE('',#815,(#820,#831),.PCURVE_S1.);
#815 = CIRCLE('',#816,2.75);
#816 = AXIS2_PLACEMENT_3D('',#817,#818,#819);
#817 = CARTESIAN_POINT('',(16.,50.,374.));
#818 = DIRECTION('',(0.,-1.,2.22044604925E-16));
#819 = DIRECTION('',(1.,0.,0.));
#820 = PCURVE('',#44,#821);
#821 = DEFINITIONAL_REPRESENTATION('',(#822),#830);
#822 = ( BOUNDED_CURVE() B_SPLINE_CURVE(2,(#823,#824,#825,#826,#827,#828
,#829),.UNSPECIFIED.,.T.,.F.) B_SPLINE_CURVE_WITH_KNOTS((1,2,2,2,2,1),(
    -2.094395102393,0.,2.094395102393,4.188790204786,6.28318530718,
8.377580409573),.UNSPECIFIED.) CURVE() GEOMETRIC_REPRESENTATION_ITEM() 
RATIONAL_B_SPLINE_CURVE((1.,0.5,1.,0.5,1.,0.5,1.)) REPRESENTATION_ITEM(
  '') );
#823 = CARTESIAN_POINT('',(544.,93.75));
#824 = CARTESIAN_POINT('',(548.76313972081,93.75));
#825 = CARTESIAN_POINT('',(546.3815698604,89.625));
#826 = CARTESIAN_POINT('',(544.,85.5));
#827 = CARTESIAN_POINT('',(541.61843013959,89.625));
#828 = CARTESIAN_POINT('',(539.23686027918,93.75));
#829 = CARTESIAN_POINT('',(544.,93.75));
#830 = ( GEOMETRIC_REPRESENTATION_CONTEXT(2) 
PARAMETRIC_REPRESENTATION_CONTEXT() REPRESENTATION_CONTEXT('2D SPACE',''
  ) );
#831 = PCURVE('',#832,#837);
#832 = CYLINDRICAL_SURFACE('',#833,2.75);
#833 = AXIS2_PLACEMENT_3D('',#834,#835,#836);
#834 = CARTESIAN_POINT('',(16.,63.,374.));
#835 = DIRECTION('',(0.,-1.,2.22044604925E-16));
#836 = DIRECTION('',(1.,0.,0.));
#837 = DEFINITIONAL_REPRESENTATION('',(#838),#842);
#838 = LINE('',#839,#840);
#839 = CARTESIAN_POINT('',(0.,13.));
#840 = VECTOR('',#841,1.);
#841 = DIRECTION('',(1.,0.));
#842 = ( GEOMETRIC_REPRESENTATION_CONTEXT(2) 
PARAMETRIC_REPRESENTATION_CONTEXT() REPRESENTATION_CONTEXT('2D SPACE',''
  ) );
#843 = FACE_BOUND('',#844,.F.);
#844 = EDGE_LOOP('',(#845));
#845 = ORIENTED_EDGE('',*,*,#846,.T.);
#846 = EDGE_CURVE('',#847,#847,#849,.T.);
#847 = VERTEX_POINT('',#848);
#848 = CARTESIAN_POINT('',(54.75,50.,200.));
#849 = SURFACE_CURVE('',#850,(#855,#866),.PCURVE_S1.);
#850 = CIRCLE('',#851,2.75);
#851 = AXIS2_PLACEMENT_3D('',#852,#853,#854);
#852 = CARTESIAN_POINT('',(52.,50.,200.));
#853 = DIRECTION('',(0.,-1.,2.22044604925E-16));
#854 = DIRECTION('',(1.,0.,0.));
#855 = PCURVE('',#44,#856);
#856 = DEFINITIONAL_REPRESENTATION('',(#857),#865);
#857 = ( BOUNDED_CURVE() B_SPLINE_CURVE(2,(#858,#859,#860,#861,#862,#863
,#864),.UNSPECIFIED.,.T.,.F.) B_SPLINE_CURVE_WITH_KNOTS((1,2,2,2,2,1),(
    -2.094395102393,0.,2.094395102393,4.188790204786,6.28318530718,
8.377580409573),.UNSPECIFIED.) CURVE() GEOMETRIC_REPRESENTATION_ITEM() 
RATIONAL_B_SPLINE_CURVE((1.,0.5,1.,0.5,1.,0.5,1.)) REPRESENTATION_ITEM(
  '') );
#858 = CARTESIAN_POINT('',(370.,129.75));
#859 = CARTESIAN_POINT('',(374.76313972081,129.75));
#860 = CARTESIAN_POINT('',(372.3815698604,125.625));
#861 = CARTESIAN_POINT('',(370.,121.5));
#862 = CARTESIAN_POINT('',(367.61843013959,125.625));
#863 = CARTESIAN_POINT('',(365.23686027918,129.75));
#864 = CARTESIAN_POINT('',(370.,129.75));
#865 = ( GEOMETRIC_REPRESENTATION_CONTEXT(2) 
PARAMETRIC_REPRESENTATION_CONTEXT() REPRESENTATION_CONTEXT('2D SPACE',''
  ) );
#866 = PCURVE('',#867,#872);
#867 = CYLINDRICAL_SURFACE('',#868,2.75);
#868 = AXIS2_PLACEMENT_3D('',#869,#870,#871);
#869 = CARTESIAN_POINT('',(52.,63.,200.));
#870 = DIRECTION('',(0.,-1.,2.22044604925E-16));
#871 = DIRECTION('',(1.,0.,0.));
#872 = DEFINITIONAL_REPRESENTATION('',(#873),#877);
#873 = LINE('',#874,#875);
#874 = CARTESIAN_POINT('',(0.,13.));
#875 = VECTOR('',#876,1.);
#876 = DIRECTION('',(1.,0.));
#877 = ( GEOMETRIC_REPRESENTATION_CONTEXT(2) 
PARAMETRIC_REPRESENTATION_CONTEXT() REPRESENTATION_CONTEXT('2D SPACE',''
  ) );
#878 = FACE_BOUND('',#879,.F.);
#879 = EDGE_LOOP('',(#880));
#880 = ORIENTED_EDGE('',*,*,#881,.T.);
#881 = EDGE_CURVE('',#882,#882,#884,.T.);
#882 = VERTEX_POINT('',#883);
#883 = CARTESIAN_POINT('',(65.25,50.,398.));
#884 = SURFACE_CURVE('',#885,(#890,#901),.PCURVE_S1.);
#885 = CIRCLE('',#886,3.25);
#886 = AXIS2_PLACEMENT_3D('',#887,#888,#889);
#887 = CARTESIAN_POINT('',(62.,50.,398.));
#888 = DIRECTION('',(0.,-1.,2.22044604925E-16));
#889 = DIRECTION('',(1.,0.,0.));
#890 = PCURVE('',#44,#891);
#891 = DEFINITIONAL_REPRESENTATION('',(#892),#900);
#892 = ( BOUNDED_CURVE() B_SPLINE_CURVE(2,(#893,#894,#895,#896,#897,#898
,#899),.UNSPECIFIED.,.T.,.F.) B_SPLINE_CURVE_WITH_KNOTS((1,2,2,2,2,1),(
    -2.094395102393,0.,2.094395102393,4.188790204786,6.28318530718,
8.377580409573),.UNSPECIFIED.) CURVE() GEOMETRIC_REPRESENTATION_ITEM() 
RATIONAL_B_SPLINE_CURVE((1.,0.5,1.,0.5,1.,0.5,1.)) REPRESENTATION_ITEM(
  '') );
#893 = CARTESIAN_POINT('',(568.,140.25));
#894 = CARTESIAN_POINT('',(573.62916512459,140.25));
#895 = CARTESIAN_POINT('',(570.81458256229,135.375));
#896 = CARTESIAN_POINT('',(568.,130.5));
#897 = CARTESIAN_POINT('',(565.1854174377,135.375));
#898 = CARTESIAN_POINT('',(562.3708348754,140.25));
#899 = CARTESIAN_POINT('',(568.,140.25));
#900 = ( GEOMETRIC_REPRESENTATION_CONTEXT(2) 
PARAMETRIC_REPRESENTATION_CONTEXT() REPRESENTATION_CONTEXT('2D SPACE',''
  ) );
#901 = PCURVE('',#902,#907);
#902 = CYLINDRICAL_SURFACE('',#903,3.25);
#903 = AXIS2_PLACEMENT_3D('',#904,#905,#906);
#904 = CARTESIAN_POINT('',(62.,63.,398.));
#905 = DIRECTION('',(0.,-1.,2.22044604925E-16));
#906 = DIRECTION('',(1.,0.,0.));
#907 = DEFINITIONAL_REPRESENTATION('',(#908),#912);
#908 = LINE('',#909,#910);
#909 = CARTESIAN_POINT('',(0.,13.));
#910 = VECTOR('',#911,1.);
#911 = DIRECTION('',(1.,0.));
#912 = ( GEOMETRIC_REPRESENTATION_CONTEXT(2) 
PARAMETRIC_REPRESENTATION_CONTEXT() REPRESENTATION_CONTEXT('2D SPACE',''
  ) );
#913 = ADVANCED_FACE('',(#914),#126,.T.);
#914 = FACE_BOUND('',#915,.T.);
#915 = EDGE_LOOP('',(#916,#917,#918,#941));
#916 = ORIENTED_EDGE('',*,*,#112,.F.);
#917 = ORIENTED_EDGE('',*,*,#165,.T.);
#918 = ORIENTED_EDGE('',*,*,#919,.T.);
#919 = EDGE_CURVE('',#166,#920,#922,.T.);
#920 = VERTEX_POINT('',#921);
#921 = CARTESIAN_POINT('',(75.,62.,410.));
#922 = SURFACE_CURVE('',#923,(#927,#934),.PCURVE_S1.);
#923 = LINE('',#924,#925);
#924 = CARTESIAN_POINT('',(75.,50.,410.));
#925 = VECTOR('',#926,1.);
#926 = DIRECTION('',(-0.,1.,0.));
#927 = PCURVE('',#126,#928);
#928 = DEFINITIONAL_REPRESENTATION('',(#929),#933);
#929 = LINE('',#930,#931);
#930 = CARTESIAN_POINT('',(150.,0.));
#931 = VECTOR('',#932,1.);
#932 = DIRECTION('',(0.,1.));
#933 = ( GEOMETRIC_REPRESENTATION_CONTEXT(2) 
PARAMETRIC_REPRESENTATION_CONTEXT() REPRESENTATION_CONTEXT('2D SPACE',''
  ) );
#934 = PCURVE('',#202,#935);
#935 = DEFINITIONAL_REPRESENTATION('',(#936),#940);
#936 = LINE('',#937,#938);
#937 = CARTESIAN_POINT('',(580.,0.));
#938 = VECTOR('',#939,1.);
#939 = DIRECTION('',(0.,-1.));
#940 = ( GEOMETRIC_REPRESENTATION_CONTEXT(2) 
PARAMETRIC_REPRESENTATION_CONTEXT() REPRESENTATION_CONTEXT('2D SPACE',''
  ) );
#941 = ORIENTED_EDGE('',*,*,#942,.F.);
#942 = EDGE_CURVE('',#85,#920,#943,.T.);
#943 = SURFACE_CURVE('',#944,(#948,#955),.PCURVE_S1.);
#944 = LINE('',#945,#946);
#945 = CARTESIAN_POINT('',(-75.,62.,410.));
#946 = VECTOR('',#947,1.);
#947 = DIRECTION('',(1.,0.,-0.));
#948 = PCURVE('',#126,#949);
#949 = DEFINITIONAL_REPRESENTATION('',(#950),#954);
#950 = LINE('',#951,#952);
#951 = CARTESIAN_POINT('',(0.,12.));
#952 = VECTOR('',#953,1.);
#953 = DIRECTION('',(1.,0.));
#954 = ( GEOMETRIC_REPRESENTATION_CONTEXT(2) 
PARAMETRIC_REPRESENTATION_CONTEXT() REPRESENTATION_CONTEXT('2D SPACE',''
  ) );
#955 = PCURVE('',#100,#956);
#956 = DEFINITIONAL_REPRESENTATION('',(#957),#961);
#957 = LINE('',#958,#959);
#958 = CARTESIAN_POINT('',(580.,0.));
#959 = VECTOR('',#960,1.);
#960 = DIRECTION('',(0.,1.));
#961 = ( GEOMETRIC_REPRESENTATION_CONTEXT(2) 
PARAMETRIC_REPRESENTATION_CONTEXT() REPRESENTATION_CONTEXT('2D SPACE',''
  ) );
#962 = ADVANCED_FACE('',(#963,#1011,#1041,#1071,#1101,#1131,#1161,#1191,
    #1221,#1251,#1281,#1311,#1341,#1371,#1401),#100,.T.);
#963 = FACE_BOUND('',#964,.T.);
#964 = EDGE_LOOP('',(#965,#988,#989,#990));
#965 = ORIENTED_EDGE('',*,*,#966,.F.);
#966 = EDGE_CURVE('',#57,#967,#969,.T.);
#967 = VERTEX_POINT('',#968);
#968 = CARTESIAN_POINT('',(75.,62.,-170.));
#969 = SURFACE_CURVE('',#970,(#974,#981),.PCURVE_S1.);
#970 = LINE('',#971,#972);
#971 = CARTESIAN_POINT('',(-75.,62.,-170.));
#972 = VECTOR('',#973,1.);
#973 = DIRECTION('',(1.,0.,-0.));
#974 = PCURVE('',#100,#975);
#975 = DEFINITIONAL_REPRESENTATION('',(#976),#980);
#976 = LINE('',#977,#978);
#977 = CARTESIAN_POINT('',(0.,0.));
#978 = VECTOR('',#979,1.);
#979 = DIRECTION('',(0.,1.));
#980 = ( GEOMETRIC_REPRESENTATION_CONTEXT(2) 
PARAMETRIC_REPRESENTATION_CONTEXT() REPRESENTATION_CONTEXT('2D SPACE',''
  ) );
#981 = PCURVE('',#72,#982);
#982 = DEFINITIONAL_REPRESENTATION('',(#983),#987);
#983 = LINE('',#984,#985);
#984 = CARTESIAN_POINT('',(0.,12.));
#985 = VECTOR('',#986,1.);
#986 = DIRECTION('',(1.,0.));
#987 = ( GEOMETRIC_REPRESENTATION_CONTEXT(2) 
PARAMETRIC_REPRESENTATION_CONTEXT() REPRESENTATION_CONTEXT('2D SPACE',''
  ) );
#988 = ORIENTED_EDGE('',*,*,#84,.T.);
#989 = ORIENTED_EDGE('',*,*,#942,.T.);
#990 = ORIENTED_EDGE('',*,*,#991,.F.);
#991 = EDGE_CURVE('',#967,#920,#992,.T.);
#992 = SURFACE_CURVE('',#993,(#997,#1004),.PCURVE_S1.);
#993 = LINE('',#994,#995);
#994 = CARTESIAN_POINT('',(75.,62.,-170.));
#995 = VECTOR('',#996,1.);
#996 = DIRECTION('',(0.,0.,1.));
#997 = PCURVE('',#100,#998);
#998 = DEFINITIONAL_REPRESENTATION('',(#999),#1003);
#999 = LINE('',#1000,#1001);
#1000 = CARTESIAN_POINT('',(0.,150.));
#1001 = VECTOR('',#1002,1.);
#1002 = DIRECTION('',(1.,0.));
#1003 = ( GEOMETRIC_REPRESENTATION_CONTEXT(2) 
PARAMETRIC_REPRESENTATION_CONTEXT() REPRESENTATION_CONTEXT('2D SPACE',''
  ) );
#1004 = PCURVE('',#202,#1005);
#1005 = DEFINITIONAL_REPRESENTATION('',(#1006),#1010);
#1006 = LINE('',#1007,#1008);
#1007 = CARTESIAN_POINT('',(0.,-12.));
#1008 = VECTOR('',#1009,1.);
#1009 = DIRECTION('',(1.,0.));
#1010 = ( GEOMETRIC_REPRESENTATION_CONTEXT(2) 
PARAMETRIC_REPRESENTATION_CONTEXT() REPRESENTATION_CONTEXT('2D SPACE',''
  ) );
#1011 = FACE_BOUND('',#1012,.T.);
#1012 = EDGE_LOOP('',(#1013));
#1013 = ORIENTED_EDGE('',*,*,#1014,.T.);
#1014 = EDGE_CURVE('',#1015,#1015,#1017,.T.);
#1015 = VERTEX_POINT('',#1016);
#1016 = CARTESIAN_POINT('',(-49.25,62.,100.));
#1017 = SURFACE_CURVE('',#1018,(#1023,#1034),.PCURVE_S1.);
#1018 = CIRCLE('',#1019,2.75);
#1019 = AXIS2_PLACEMENT_3D('',#1020,#1021,#1022);
#1020 = CARTESIAN_POINT('',(-52.,62.,100.));
#1021 = DIRECTION('',(0.,-1.,2.22044604925E-16));
#1022 = DIRECTION('',(1.,0.,0.));
#1023 = PCURVE('',#100,#1024);
#1024 = DEFINITIONAL_REPRESENTATION('',(#1025),#1033);
#1025 = ( BOUNDED_CURVE() B_SPLINE_CURVE(2,(#1026,#1027,#1028,#1029,
#1030,#1031,#1032),.UNSPECIFIED.,.T.,.F.) B_SPLINE_CURVE_WITH_KNOTS((1,2
    ,2,2,2,1),(-2.094395102393,0.,2.094395102393,4.188790204786,
6.28318530718,8.377580409573),.UNSPECIFIED.) CURVE() 
GEOMETRIC_REPRESENTATION_ITEM() RATIONAL_B_SPLINE_CURVE((1.,0.5,1.,0.5,
1.,0.5,1.)) REPRESENTATION_ITEM('') );
#1026 = CARTESIAN_POINT('',(270.,25.75));
#1027 = CARTESIAN_POINT('',(274.76313972081,25.75));
#1028 = CARTESIAN_POINT('',(272.3815698604,21.625));
#1029 = CARTESIAN_POINT('',(270.,17.5));
#1030 = CARTESIAN_POINT('',(267.61843013959,21.625));
#1031 = CARTESIAN_POINT('',(265.23686027918,25.75));
#1032 = CARTESIAN_POINT('',(270.,25.75));
#1033 = ( GEOMETRIC_REPRESENTATION_CONTEXT(2) 
PARAMETRIC_REPRESENTATION_CONTEXT() REPRESENTATION_CONTEXT('2D SPACE',''
  ) );
#1034 = PCURVE('',#307,#1035);
#1035 = DEFINITIONAL_REPRESENTATION('',(#1036),#1040);
#1036 = LINE('',#1037,#1038);
#1037 = CARTESIAN_POINT('',(0.,1.));
#1038 = VECTOR('',#1039,1.);
#1039 = DIRECTION('',(1.,0.));
#1040 = ( GEOMETRIC_REPRESENTATION_CONTEXT(2) 
PARAMETRIC_REPRESENTATION_CONTEXT() REPRESENTATION_CONTEXT('2D SPACE',''
  ) );
#1041 = FACE_BOUND('',#1042,.T.);
#1042 = EDGE_LOOP('',(#1043));
#1043 = ORIENTED_EDGE('',*,*,#1044,.T.);
#1044 = EDGE_CURVE('',#1045,#1045,#1047,.T.);
#1045 = VERTEX_POINT('',#1046);
#1046 = CARTESIAN_POINT('',(-42.25,62.,25.));
#1047 = SURFACE_CURVE('',#1048,(#1053,#1064),.PCURVE_S1.);
#1048 = CIRCLE('',#1049,2.75);
#1049 = AXIS2_PLACEMENT_3D('',#1050,#1051,#1052);
#1050 = CARTESIAN_POINT('',(-45.,62.,25.));
#1051 = DIRECTION('',(0.,-1.,2.22044604925E-16));
#1052 = DIRECTION('',(1.,0.,0.));
#1053 = PCURVE('',#100,#1054);
#1054 = DEFINITIONAL_REPRESENTATION('',(#1055),#1063);
#1055 = ( BOUNDED_CURVE() B_SPLINE_CURVE(2,(#1056,#1057,#1058,#1059,
#1060,#1061,#1062),.UNSPECIFIED.,.T.,.F.) B_SPLINE_CURVE_WITH_KNOTS((1,2
    ,2,2,2,1),(-2.094395102393,0.,2.094395102393,4.188790204786,
6.28318530718,8.377580409573),.UNSPECIFIED.) CURVE() 
GEOMETRIC_REPRESENTATION_ITEM() RATIONAL_B_SPLINE_CURVE((1.,0.5,1.,0.5,
1.,0.5,1.)) REPRESENTATION_ITEM('') );
#1056 = CARTESIAN_POINT('',(195.,32.75));
#1057 = CARTESIAN_POINT('',(199.76313972081,32.75));
#1058 = CARTESIAN_POINT('',(197.3815698604,28.625));
#1059 = CARTESIAN_POINT('',(195.,24.5));
#1060 = CARTESIAN_POINT('',(192.61843013959,28.625));
#1061 = CARTESIAN_POINT('',(190.23686027918,32.75));
#1062 = CARTESIAN_POINT('',(195.,32.75));
#1063 = ( GEOMETRIC_REPRESENTATION_CONTEXT(2) 
PARAMETRIC_REPRESENTATION_CONTEXT() REPRESENTATION_CONTEXT('2D SPACE',''
  ) );
#1064 = PCURVE('',#342,#1065);
#1065 = DEFINITIONAL_REPRESENTATION('',(#1066),#1070);
#1066 = LINE('',#1067,#1068);
#1067 = CARTESIAN_POINT('',(0.,1.));
#1068 = VECTOR('',#1069,1.);
#1069 = DIRECTION('',(1.,0.));
#1070 = ( GEOMETRIC_REPRESENTATION_CONTEXT(2) 
PARAMETRIC_REPRESENTATION_CONTEXT() REPRESENTATION_CONTEXT('2D SPACE',''
  ) );
#1071 = FACE_BOUND('',#1072,.T.);
#1072 = EDGE_LOOP('',(#1073));
#1073 = ORIENTED_EDGE('',*,*,#1074,.T.);
#1074 = EDGE_CURVE('',#1075,#1075,#1077,.T.);
#1075 = VERTEX_POINT('',#1076);
#1076 = CARTESIAN_POINT('',(-42.25,62.,50.));
#1077 = SURFACE_CURVE('',#1078,(#1083,#1094),.PCURVE_S1.);
#1078 = CIRCLE('',#1079,2.75);
#1079 = AXIS2_PLACEMENT_3D('',#1080,#1081,#1082);
#1080 = CARTESIAN_POINT('',(-45.,62.,50.));
#1081 = DIRECTION('',(0.,-1.,2.22044604925E-16));
#1082 = DIRECTION('',(1.,0.,0.));
#1083 = PCURVE('',#100,#1084);
#1084 = DEFINITIONAL_REPRESENTATION('',(#1085),#1093);
#1085 = ( BOUNDED_CURVE() B_SPLINE_CURVE(2,(#1086,#1087,#1088,#1089,
#1090,#1091,#1092),.UNSPECIFIED.,.T.,.F.) B_SPLINE_CURVE_WITH_KNOTS((1,2
    ,2,2,2,1),(-2.094395102393,0.,2.094395102393,4.188790204786,
6.28318530718,8.377580409573),.UNSPECIFIED.) CURVE() 
GEOMETRIC_REPRESENTATION_ITEM() RATIONAL_B_SPLINE_CURVE((1.,0.5,1.,0.5,
1.,0.5,1.)) REPRESENTATION_ITEM('') );
#1086 = CARTESIAN_POINT('',(220.,32.75));
#1087 = CARTESIAN_POINT('',(224.76313972081,32.75));
#1088 = CARTESIAN_POINT('',(222.3815698604,28.625));
#1089 = CARTESIAN_POINT('',(220.,24.5));
#1090 = CARTESIAN_POINT('',(217.61843013959,28.625));
#1091 = CARTESIAN_POINT('',(215.23686027918,32.75));
#1092 = CARTESIAN_POINT('',(220.,32.75));
#1093 = ( GEOMETRIC_REPRESENTATION_CONTEXT(2) 
PARAMETRIC_REPRESENTATION_CONTEXT() REPRESENTATION_CONTEXT('2D SPACE',''
  ) );
#1094 = PCURVE('',#377,#1095);
#1095 = DEFINITIONAL_REPRESENTATION('',(#1096),#1100);
#1096 = LINE('',#1097,#1098);
#1097 = CARTESIAN_POINT('',(0.,1.));
#1098 = VECTOR('',#1099,1.);
#1099 = DIRECTION('',(1.,0.));
#1100 = ( GEOMETRIC_REPRESENTATION_CONTEXT(2) 
PARAMETRIC_REPRESENTATION_CONTEXT() REPRESENTATION_CONTEXT('2D SPACE',''
  ) );
#1101 = FACE_BOUND('',#1102,.T.);
#1102 = EDGE_LOOP('',(#1103));
#1103 = ORIENTED_EDGE('',*,*,#1104,.T.);
#1104 = EDGE_CURVE('',#1105,#1105,#1107,.T.);
#1105 = VERTEX_POINT('',#1106);
#1106 = CARTESIAN_POINT('',(-26.75,62.,-160.));
#1107 = SURFACE_CURVE('',#1108,(#1113,#1124),.PCURVE_S1.);
#1108 = CIRCLE('',#1109,3.25);
#1109 = AXIS2_PLACEMENT_3D('',#1110,#1111,#1112);
#1110 = CARTESIAN_POINT('',(-30.,62.,-160.));
#1111 = DIRECTION('',(0.,-1.,2.22044604925E-16));
#1112 = DIRECTION('',(1.,0.,0.));
#1113 = PCURVE('',#100,#1114);
#1114 = DEFINITIONAL_REPRESENTATION('',(#1115),#1123);
#1115 = ( BOUNDED_CURVE() B_SPLINE_CURVE(2,(#1116,#1117,#1118,#1119,
#1120,#1121,#1122),.UNSPECIFIED.,.T.,.F.) B_SPLINE_CURVE_WITH_KNOTS((1,2
    ,2,2,2,1),(-2.094395102393,0.,2.094395102393,4.188790204786,
6.28318530718,8.377580409573),.UNSPECIFIED.) CURVE() 
GEOMETRIC_REPRESENTATION_ITEM() RATIONAL_B_SPLINE_CURVE((1.,0.5,1.,0.5,
1.,0.5,1.)) REPRESENTATION_ITEM('') );
#1116 = CARTESIAN_POINT('',(10.,48.25));
#1117 = CARTESIAN_POINT('',(15.629165124599,48.25));
#1118 = CARTESIAN_POINT('',(12.814582562299,43.375));
#1119 = CARTESIAN_POINT('',(10.,38.5));
#1120 = CARTESIAN_POINT('',(7.185417437701,43.375));
#1121 = CARTESIAN_POINT('',(4.370834875401,48.25));
#1122 = CARTESIAN_POINT('',(10.,48.25));
#1123 = ( GEOMETRIC_REPRESENTATION_CONTEXT(2) 
PARAMETRIC_REPRESENTATION_CONTEXT() REPRESENTATION_CONTEXT('2D SPACE',''
  ) );
#1124 = PCURVE('',#412,#1125);
#1125 = DEFINITIONAL_REPRESENTATION('',(#1126),#1130);
#1126 = LINE('',#1127,#1128);
#1127 = CARTESIAN_POINT('',(0.,1.));
#1128 = VECTOR('',#1129,1.);
#1129 = DIRECTION('',(1.,0.));
#1130 = ( GEOMETRIC_REPRESENTATION_CONTEXT(2) 
PARAMETRIC_REPRESENTATION_CONTEXT() REPRESENTATION_CONTEXT('2D SPACE',''
  ) );
#1131 = FACE_BOUND('',#1132,.T.);
#1132 = EDGE_LOOP('',(#1133));
#1133 = ORIENTED_EDGE('',*,*,#1134,.T.);
#1134 = EDGE_CURVE('',#1135,#1135,#1137,.T.);
#1135 = VERTEX_POINT('',#1136);
#1136 = CARTESIAN_POINT('',(-49.25,62.,200.));
#1137 = SURFACE_CURVE('',#1138,(#1143,#1154),.PCURVE_S1.);
#1138 = CIRCLE('',#1139,2.75);
#1139 = AXIS2_PLACEMENT_3D('',#1140,#1141,#1142);
#1140 = CARTESIAN_POINT('',(-52.,62.,200.));
#1141 = DIRECTION('',(0.,-1.,2.22044604925E-16));
#1142 = DIRECTION('',(1.,0.,0.));
#1143 = PCURVE('',#100,#1144);
#1144 = DEFINITIONAL_REPRESENTATION('',(#1145),#1153);
#1145 = ( BOUNDED_CURVE() B_SPLINE_CURVE(2,(#1146,#1147,#1148,#1149,
#1150,#1151,#1152),.UNSPECIFIED.,.T.,.F.) B_SPLINE_CURVE_WITH_KNOTS((1,2
    ,2,2,2,1),(-2.094395102393,0.,2.094395102393,4.188790204786,
6.28318530718,8.377580409573),.UNSPECIFIED.) CURVE() 
GEOMETRIC_REPRESENTATION_ITEM() RATIONAL_B_SPLINE_CURVE((1.,0.5,1.,0.5,
1.,0.5,1.)) REPRESENTATION_ITEM('') );
#1146 = CARTESIAN_POINT('',(370.,25.75));
#1147 = CARTESIAN_POINT('',(374.76313972081,25.75));
#1148 = CARTESIAN_POINT('',(372.3815698604,21.625));
#1149 = CARTESIAN_POINT('',(370.,17.5));
#1150 = CARTESIAN_POINT('',(367.61843013959,21.625));
#1151 = CARTESIAN_POINT('',(365.23686027918,25.75));
#1152 = CARTESIAN_POINT('',(370.,25.75));
#1153 = ( GEOMETRIC_REPRESENTATION_CONTEXT(2) 
PARAMETRIC_REPRESENTATION_CONTEXT() REPRESENTATION_CONTEXT('2D SPACE',''
  ) );
#1154 = PCURVE('',#482,#1155);
#1155 = DEFINITIONAL_REPRESENTATION('',(#1156),#1160);
#1156 = LINE('',#1157,#1158);
#1157 = CARTESIAN_POINT('',(0.,1.));
#1158 = VECTOR('',#1159,1.);
#1159 = DIRECTION('',(1.,0.));
#1160 = ( GEOMETRIC_REPRESENTATION_CONTEXT(2) 
PARAMETRIC_REPRESENTATION_CONTEXT() REPRESENTATION_CONTEXT('2D SPACE',''
  ) );
#1161 = FACE_BOUND('',#1162,.T.);
#1162 = EDGE_LOOP('',(#1163));
#1163 = ORIENTED_EDGE('',*,*,#1164,.T.);
#1164 = EDGE_CURVE('',#1165,#1165,#1167,.T.);
#1165 = VERTEX_POINT('',#1166);
#1166 = CARTESIAN_POINT('',(-58.75,62.,398.));
#1167 = SURFACE_CURVE('',#1168,(#1173,#1184),.PCURVE_S1.);
#1168 = CIRCLE('',#1169,3.25);
#1169 = AXIS2_PLACEMENT_3D('',#1170,#1171,#1172);
#1170 = CARTESIAN_POINT('',(-62.,62.,398.));
#1171 = DIRECTION('',(0.,-1.,2.22044604925E-16));
#1172 = DIRECTION('',(1.,0.,0.));
#1173 = PCURVE('',#100,#1174);
#1174 = DEFINITIONAL_REPRESENTATION('',(#1175),#1183);
#1175 = ( BOUNDED_CURVE() B_SPLINE_CURVE(2,(#1176,#1177,#1178,#1179,
#1180,#1181,#1182),.UNSPECIFIED.,.T.,.F.) B_SPLINE_CURVE_WITH_KNOTS((1,2
    ,2,2,2,1),(-2.094395102393,0.,2.094395102393,4.188790204786,
6.28318530718,8.377580409573),.UNSPECIFIED.) CURVE() 
GEOMETRIC_REPRESENTATION_ITEM() RATIONAL_B_SPLINE_CURVE((1.,0.5,1.,0.5,
1.,0.5,1.)) REPRESENTATION_ITEM('') );
#1176 = CARTESIAN_POINT('',(568.,16.25));
#1177 = CARTESIAN_POINT('',(573.62916512459,16.25));
#1178 = CARTESIAN_POINT('',(570.81458256229,11.375));
#1179 = CARTESIAN_POINT('',(568.,6.5));
#1180 = CARTESIAN_POINT('',(565.1854174377,11.375));
#1181 = CARTESIAN_POINT('',(562.3708348754,16.25));
#1182 = CARTESIAN_POINT('',(568.,16.25));
#1183 = ( GEOMETRIC_REPRESENTATION_CONTEXT(2) 
PARAMETRIC_REPRESENTATION_CONTEXT() REPRESENTATION_CONTEXT('2D SPACE',''
  ) );
#1184 = PCURVE('',#517,#1185);
#1185 = DEFINITIONAL_REPRESENTATION('',(#1186),#1190);
#1186 = LINE('',#1187,#1188);
#1187 = CARTESIAN_POINT('',(0.,1.));
#1188 = VECTOR('',#1189,1.);
#1189 = DIRECTION('',(1.,0.));
#1190 = ( GEOMETRIC_REPRESENTATION_CONTEXT(2) 
PARAMETRIC_REPRESENTATION_CONTEXT() REPRESENTATION_CONTEXT('2D SPACE',''
  ) );
#1191 = FACE_BOUND('',#1192,.T.);
#1192 = EDGE_LOOP('',(#1193));
#1193 = ORIENTED_EDGE('',*,*,#1194,.T.);
#1194 = EDGE_CURVE('',#1195,#1195,#1197,.T.);
#1195 = VERTEX_POINT('',#1196);
#1196 = CARTESIAN_POINT('',(-13.25,62.,374.));
#1197 = SURFACE_CURVE('',#1198,(#1203,#1214),.PCURVE_S1.);
#1198 = CIRCLE('',#1199,2.75);
#1199 = AXIS2_PLACEMENT_3D('',#1200,#1201,#1202);
#1200 = CARTESIAN_POINT('',(-16.,62.,374.));
#1201 = DIRECTION('',(0.,-1.,2.22044604925E-16));
#1202 = DIRECTION('',(1.,0.,0.));
#1203 = PCURVE('',#100,#1204);
#1204 = DEFINITIONAL_REPRESENTATION('',(#1205),#1213);
#1205 = ( BOUNDED_CURVE() B_SPLINE_CURVE(2,(#1206,#1207,#1208,#1209,
#1210,#1211,#1212),.UNSPECIFIED.,.T.,.F.) B_SPLINE_CURVE_WITH_KNOTS((1,2
    ,2,2,2,1),(-2.094395102393,0.,2.094395102393,4.188790204786,
6.28318530718,8.377580409573),.UNSPECIFIED.) CURVE() 
GEOMETRIC_REPRESENTATION_ITEM() RATIONAL_B_SPLINE_CURVE((1.,0.5,1.,0.5,
1.,0.5,1.)) REPRESENTATION_ITEM('') );
#1206 = CARTESIAN_POINT('',(544.,61.75));
#1207 = CARTESIAN_POINT('',(548.76313972081,61.75));
#1208 = CARTESIAN_POINT('',(546.3815698604,57.625));
#1209 = CARTESIAN_POINT('',(544.,53.5));
#1210 = CARTESIAN_POINT('',(541.61843013959,57.625));
#1211 = CARTESIAN_POINT('',(539.23686027918,61.75));
#1212 = CARTESIAN_POINT('',(544.,61.75));
#1213 = ( GEOMETRIC_REPRESENTATION_CONTEXT(2) 
PARAMETRIC_REPRESENTATION_CONTEXT() REPRESENTATION_CONTEXT('2D SPACE',''
  ) );
#1214 = PCURVE('',#552,#1215);
#1215 = DEFINITIONAL_REPRESENTATION('',(#1216),#1220);
#1216 = LINE('',#1217,#1218);
#1217 = CARTESIAN_POINT('',(0.,1.));
#1218 = VECTOR('',#1219,1.);
#1219 = DIRECTION('',(1.,0.));
#1220 = ( GEOMETRIC_REPRESENTATION_CONTEXT(2) 
PARAMETRIC_REPRESENTATION_CONTEXT() REPRESENTATION_CONTEXT('2D SPACE',''
  ) );
#1221 = FACE_BOUND('',#1222,.T.);
#1222 = EDGE_LOOP('',(#1223));
#1223 = ORIENTED_EDGE('',*,*,#1224,.T.);
#1224 = EDGE_CURVE('',#1225,#1225,#1227,.T.);
#1225 = VERTEX_POINT('',#1226);
#1226 = CARTESIAN_POINT('',(33.25,62.,-160.));
#1227 = SURFACE_CURVE('',#1228,(#1233,#1244),.PCURVE_S1.);
#1228 = CIRCLE('',#1229,3.25);
#1229 = AXIS2_PLACEMENT_3D('',#1230,#1231,#1232);
#1230 = CARTESIAN_POINT('',(30.,62.,-160.));
#1231 = DIRECTION('',(0.,-1.,2.22044604925E-16));
#1232 = DIRECTION('',(1.,0.,0.));
#1233 = PCURVE('',#100,#1234);
#1234 = DEFINITIONAL_REPRESENTATION('',(#1235),#1243);
#1235 = ( BOUNDED_CURVE() B_SPLINE_CURVE(2,(#1236,#1237,#1238,#1239,
#1240,#1241,#1242),.UNSPECIFIED.,.T.,.F.) B_SPLINE_CURVE_WITH_KNOTS((1,2
    ,2,2,2,1),(-2.094395102393,0.,2.094395102393,4.188790204786,
6.28318530718,8.377580409573),.UNSPECIFIED.) CURVE() 
GEOMETRIC_REPRESENTATION_ITEM() RATIONAL_B_SPLINE_CURVE((1.,0.5,1.,0.5,
1.,0.5,1.)) REPRESENTATION_ITEM('') );
#1236 = CARTESIAN_POINT('',(10.,108.25));
#1237 = CARTESIAN_POINT('',(15.629165124599,108.25));
#1238 = CARTESIAN_POINT('',(12.814582562299,103.375));
#1239 = CARTESIAN_POINT('',(10.,98.5));
#1240 = CARTESIAN_POINT('',(7.185417437701,103.375));
#1241 = CARTESIAN_POINT('',(4.370834875401,108.25));
#1242 = CARTESIAN_POINT('',(10.,108.25));
#1243 = ( GEOMETRIC_REPRESENTATION_CONTEXT(2) 
PARAMETRIC_REPRESENTATION_CONTEXT() REPRESENTATION_CONTEXT('2D SPACE',''
  ) );
#1244 = PCURVE('',#587,#1245);
#1245 = DEFINITIONAL_REPRESENTATION('',(#1246),#1250);
#1246 = LINE('',#1247,#1248);
#1247 = CARTESIAN_POINT('',(0.,1.));
#1248 = VECTOR('',#1249,1.);
#1249 = DIRECTION('',(1.,0.));
#1250 = ( GEOMETRIC_REPRESENTATION_CONTEXT(2) 
PARAMETRIC_REPRESENTATION_CONTEXT() REPRESENTATION_CONTEXT('2D SPACE',''
  ) );
#1251 = FACE_BOUND('',#1252,.T.);
#1252 = EDGE_LOOP('',(#1253));
#1253 = ORIENTED_EDGE('',*,*,#1254,.T.);
#1254 = EDGE_CURVE('',#1255,#1255,#1257,.T.);
#1255 = VERTEX_POINT('',#1256);
#1256 = CARTESIAN_POINT('',(47.75,62.,25.));
#1257 = SURFACE_CURVE('',#1258,(#1263,#1274),.PCURVE_S1.);
#1258 = CIRCLE('',#1259,2.75);
#1259 = AXIS2_PLACEMENT_3D('',#1260,#1261,#1262);
#1260 = CARTESIAN_POINT('',(45.,62.,25.));
#1261 = DIRECTION('',(0.,-1.,2.22044604925E-16));
#1262 = DIRECTION('',(1.,0.,0.));
#1263 = PCURVE('',#100,#1264);
#1264 = DEFINITIONAL_REPRESENTATION('',(#1265),#1273);
#1265 = ( BOUNDED_CURVE() B_SPLINE_CURVE(2,(#1266,#1267,#1268,#1269,
#1270,#1271,#1272),.UNSPECIFIED.,.T.,.F.) B_SPLINE_CURVE_WITH_KNOTS((1,2
    ,2,2,2,1),(-2.094395102393,0.,2.094395102393,4.188790204786,
6.28318530718,8.377580409573),.UNSPECIFIED.) CURVE() 
GEOMETRIC_REPRESENTATION_ITEM() RATIONAL_B_SPLINE_CURVE((1.,0.5,1.,0.5,
1.,0.5,1.)) REPRESENTATION_ITEM('') );
#1266 = CARTESIAN_POINT('',(195.,122.75));
#1267 = CARTESIAN_POINT('',(199.76313972081,122.75));
#1268 = CARTESIAN_POINT('',(197.3815698604,118.625));
#1269 = CARTESIAN_POINT('',(195.,114.5));
#1270 = CARTESIAN_POINT('',(192.61843013959,118.625));
#1271 = CARTESIAN_POINT('',(190.23686027918,122.75));
#1272 = CARTESIAN_POINT('',(195.,122.75));
#1273 = ( GEOMETRIC_REPRESENTATION_CONTEXT(2) 
PARAMETRIC_REPRESENTATION_CONTEXT() REPRESENTATION_CONTEXT('2D SPACE',''
  ) );
#1274 = PCURVE('',#692,#1275);
#1275 = DEFINITIONAL_REPRESENTATION('',(#1276),#1280);
#1276 = LINE('',#1277,#1278);
#1277 = CARTESIAN_POINT('',(0.,1.));
#1278 = VECTOR('',#1279,1.);
#1279 = DIRECTION('',(1.,0.));
#1280 = ( GEOMETRIC_REPRESENTATION_CONTEXT(2) 
PARAMETRIC_REPRESENTATION_CONTEXT() REPRESENTATION_CONTEXT('2D SPACE',''
  ) );
#1281 = FACE_BOUND('',#1282,.T.);
#1282 = EDGE_LOOP('',(#1283));
#1283 = ORIENTED_EDGE('',*,*,#1284,.T.);
#1284 = EDGE_CURVE('',#1285,#1285,#1287,.T.);
#1285 = VERTEX_POINT('',#1286);
#1286 = CARTESIAN_POINT('',(47.75,62.,50.));
#1287 = SURFACE_CURVE('',#1288,(#1293,#1304),.PCURVE_S1.);
#1288 = CIRCLE('',#1289,2.75);
#1289 = AXIS2_PLACEMENT_3D('',#1290,#1291,#1292);
#1290 = CARTESIAN_POINT('',(45.,62.,50.));
#1291 = DIRECTION('',(0.,-1.,2.22044604925E-16));
#1292 = DIRECTION('',(1.,0.,0.));
#1293 = PCURVE('',#100,#1294);
#1294 = DEFINITIONAL_REPRESENTATION('',(#1295),#1303);
#1295 = ( BOUNDED_CURVE() B_SPLINE_CURVE(2,(#1296,#1297,#1298,#1299,
#1300,#1301,#1302),.UNSPECIFIED.,.T.,.F.) B_SPLINE_CURVE_WITH_KNOTS((1,2
    ,2,2,2,1),(-2.094395102393,0.,2.094395102393,4.188790204786,
6.28318530718,8.377580409573),.UNSPECIFIED.) CURVE() 
GEOMETRIC_REPRESENTATION_ITEM() RATIONAL_B_SPLINE_CURVE((1.,0.5,1.,0.5,
1.,0.5,1.)) REPRESENTATION_ITEM('') );
#1296 = CARTESIAN_POINT('',(220.,122.75));
#1297 = CARTESIAN_POINT('',(224.76313972081,122.75));
#1298 = CARTESIAN_POINT('',(222.3815698604,118.625));
#1299 = CARTESIAN_POINT('',(220.,114.5));
#1300 = CARTESIAN_POINT('',(217.61843013959,118.625));
#1301 = CARTESIAN_POINT('',(215.23686027918,122.75));
#1302 = CARTESIAN_POINT('',(220.,122.75));
#1303 = ( GEOMETRIC_REPRESENTATION_CONTEXT(2) 
PARAMETRIC_REPRESENTATION_CONTEXT() REPRESENTATION_CONTEXT('2D SPACE',''
  ) );
#1304 = PCURVE('',#727,#1305);
#1305 = DEFINITIONAL_REPRESENTATION('',(#1306),#1310);
#1306 = LINE('',#1307,#1308);
#1307 = CARTESIAN_POINT('',(0.,1.));
#1308 = VECTOR('',#1309,1.);
#1309 = DIRECTION('',(1.,0.));
#1310 = ( GEOMETRIC_REPRESENTATION_CONTEXT(2) 
PARAMETRIC_REPRESENTATION_CONTEXT() REPRESENTATION_CONTEXT('2D SPACE',''
  ) );
#1311 = FACE_BOUND('',#1312,.T.);
#1312 = EDGE_LOOP('',(#1313));
#1313 = ORIENTED_EDGE('',*,*,#1314,.T.);
#1314 = EDGE_CURVE('',#1315,#1315,#1317,.T.);
#1315 = VERTEX_POINT('',#1316);
#1316 = CARTESIAN_POINT('',(54.75,62.,100.));
#1317 = SURFACE_CURVE('',#1318,(#1323,#1334),.PCURVE_S1.);
#1318 = CIRCLE('',#1319,2.75);
#1319 = AXIS2_PLACEMENT_3D('',#1320,#1321,#1322);
#1320 = CARTESIAN_POINT('',(52.,62.,100.));
#1321 = DIRECTION('',(0.,-1.,2.22044604925E-16));
#1322 = DIRECTION('',(1.,0.,0.));
#1323 = PCURVE('',#100,#1324);
#1324 = DEFINITIONAL_REPRESENTATION('',(#1325),#1333);
#1325 = ( BOUNDED_CURVE() B_SPLINE_CURVE(2,(#1326,#1327,#1328,#1329,
#1330,#1331,#1332),.UNSPECIFIED.,.T.,.F.) B_SPLINE_CURVE_WITH_KNOTS((1,2
    ,2,2,2,1),(-2.094395102393,0.,2.094395102393,4.188790204786,
6.28318530718,8.377580409573),.UNSPECIFIED.) CURVE() 
GEOMETRIC_REPRESENTATION_ITEM() RATIONAL_B_SPLINE_CURVE((1.,0.5,1.,0.5,
1.,0.5,1.)) REPRESENTATION_ITEM('') );
#1326 = CARTESIAN_POINT('',(270.,129.75));
#1327 = CARTESIAN_POINT('',(274.76313972081,129.75));
#1328 = CARTESIAN_POINT('',(272.3815698604,125.625));
#1329 = CARTESIAN_POINT('',(270.,121.5));
#1330 = CARTESIAN_POINT('',(267.61843013959,125.625));
#1331 = CARTESIAN_POINT('',(265.23686027918,129.75));
#1332 = CARTESIAN_POINT('',(270.,129.75));
#1333 = ( GEOMETRIC_REPRESENTATION_CONTEXT(2) 
PARAMETRIC_REPRESENTATION_CONTEXT() REPRESENTATION_CONTEXT('2D SPACE',''
  ) );
#1334 = PCURVE('',#797,#1335);
#1335 = DEFINITIONAL_REPRESENTATION('',(#1336),#1340);
#1336 = LINE('',#1337,#1338);
#1337 = CARTESIAN_POINT('',(0.,1.));
#1338 = VECTOR('',#1339,1.);
#1339 = DIRECTION('',(1.,0.));
#1340 = ( GEOMETRIC_REPRESENTATION_CONTEXT(2) 
PARAMETRIC_REPRESENTATION_CONTEXT() REPRESENTATION_CONTEXT('2D SPACE',''
  ) );
#1341 = FACE_BOUND('',#1342,.T.);
#1342 = EDGE_LOOP('',(#1343));
#1343 = ORIENTED_EDGE('',*,*,#1344,.T.);
#1344 = EDGE_CURVE('',#1345,#1345,#1347,.T.);
#1345 = VERTEX_POINT('',#1346);
#1346 = CARTESIAN_POINT('',(18.75,62.,374.));
#1347 = SURFACE_CURVE('',#1348,(#1353,#1364),.PCURVE_S1.);
#1348 = CIRCLE('',#1349,2.75);
#1349 = AXIS2_PLACEMENT_3D('',#1350,#1351,#1352);
#1350 = CARTESIAN_POINT('',(16.,62.,374.));
#1351 = DIRECTION('',(0.,-1.,2.22044604925E-16));
#1352 = DIRECTION('',(1.,0.,0.));
#1353 = PCURVE('',#100,#1354);
#1354 = DEFINITIONAL_REPRESENTATION('',(#1355),#1363);
#1355 = ( BOUNDED_CURVE() B_SPLINE_CURVE(2,(#1356,#1357,#1358,#1359,
#1360,#1361,#1362),.UNSPECIFIED.,.T.,.F.) B_SPLINE_CURVE_WITH_KNOTS((1,2
    ,2,2,2,1),(-2.094395102393,0.,2.094395102393,4.188790204786,
6.28318530718,8.377580409573),.UNSPECIFIED.) CURVE() 
GEOMETRIC_REPRESENTATION_ITEM() RATIONAL_B_SPLINE_CURVE((1.,0.5,1.,0.5,
1.,0.5,1.)) REPRESENTATION_ITEM('') );
#1356 = CARTESIAN_POINT('',(544.,93.75));
#1357 = CARTESIAN_POINT('',(548.76313972081,93.75));
#1358 = CARTESIAN_POINT('',(546.3815698604,89.625));
#1359 = CARTESIAN_POINT('',(544.,85.5));
#1360 = CARTESIAN_POINT('',(541.61843013959,89.625));
#1361 = CARTESIAN_POINT('',(539.23686027918,93.75));
#1362 = CARTESIAN_POINT('',(544.,93.75));
#1363 = ( GEOMETRIC_REPRESENTATION_CONTEXT(2) 
PARAMETRIC_REPRESENTATION_CONTEXT() REPRESENTATION_CONTEXT('2D SPACE',''
  ) );
#1364 = PCURVE('',#832,#1365);
#1365 = DEFINITIONAL_REPRESENTATION('',(#1366),#1370);
#1366 = LINE('',#1367,#1368);
#1367 = CARTESIAN_POINT('',(0.,1.));
#1368 = VECTOR('',#1369,1.);
#1369 = DIRECTION('',(1.,0.));
#1370 = ( GEOMETRIC_REPRESENTATION_CONTEXT(2) 
PARAMETRIC_REPRESENTATION_CONTEXT() REPRESENTATION_CONTEXT('2D SPACE',''
  ) );
#1371 = FACE_BOUND('',#1372,.T.);
#1372 = EDGE_LOOP('',(#1373));
#1373 = ORIENTED_EDGE('',*,*,#1374,.T.);
#1374 = EDGE_CURVE('',#1375,#1375,#1377,.T.);
#1375 = VERTEX_POINT('',#1376);
#1376 = CARTESIAN_POINT('',(54.75,62.,200.));
#1377 = SURFACE_CURVE('',#1378,(#1383,#1394),.PCURVE_S1.);
#1378 = CIRCLE('',#1379,2.75);
#1379 = AXIS2_PLACEMENT_3D('',#1380,#1381,#1382);
#1380 = CARTESIAN_POINT('',(52.,62.,200.));
#1381 = DIRECTION('',(0.,-1.,2.22044604925E-16));
#1382 = DIRECTION('',(1.,0.,0.));
#1383 = PCURVE('',#100,#1384);
#1384 = DEFINITIONAL_REPRESENTATION('',(#1385),#1393);
#1385 = ( BOUNDED_CURVE() B_SPLINE_CURVE(2,(#1386,#1387,#1388,#1389,
#1390,#1391,#1392),.UNSPECIFIED.,.T.,.F.) B_SPLINE_CURVE_WITH_KNOTS((1,2
    ,2,2,2,1),(-2.094395102393,0.,2.094395102393,4.188790204786,
6.28318530718,8.377580409573),.UNSPECIFIED.) CURVE() 
GEOMETRIC_REPRESENTATION_ITEM() RATIONAL_B_SPLINE_CURVE((1.,0.5,1.,0.5,
1.,0.5,1.)) REPRESENTATION_ITEM('') );
#1386 = CARTESIAN_POINT('',(370.,129.75));
#1387 = CARTESIAN_POINT('',(374.76313972081,129.75));
#1388 = CARTESIAN_POINT('',(372.3815698604,125.625));
#1389 = CARTESIAN_POINT('',(370.,121.5));
#1390 = CARTESIAN_POINT('',(367.61843013959,125.625));
#1391 = CARTESIAN_POINT('',(365.23686027918,129.75));
#1392 = CARTESIAN_POINT('',(370.,129.75));
#1393 = ( GEOMETRIC_REPRESENTATION_CONTEXT(2) 
PARAMETRIC_REPRESENTATION_CONTEXT() REPRESENTATION_CONTEXT('2D SPACE',''
  ) );
#1394 = PCURVE('',#867,#1395);
#1395 = DEFINITIONAL_REPRESENTATION('',(#1396),#1400);
#1396 = LINE('',#1397,#1398);
#1397 = CARTESIAN_POINT('',(0.,1.));
#1398 = VECTOR('',#1399,1.);
#1399 = DIRECTION('',(1.,0.));
#1400 = ( GEOMETRIC_REPRESENTATION_CONTEXT(2) 
PARAMETRIC_REPRESENTATION_CONTEXT() REPRESENTATION_CONTEXT('2D SPACE',''
  ) );
#1401 = FACE_BOUND('',#1402,.T.);
#1402 = EDGE_LOOP('',(#1403));
#1403 = ORIENTED_EDGE('',*,*,#1404,.T.);
#1404 = EDGE_CURVE('',#1405,#1405,#1407,.T.);
#1405 = VERTEX_POINT('',#1406);
#1406 = CARTESIAN_POINT('',(65.25,62.,398.));
#1407 = SURFACE_CURVE('',#1408,(#1413,#1424),.PCURVE_S1.);
#1408 = CIRCLE('',#1409,3.25);
#1409 = AXIS2_PLACEMENT_3D('',#1410,#1411,#1412);
#1410 = CARTESIAN_POINT('',(62.,62.,398.));
#1411 = DIRECTION('',(0.,-1.,2.22044604925E-16));
#1412 = DIRECTION('',(1.,0.,0.));
#1413 = PCURVE('',#100,#1414);
#1414 = DEFINITIONAL_REPRESENTATION('',(#1415),#1423);
#1415 = ( BOUNDED_CURVE() B_SPLINE_CURVE(2,(#1416,#1417,#1418,#1419,
#1420,#1421,#1422),.UNSPECIFIED.,.T.,.F.) B_SPLINE_CURVE_WITH_KNOTS((1,2
    ,2,2,2,1),(-2.094395102393,0.,2.094395102393,4.188790204786,
6.28318530718,8.377580409573),.UNSPECIFIED.) CURVE() 
GEOMETRIC_REPRESENTATION_ITEM() RATIONAL_B_SPLINE_CURVE((1.,0.5,1.,0.5,
1.,0.5,1.)) REPRESENTATION_ITEM('') );
#1416 = CARTESIAN_POINT('',(568.,140.25));
#1417 = CARTESIAN_POINT('',(573.62916512459,140.25));
#1418 = CARTESIAN_POINT('',(570.81458256229,135.375));
#1419 = CARTESIAN_POINT('',(568.,130.5));
#1420 = CARTESIAN_POINT('',(565.1854174377,135.375));
#1421 = CARTESIAN_POINT('',(562.3708348754,140.25));
#1422 = CARTESIAN_POINT('',(568.,140.25));
#1423 = ( GEOMETRIC_REPRESENTATION_CONTEXT(2) 
PARAMETRIC_REPRESENTATION_CONTEXT() REPRESENTATION_CONTEXT('2D SPACE',''
  ) );
#1424 = PCURVE('',#902,#1425);
#1425 = DEFINITIONAL_REPRESENTATION('',(#1426),#1430);
#1426 = LINE('',#1427,#1428);
#1427 = CARTESIAN_POINT('',(0.,1.));
#1428 = VECTOR('',#1429,1.);
#1429 = DIRECTION('',(1.,0.));
#1430 = ( GEOMETRIC_REPRESENTATION_CONTEXT(2) 
PARAMETRIC_REPRESENTATION_CONTEXT() REPRESENTATION_CONTEXT('2D SPACE',''
  ) );
#1431 = ADVANCED_FACE('',(#1432),#72,.F.);
#1432 = FACE_BOUND('',#1433,.F.);
#1433 = EDGE_LOOP('',(#1434,#1435,#1436,#1457));
#1434 = ORIENTED_EDGE('',*,*,#56,.F.);
#1435 = ORIENTED_EDGE('',*,*,#141,.T.);
#1436 = ORIENTED_EDGE('',*,*,#1437,.T.);
#1437 = EDGE_CURVE('',#142,#967,#1438,.T.);
#1438 = SURFACE_CURVE('',#1439,(#1443,#1450),.PCURVE_S1.);
#1439 = LINE('',#1440,#1441);
#1440 = CARTESIAN_POINT('',(75.,50.,-170.));
#1441 = VECTOR('',#1442,1.);
#1442 = DIRECTION('',(-0.,1.,0.));
#1443 = PCURVE('',#72,#1444);
#1444 = DEFINITIONAL_REPRESENTATION('',(#1445),#1449);
#1445 = LINE('',#1446,#1447);
#1446 = CARTESIAN_POINT('',(150.,0.));
#1447 = VECTOR('',#1448,1.);
#1448 = DIRECTION('',(0.,1.));
#1449 = ( GEOMETRIC_REPRESENTATION_CONTEXT(2) 
PARAMETRIC_REPRESENTATION_CONTEXT() REPRESENTATION_CONTEXT('2D SPACE',''
  ) );
#1450 = PCURVE('',#202,#1451);
#1451 = DEFINITIONAL_REPRESENTATION('',(#1452),#1456);
#1452 = LINE('',#1453,#1454);
#1453 = CARTESIAN_POINT('',(0.,0.));
#1454 = VECTOR('',#1455,1.);
#1455 = DIRECTION('',(0.,-1.));
#1456 = ( GEOMETRIC_REPRESENTATION_CONTEXT(2) 
PARAMETRIC_REPRESENTATION_CONTEXT() REPRESENTATION_CONTEXT('2D SPACE',''
  ) );
#1457 = ORIENTED_EDGE('',*,*,#966,.F.);
#1458 = ADVANCED_FACE('',(#1459),#202,.T.);
#1459 = FACE_BOUND('',#1460,.T.);
#1460 = EDGE_LOOP('',(#1461,#1462,#1463,#1464));
#1461 = ORIENTED_EDGE('',*,*,#188,.F.);
#1462 = ORIENTED_EDGE('',*,*,#1437,.T.);
#1463 = ORIENTED_EDGE('',*,*,#991,.T.);
#1464 = ORIENTED_EDGE('',*,*,#919,.F.);
#1465 = ADVANCED_FACE('',(#1466),#237,.F.);
#1466 = FACE_BOUND('',#1467,.F.);
#1467 = EDGE_LOOP('',(#1468,#1469,#1492,#1519));
#1468 = ORIENTED_EDGE('',*,*,#216,.F.);
#1469 = ORIENTED_EDGE('',*,*,#1470,.F.);
#1470 = EDGE_CURVE('',#1471,#217,#1473,.T.);
#1471 = VERTEX_POINT('',#1472);
#1472 = CARTESIAN_POINT('',(-59.9,60.,-151.));
#1473 = SEAM_CURVE('',#1474,(#1478,#1485),.PCURVE_S1.);
#1474 = LINE('',#1475,#1476);
#1475 = CARTESIAN_POINT('',(-59.9,60.,-151.));
#1476 = VECTOR('',#1477,1.);
#1477 = DIRECTION('',(0.,-1.,2.22044604925E-16));
#1478 = PCURVE('',#237,#1479);
#1479 = DEFINITIONAL_REPRESENTATION('',(#1480),#1484);
#1480 = LINE('',#1481,#1482);
#1481 = CARTESIAN_POINT('',(6.28318530718,-0.));
#1482 = VECTOR('',#1483,1.);
#1483 = DIRECTION('',(0.,1.));
#1484 = ( GEOMETRIC_REPRESENTATION_CONTEXT(2) 
PARAMETRIC_REPRESENTATION_CONTEXT() REPRESENTATION_CONTEXT('2D SPACE',''
  ) );
#1485 = PCURVE('',#237,#1486);
#1486 = DEFINITIONAL_REPRESENTATION('',(#1487),#1491);
#1487 = LINE('',#1488,#1489);
#1488 = CARTESIAN_POINT('',(0.,-0.));
#1489 = VECTOR('',#1490,1.);
#1490 = DIRECTION('',(0.,1.));
#1491 = ( GEOMETRIC_REPRESENTATION_CONTEXT(2) 
PARAMETRIC_REPRESENTATION_CONTEXT() REPRESENTATION_CONTEXT('2D SPACE',''
  ) );
#1492 = ORIENTED_EDGE('',*,*,#1493,.T.);
#1493 = EDGE_CURVE('',#1471,#1471,#1494,.T.);
#1494 = SURFACE_CURVE('',#1495,(#1500,#1507),.PCURVE_S1.);
#1495 = CIRCLE('',#1496,2.1);
#1496 = AXIS2_PLACEMENT_3D('',#1497,#1498,#1499);
#1497 = CARTESIAN_POINT('',(-62.,60.,-151.));
#1498 = DIRECTION('',(0.,-1.,2.22044604925E-16));
#1499 = DIRECTION('',(1.,0.,0.));
#1500 = PCURVE('',#237,#1501);
#1501 = DEFINITIONAL_REPRESENTATION('',(#1502),#1506);
#1502 = LINE('',#1503,#1504);
#1503 = CARTESIAN_POINT('',(0.,0.));
#1504 = VECTOR('',#1505,1.);
#1505 = DIRECTION('',(1.,0.));
#1506 = ( GEOMETRIC_REPRESENTATION_CONTEXT(2) 
PARAMETRIC_REPRESENTATION_CONTEXT() REPRESENTATION_CONTEXT('2D SPACE',''
  ) );
#1507 = PCURVE('',#1508,#1513);
#1508 = PLANE('',#1509);
#1509 = AXIS2_PLACEMENT_3D('',#1510,#1511,#1512);
#1510 = CARTESIAN_POINT('',(-62.,60.,-151.));
#1511 = DIRECTION('',(0.,-1.,2.22044604925E-16));
#1512 = DIRECTION('',(1.,0.,0.));
#1513 = DEFINITIONAL_REPRESENTATION('',(#1514),#1518);
#1514 = CIRCLE('',#1515,2.1);
#1515 = AXIS2_PLACEMENT_2D('',#1516,#1517);
#1516 = CARTESIAN_POINT('',(0.,0.));
#1517 = DIRECTION('',(1.,0.));
#1518 = ( GEOMETRIC_REPRESENTATION_CONTEXT(2) 
PARAMETRIC_REPRESENTATION_CONTEXT() REPRESENTATION_CONTEXT('2D SPACE',''
  ) );
#1519 = ORIENTED_EDGE('',*,*,#1470,.T.);
#1520 = ADVANCED_FACE('',(#1521),#272,.F.);
#1521 = FACE_BOUND('',#1522,.F.);
#1522 = EDGE_LOOP('',(#1523,#1524,#1547,#1574));
#1523 = ORIENTED_EDGE('',*,*,#251,.F.);
#1524 = ORIENTED_EDGE('',*,*,#1525,.F.);
#1525 = EDGE_CURVE('',#1526,#252,#1528,.T.);
#1526 = VERTEX_POINT('',#1527);
#1527 = CARTESIAN_POINT('',(-59.9,60.,-19.));
#1528 = SEAM_CURVE('',#1529,(#1533,#1540),.PCURVE_S1.);
#1529 = LINE('',#1530,#1531);
#1530 = CARTESIAN_POINT('',(-59.9,60.,-19.));
#1531 = VECTOR('',#1532,1.);
#1532 = DIRECTION('',(0.,-1.,2.22044604925E-16));
#1533 = PCURVE('',#272,#1534);
#1534 = DEFINITIONAL_REPRESENTATION('',(#1535),#1539);
#1535 = LINE('',#1536,#1537);
#1536 = CARTESIAN_POINT('',(6.28318530718,-0.));
#1537 = VECTOR('',#1538,1.);
#1538 = DIRECTION('',(0.,1.));
#1539 = ( GEOMETRIC_REPRESENTATION_CONTEXT(2) 
PARAMETRIC_REPRESENTATION_CONTEXT() REPRESENTATION_CONTEXT('2D SPACE',''
  ) );
#1540 = PCURVE('',#272,#1541);
#1541 = DEFINITIONAL_REPRESENTATION('',(#1542),#1546);
#1542 = LINE('',#1543,#1544);
#1543 = CARTESIAN_POINT('',(0.,-0.));
#1544 = VECTOR('',#1545,1.);
#1545 = DIRECTION('',(0.,1.));
#1546 = ( GEOMETRIC_REPRESENTATION_CONTEXT(2) 
PARAMETRIC_REPRESENTATION_CONTEXT() REPRESENTATION_CONTEXT('2D SPACE',''
  ) );
#1547 = ORIENTED_EDGE('',*,*,#1548,.T.);
#1548 = EDGE_CURVE('',#1526,#1526,#1549,.T.);
#1549 = SURFACE_CURVE('',#1550,(#1555,#1562),.PCURVE_S1.);
#1550 = CIRCLE('',#1551,2.1);
#1551 = AXIS2_PLACEMENT_3D('',#1552,#1553,#1554);
#1552 = CARTESIAN_POINT('',(-62.,60.,-19.));
#1553 = DIRECTION('',(0.,-1.,2.22044604925E-16));
#1554 = DIRECTION('',(1.,0.,0.));
#1555 = PCURVE('',#272,#1556);
#1556 = DEFINITIONAL_REPRESENTATION('',(#1557),#1561);
#1557 = LINE('',#1558,#1559);
#1558 = CARTESIAN_POINT('',(0.,0.));
#1559 = VECTOR('',#1560,1.);
#1560 = DIRECTION('',(1.,0.));
#1561 = ( GEOMETRIC_REPRESENTATION_CONTEXT(2) 
PARAMETRIC_REPRESENTATION_CONTEXT() REPRESENTATION_CONTEXT('2D SPACE',''
  ) );
#1562 = PCURVE('',#1563,#1568);
#1563 = PLANE('',#1564);
#1564 = AXIS2_PLACEMENT_3D('',#1565,#1566,#1567);
#1565 = CARTESIAN_POINT('',(-62.,60.,-19.));
#1566 = DIRECTION('',(0.,-1.,2.22044604925E-16));
#1567 = DIRECTION('',(1.,0.,0.));
#1568 = DEFINITIONAL_REPRESENTATION('',(#1569),#1573);
#1569 = CIRCLE('',#1570,2.1);
#1570 = AXIS2_PLACEMENT_2D('',#1571,#1572);
#1571 = CARTESIAN_POINT('',(0.,0.));
#1572 = DIRECTION('',(1.,0.));
#1573 = ( GEOMETRIC_REPRESENTATION_CONTEXT(2) 
PARAMETRIC_REPRESENTATION_CONTEXT() REPRESENTATION_CONTEXT('2D SPACE',''
  ) );
#1574 = ORIENTED_EDGE('',*,*,#1525,.T.);
#1575 = ADVANCED_FACE('',(#1576),#307,.F.);
#1576 = FACE_BOUND('',#1577,.F.);
#1577 = EDGE_LOOP('',(#1578,#1579,#1600,#1601));
#1578 = ORIENTED_EDGE('',*,*,#286,.F.);
#1579 = ORIENTED_EDGE('',*,*,#1580,.F.);
#1580 = EDGE_CURVE('',#1015,#287,#1581,.T.);
#1581 = SEAM_CURVE('',#1582,(#1586,#1593),.PCURVE_S1.);
#1582 = LINE('',#1583,#1584);
#1583 = CARTESIAN_POINT('',(-49.25,63.,100.));
#1584 = VECTOR('',#1585,1.);
#1585 = DIRECTION('',(0.,-1.,2.22044604925E-16));
#1586 = PCURVE('',#307,#1587);
#1587 = DEFINITIONAL_REPRESENTATION('',(#1588),#1592);
#1588 = LINE('',#1589,#1590);
#1589 = CARTESIAN_POINT('',(6.28318530718,-0.));
#1590 = VECTOR('',#1591,1.);
#1591 = DIRECTION('',(0.,1.));
#1592 = ( GEOMETRIC_REPRESENTATION_CONTEXT(2) 
PARAMETRIC_REPRESENTATION_CONTEXT() REPRESENTATION_CONTEXT('2D SPACE',''
  ) );
#1593 = PCURVE('',#307,#1594);
#1594 = DEFINITIONAL_REPRESENTATION('',(#1595),#1599);
#1595 = LINE('',#1596,#1597);
#1596 = CARTESIAN_POINT('',(0.,-0.));
#1597 = VECTOR('',#1598,1.);
#1598 = DIRECTION('',(0.,1.));
#1599 = ( GEOMETRIC_REPRESENTATION_CONTEXT(2) 
PARAMETRIC_REPRESENTATION_CONTEXT() REPRESENTATION_CONTEXT('2D SPACE',''
  ) );
#1600 = ORIENTED_EDGE('',*,*,#1014,.T.);
#1601 = ORIENTED_EDGE('',*,*,#1580,.T.);
#1602 = ADVANCED_FACE('',(#1603),#342,.F.);
#1603 = FACE_BOUND('',#1604,.F.);
#1604 = EDGE_LOOP('',(#1605,#1606,#1627,#1628));
#1605 = ORIENTED_EDGE('',*,*,#321,.F.);
#1606 = ORIENTED_EDGE('',*,*,#1607,.F.);
#1607 = EDGE_CURVE('',#1045,#322,#1608,.T.);
#1608 = SEAM_CURVE('',#1609,(#1613,#1620),.PCURVE_S1.);
#1609 = LINE('',#1610,#1611);
#1610 = CARTESIAN_POINT('',(-42.25,63.,25.));
#1611 = VECTOR('',#1612,1.);
#1612 = DIRECTION('',(0.,-1.,2.22044604925E-16));
#1613 = PCURVE('',#342,#1614);
#1614 = DEFINITIONAL_REPRESENTATION('',(#1615),#1619);
#1615 = LINE('',#1616,#1617);
#1616 = CARTESIAN_POINT('',(6.28318530718,-0.));
#1617 = VECTOR('',#1618,1.);
#1618 = DIRECTION('',(0.,1.));
#1619 = ( GEOMETRIC_REPRESENTATION_CONTEXT(2) 
PARAMETRIC_REPRESENTATION_CONTEXT() REPRESENTATION_CONTEXT('2D SPACE',''
  ) );
#1620 = PCURVE('',#342,#1621);
#1621 = DEFINITIONAL_REPRESENTATION('',(#1622),#1626);
#1622 = LINE('',#1623,#1624);
#1623 = CARTESIAN_POINT('',(0.,-0.));
#1624 = VECTOR('',#1625,1.);
#1625 = DIRECTION('',(0.,1.));
#1626 = ( GEOMETRIC_REPRESENTATION_CONTEXT(2) 
PARAMETRIC_REPRESENTATION_CONTEXT() REPRESENTATION_CONTEXT('2D SPACE',''
  ) );
#1627 = ORIENTED_EDGE('',*,*,#1044,.T.);
#1628 = ORIENTED_EDGE('',*,*,#1607,.T.);
#1629 = ADVANCED_FACE('',(#1630),#377,.F.);
#1630 = FACE_BOUND('',#1631,.F.);
#1631 = EDGE_LOOP('',(#1632,#1633,#1654,#1655));
#1632 = ORIENTED_EDGE('',*,*,#356,.F.);
#1633 = ORIENTED_EDGE('',*,*,#1634,.F.);
#1634 = EDGE_CURVE('',#1075,#357,#1635,.T.);
#1635 = SEAM_CURVE('',#1636,(#1640,#1647),.PCURVE_S1.);
#1636 = LINE('',#1637,#1638);
#1637 = CARTESIAN_POINT('',(-42.25,63.,50.));
#1638 = VECTOR('',#1639,1.);
#1639 = DIRECTION('',(0.,-1.,2.22044604925E-16));
#1640 = PCURVE('',#377,#1641);
#1641 = DEFINITIONAL_REPRESENTATION('',(#1642),#1646);
#1642 = LINE('',#1643,#1644);
#1643 = CARTESIAN_POINT('',(6.28318530718,-0.));
#1644 = VECTOR('',#1645,1.);
#1645 = DIRECTION('',(0.,1.));
#1646 = ( GEOMETRIC_REPRESENTATION_CONTEXT(2) 
PARAMETRIC_REPRESENTATION_CONTEXT() REPRESENTATION_CONTEXT('2D SPACE',''
  ) );
#1647 = PCURVE('',#377,#1648);
#1648 = DEFINITIONAL_REPRESENTATION('',(#1649),#1653);
#1649 = LINE('',#1650,#1651);
#1650 = CARTESIAN_POINT('',(0.,-0.));
#1651 = VECTOR('',#1652,1.);
#1652 = DIRECTION('',(0.,1.));
#1653 = ( GEOMETRIC_REPRESENTATION_CONTEXT(2) 
PARAMETRIC_REPRESENTATION_CONTEXT() REPRESENTATION_CONTEXT('2D SPACE',''
  ) );
#1654 = ORIENTED_EDGE('',*,*,#1074,.T.);
#1655 = ORIENTED_EDGE('',*,*,#1634,.T.);
#1656 = ADVANCED_FACE('',(#1657),#412,.F.);
#1657 = FACE_BOUND('',#1658,.F.);
#1658 = EDGE_LOOP('',(#1659,#1660,#1681,#1682));
#1659 = ORIENTED_EDGE('',*,*,#391,.F.);
#1660 = ORIENTED_EDGE('',*,*,#1661,.F.);
#1661 = EDGE_CURVE('',#1105,#392,#1662,.T.);
#1662 = SEAM_CURVE('',#1663,(#1667,#1674),.PCURVE_S1.);
#1663 = LINE('',#1664,#1665);
#1664 = CARTESIAN_POINT('',(-26.75,63.,-160.));
#1665 = VECTOR('',#1666,1.);
#1666 = DIRECTION('',(0.,-1.,2.22044604925E-16));
#1667 = PCURVE('',#412,#1668);
#1668 = DEFINITIONAL_REPRESENTATION('',(#1669),#1673);
#1669 = LINE('',#1670,#1671);
#1670 = CARTESIAN_POINT('',(6.28318530718,-0.));
#1671 = VECTOR('',#1672,1.);
#1672 = DIRECTION('',(0.,1.));
#1673 = ( GEOMETRIC_REPRESENTATION_CONTEXT(2) 
PARAMETRIC_REPRESENTATION_CONTEXT() REPRESENTATION_CONTEXT('2D SPACE',''
  ) );
#1674 = PCURVE('',#412,#1675);
#1675 = DEFINITIONAL_REPRESENTATION('',(#1676),#1680);
#1676 = LINE('',#1677,#1678);
#1677 = CARTESIAN_POINT('',(0.,-0.));
#1678 = VECTOR('',#1679,1.);
#1679 = DIRECTION('',(0.,1.));
#1680 = ( GEOMETRIC_REPRESENTATION_CONTEXT(2) 
PARAMETRIC_REPRESENTATION_CONTEXT() REPRESENTATION_CONTEXT('2D SPACE',''
  ) );
#1681 = ORIENTED_EDGE('',*,*,#1104,.T.);
#1682 = ORIENTED_EDGE('',*,*,#1661,.T.);
#1683 = ADVANCED_FACE('',(#1684),#447,.F.);
#1684 = FACE_BOUND('',#1685,.F.);
#1685 = EDGE_LOOP('',(#1686,#1687,#1710,#1737));
#1686 = ORIENTED_EDGE('',*,*,#426,.F.);
#1687 = ORIENTED_EDGE('',*,*,#1688,.F.);
#1688 = EDGE_CURVE('',#1689,#427,#1691,.T.);
#1689 = VERTEX_POINT('',#1690);
#1690 = CARTESIAN_POINT('',(-13.35,60.,-10.));
#1691 = SEAM_CURVE('',#1692,(#1696,#1703),.PCURVE_S1.);
#1692 = LINE('',#1693,#1694);
#1693 = CARTESIAN_POINT('',(-13.35,60.,-10.));
#1694 = VECTOR('',#1695,1.);
#1695 = DIRECTION('',(0.,-1.,2.22044604925E-16));
#1696 = PCURVE('',#447,#1697);
#1697 = DEFINITIONAL_REPRESENTATION('',(#1698),#1702);
#1698 = LINE('',#1699,#1700);
#1699 = CARTESIAN_POINT('',(6.28318530718,-0.));
#1700 = VECTOR('',#1701,1.);
#1701 = DIRECTION('',(0.,1.));
#1702 = ( GEOMETRIC_REPRESENTATION_CONTEXT(2) 
PARAMETRIC_REPRESENTATION_CONTEXT() REPRESENTATION_CONTEXT('2D SPACE',''
  ) );
#1703 = PCURVE('',#447,#1704);
#1704 = DEFINITIONAL_REPRESENTATION('',(#1705),#1709);
#1705 = LINE('',#1706,#1707);
#1706 = CARTESIAN_POINT('',(0.,-0.));
#1707 = VECTOR('',#1708,1.);
#1708 = DIRECTION('',(0.,1.));
#1709 = ( GEOMETRIC_REPRESENTATION_CONTEXT(2) 
PARAMETRIC_REPRESENTATION_CONTEXT() REPRESENTATION_CONTEXT('2D SPACE',''
  ) );
#1710 = ORIENTED_EDGE('',*,*,#1711,.T.);
#1711 = EDGE_CURVE('',#1689,#1689,#1712,.T.);
#1712 = SURFACE_CURVE('',#1713,(#1718,#1725),.PCURVE_S1.);
#1713 = CIRCLE('',#1714,1.65);
#1714 = AXIS2_PLACEMENT_3D('',#1715,#1716,#1717);
#1715 = CARTESIAN_POINT('',(-15.,60.,-10.));
#1716 = DIRECTION('',(0.,-1.,2.22044604925E-16));
#1717 = DIRECTION('',(1.,0.,0.));
#1718 = PCURVE('',#447,#1719);
#1719 = DEFINITIONAL_REPRESENTATION('',(#1720),#1724);
#1720 = LINE('',#1721,#1722);
#1721 = CARTESIAN_POINT('',(0.,0.));
#1722 = VECTOR('',#1723,1.);
#1723 = DIRECTION('',(1.,0.));
#1724 = ( GEOMETRIC_REPRESENTATION_CONTEXT(2) 
PARAMETRIC_REPRESENTATION_CONTEXT() REPRESENTATION_CONTEXT('2D SPACE',''
  ) );
#1725 = PCURVE('',#1726,#1731);
#1726 = PLANE('',#1727);
#1727 = AXIS2_PLACEMENT_3D('',#1728,#1729,#1730);
#1728 = CARTESIAN_POINT('',(-15.,60.,-10.));
#1729 = DIRECTION('',(0.,-1.,2.22044604925E-16));
#1730 = DIRECTION('',(1.,0.,0.));
#1731 = DEFINITIONAL_REPRESENTATION('',(#1732),#1736);
#1732 = CIRCLE('',#1733,1.65);
#1733 = AXIS2_PLACEMENT_2D('',#1734,#1735);
#1734 = CARTESIAN_POINT('',(0.,0.));
#1735 = DIRECTION('',(1.,0.));
#1736 = ( GEOMETRIC_REPRESENTATION_CONTEXT(2) 
PARAMETRIC_REPRESENTATION_CONTEXT() REPRESENTATION_CONTEXT('2D SPACE',''
  ) );
#1737 = ORIENTED_EDGE('',*,*,#1688,.T.);
#1738 = ADVANCED_FACE('',(#1739),#482,.F.);
#1739 = FACE_BOUND('',#1740,.F.);
#1740 = EDGE_LOOP('',(#1741,#1742,#1763,#1764));
#1741 = ORIENTED_EDGE('',*,*,#461,.F.);
#1742 = ORIENTED_EDGE('',*,*,#1743,.F.);
#1743 = EDGE_CURVE('',#1135,#462,#1744,.T.);
#1744 = SEAM_CURVE('',#1745,(#1749,#1756),.PCURVE_S1.);
#1745 = LINE('',#1746,#1747);
#1746 = CARTESIAN_POINT('',(-49.25,63.,200.));
#1747 = VECTOR('',#1748,1.);
#1748 = DIRECTION('',(0.,-1.,2.22044604925E-16));
#1749 = PCURVE('',#482,#1750);
#1750 = DEFINITIONAL_REPRESENTATION('',(#1751),#1755);
#1751 = LINE('',#1752,#1753);
#1752 = CARTESIAN_POINT('',(6.28318530718,-0.));
#1753 = VECTOR('',#1754,1.);
#1754 = DIRECTION('',(0.,1.));
#1755 = ( GEOMETRIC_REPRESENTATION_CONTEXT(2) 
PARAMETRIC_REPRESENTATION_CONTEXT() REPRESENTATION_CONTEXT('2D SPACE',''
  ) );
#1756 = PCURVE('',#482,#1757);
#1757 = DEFINITIONAL_REPRESENTATION('',(#1758),#1762);
#1758 = LINE('',#1759,#1760);
#1759 = CARTESIAN_POINT('',(0.,-0.));
#1760 = VECTOR('',#1761,1.);
#1761 = DIRECTION('',(0.,1.));
#1762 = ( GEOMETRIC_REPRESENTATION_CONTEXT(2) 
PARAMETRIC_REPRESENTATION_CONTEXT() REPRESENTATION_CONTEXT('2D SPACE',''
  ) );
#1763 = ORIENTED_EDGE('',*,*,#1134,.T.);
#1764 = ORIENTED_EDGE('',*,*,#1743,.T.);
#1765 = ADVANCED_FACE('',(#1766),#517,.F.);
#1766 = FACE_BOUND('',#1767,.F.);
#1767 = EDGE_LOOP('',(#1768,#1769,#1790,#1791));
#1768 = ORIENTED_EDGE('',*,*,#496,.F.);
#1769 = ORIENTED_EDGE('',*,*,#1770,.F.);
#1770 = EDGE_CURVE('',#1165,#497,#1771,.T.);
#1771 = SEAM_CURVE('',#1772,(#1776,#1783),.PCURVE_S1.);
#1772 = LINE('',#1773,#1774);
#1773 = CARTESIAN_POINT('',(-58.75,63.,398.));
#1774 = VECTOR('',#1775,1.);
#1775 = DIRECTION('',(0.,-1.,2.22044604925E-16));
#1776 = PCURVE('',#517,#1777);
#1777 = DEFINITIONAL_REPRESENTATION('',(#1778),#1782);
#1778 = LINE('',#1779,#1780);
#1779 = CARTESIAN_POINT('',(6.28318530718,-0.));
#1780 = VECTOR('',#1781,1.);
#1781 = DIRECTION('',(0.,1.));
#1782 = ( GEOMETRIC_REPRESENTATION_CONTEXT(2) 
PARAMETRIC_REPRESENTATION_CONTEXT() REPRESENTATION_CONTEXT('2D SPACE',''
  ) );
#1783 = PCURVE('',#517,#1784);
#1784 = DEFINITIONAL_REPRESENTATION('',(#1785),#1789);
#1785 = LINE('',#1786,#1787);
#1786 = CARTESIAN_POINT('',(0.,-0.));
#1787 = VECTOR('',#1788,1.);
#1788 = DIRECTION('',(0.,1.));
#1789 = ( GEOMETRIC_REPRESENTATION_CONTEXT(2) 
PARAMETRIC_REPRESENTATION_CONTEXT() REPRESENTATION_CONTEXT('2D SPACE',''
  ) );
#1790 = ORIENTED_EDGE('',*,*,#1164,.T.);
#1791 = ORIENTED_EDGE('',*,*,#1770,.T.);
#1792 = ADVANCED_FACE('',(#1793),#552,.F.);
#1793 = FACE_BOUND('',#1794,.F.);
#1794 = EDGE_LOOP('',(#1795,#1796,#1817,#1818));
#1795 = ORIENTED_EDGE('',*,*,#531,.F.);
#1796 = ORIENTED_EDGE('',*,*,#1797,.F.);
#1797 = EDGE_CURVE('',#1195,#532,#1798,.T.);
#1798 = SEAM_CURVE('',#1799,(#1803,#1810),.PCURVE_S1.);
#1799 = LINE('',#1800,#1801);
#1800 = CARTESIAN_POINT('',(-13.25,63.,374.));
#1801 = VECTOR('',#1802,1.);
#1802 = DIRECTION('',(0.,-1.,2.22044604925E-16));
#1803 = PCURVE('',#552,#1804);
#1804 = DEFINITIONAL_REPRESENTATION('',(#1805),#1809);
#1805 = LINE('',#1806,#1807);
#1806 = CARTESIAN_POINT('',(6.28318530718,-0.));
#1807 = VECTOR('',#1808,1.);
#1808 = DIRECTION('',(0.,1.));
#1809 = ( GEOMETRIC_REPRESENTATION_CONTEXT(2) 
PARAMETRIC_REPRESENTATION_CONTEXT() REPRESENTATION_CONTEXT('2D SPACE',''
  ) );
#1810 = PCURVE('',#552,#1811);
#1811 = DEFINITIONAL_REPRESENTATION('',(#1812),#1816);
#1812 = LINE('',#1813,#1814);
#1813 = CARTESIAN_POINT('',(0.,-0.));
#1814 = VECTOR('',#1815,1.);
#1815 = DIRECTION('',(0.,1.));
#1816 = ( GEOMETRIC_REPRESENTATION_CONTEXT(2) 
PARAMETRIC_REPRESENTATION_CONTEXT() REPRESENTATION_CONTEXT('2D SPACE',''
  ) );
#1817 = ORIENTED_EDGE('',*,*,#1194,.T.);
#1818 = ORIENTED_EDGE('',*,*,#1797,.T.);
#1819 = ADVANCED_FACE('',(#1820),#587,.F.);
#1820 = FACE_BOUND('',#1821,.F.);
#1821 = EDGE_LOOP('',(#1822,#1823,#1844,#1845));
#1822 = ORIENTED_EDGE('',*,*,#566,.F.);
#1823 = ORIENTED_EDGE('',*,*,#1824,.F.);
#1824 = EDGE_CURVE('',#1225,#567,#1825,.T.);
#1825 = SEAM_CURVE('',#1826,(#1830,#1837),.PCURVE_S1.);
#1826 = LINE('',#1827,#1828);
#1827 = CARTESIAN_POINT('',(33.25,63.,-160.));
#1828 = VECTOR('',#1829,1.);
#1829 = DIRECTION('',(0.,-1.,2.22044604925E-16));
#1830 = PCURVE('',#587,#1831);
#1831 = DEFINITIONAL_REPRESENTATION('',(#1832),#1836);
#1832 = LINE('',#1833,#1834);
#1833 = CARTESIAN_POINT('',(6.28318530718,-0.));
#1834 = VECTOR('',#1835,1.);
#1835 = DIRECTION('',(0.,1.));
#1836 = ( GEOMETRIC_REPRESENTATION_CONTEXT(2) 
PARAMETRIC_REPRESENTATION_CONTEXT() REPRESENTATION_CONTEXT('2D SPACE',''
  ) );
#1837 = PCURVE('',#587,#1838);
#1838 = DEFINITIONAL_REPRESENTATION('',(#1839),#1843);
#1839 = LINE('',#1840,#1841);
#1840 = CARTESIAN_POINT('',(0.,-0.));
#1841 = VECTOR('',#1842,1.);
#1842 = DIRECTION('',(0.,1.));
#1843 = ( GEOMETRIC_REPRESENTATION_CONTEXT(2) 
PARAMETRIC_REPRESENTATION_CONTEXT() REPRESENTATION_CONTEXT('2D SPACE',''
  ) );
#1844 = ORIENTED_EDGE('',*,*,#1224,.T.);
#1845 = ORIENTED_EDGE('',*,*,#1824,.T.);
#1846 = ADVANCED_FACE('',(#1847),#622,.F.);
#1847 = FACE_BOUND('',#1848,.F.);
#1848 = EDGE_LOOP('',(#1849,#1850,#1873,#1900));
#1849 = ORIENTED_EDGE('',*,*,#601,.F.);
#1850 = ORIENTED_EDGE('',*,*,#1851,.F.);
#1851 = EDGE_CURVE('',#1852,#602,#1854,.T.);
#1852 = VERTEX_POINT('',#1853);
#1853 = CARTESIAN_POINT('',(16.65,60.,-10.));
#1854 = SEAM_CURVE('',#1855,(#1859,#1866),.PCURVE_S1.);
#1855 = LINE('',#1856,#1857);
#1856 = CARTESIAN_POINT('',(16.65,60.,-10.));
#1857 = VECTOR('',#1858,1.);
#1858 = DIRECTION('',(0.,-1.,2.22044604925E-16));
#1859 = PCURVE('',#622,#1860);
#1860 = DEFINITIONAL_REPRESENTATION('',(#1861),#1865);
#1861 = LINE('',#1862,#1863);
#1862 = CARTESIAN_POINT('',(6.28318530718,-0.));
#1863 = VECTOR('',#1864,1.);
#1864 = DIRECTION('',(0.,1.));
#1865 = ( GEOMETRIC_REPRESENTATION_CONTEXT(2) 
PARAMETRIC_REPRESENTATION_CONTEXT() REPRESENTATION_CONTEXT('2D SPACE',''
  ) );
#1866 = PCURVE('',#622,#1867);
#1867 = DEFINITIONAL_REPRESENTATION('',(#1868),#1872);
#1868 = LINE('',#1869,#1870);
#1869 = CARTESIAN_POINT('',(0.,-0.));
#1870 = VECTOR('',#1871,1.);
#1871 = DIRECTION('',(0.,1.));
#1872 = ( GEOMETRIC_REPRESENTATION_CONTEXT(2) 
PARAMETRIC_REPRESENTATION_CONTEXT() REPRESENTATION_CONTEXT('2D SPACE',''
  ) );
#1873 = ORIENTED_EDGE('',*,*,#1874,.T.);
#1874 = EDGE_CURVE('',#1852,#1852,#1875,.T.);
#1875 = SURFACE_CURVE('',#1876,(#1881,#1888),.PCURVE_S1.);
#1876 = CIRCLE('',#1877,1.65);
#1877 = AXIS2_PLACEMENT_3D('',#1878,#1879,#1880);
#1878 = CARTESIAN_POINT('',(15.,60.,-10.));
#1879 = DIRECTION('',(0.,-1.,2.22044604925E-16));
#1880 = DIRECTION('',(1.,0.,0.));
#1881 = PCURVE('',#622,#1882);
#1882 = DEFINITIONAL_REPRESENTATION('',(#1883),#1887);
#1883 = LINE('',#1884,#1885);
#1884 = CARTESIAN_POINT('',(0.,0.));
#1885 = VECTOR('',#1886,1.);
#1886 = DIRECTION('',(1.,0.));
#1887 = ( GEOMETRIC_REPRESENTATION_CONTEXT(2) 
PARAMETRIC_REPRESENTATION_CONTEXT() REPRESENTATION_CONTEXT('2D SPACE',''
  ) );
#1888 = PCURVE('',#1889,#1894);
#1889 = PLANE('',#1890);
#1890 = AXIS2_PLACEMENT_3D('',#1891,#1892,#1893);
#1891 = CARTESIAN_POINT('',(15.,60.,-10.));
#1892 = DIRECTION('',(0.,-1.,2.22044604925E-16));
#1893 = DIRECTION('',(1.,0.,0.));
#1894 = DEFINITIONAL_REPRESENTATION('',(#1895),#1899);
#1895 = CIRCLE('',#1896,1.65);
#1896 = AXIS2_PLACEMENT_2D('',#1897,#1898);
#1897 = CARTESIAN_POINT('',(0.,0.));
#1898 = DIRECTION('',(1.,0.));
#1899 = ( GEOMETRIC_REPRESENTATION_CONTEXT(2) 
PARAMETRIC_REPRESENTATION_CONTEXT() REPRESENTATION_CONTEXT('2D SPACE',''
  ) );
#1900 = ORIENTED_EDGE('',*,*,#1851,.T.);
#1901 = ADVANCED_FACE('',(#1902),#657,.F.);
#1902 = FACE_BOUND('',#1903,.F.);
#1903 = EDGE_LOOP('',(#1904,#1905,#1928,#1955));
#1904 = ORIENTED_EDGE('',*,*,#636,.F.);
#1905 = ORIENTED_EDGE('',*,*,#1906,.F.);
#1906 = EDGE_CURVE('',#1907,#637,#1909,.T.);
#1907 = VERTEX_POINT('',#1908);
#1908 = CARTESIAN_POINT('',(64.1,60.,-151.));
#1909 = SEAM_CURVE('',#1910,(#1914,#1921),.PCURVE_S1.);
#1910 = LINE('',#1911,#1912);
#1911 = CARTESIAN_POINT('',(64.1,60.,-151.));
#1912 = VECTOR('',#1913,1.);
#1913 = DIRECTION('',(0.,-1.,2.22044604925E-16));
#1914 = PCURVE('',#657,#1915);
#1915 = DEFINITIONAL_REPRESENTATION('',(#1916),#1920);
#1916 = LINE('',#1917,#1918);
#1917 = CARTESIAN_POINT('',(6.28318530718,-0.));
#1918 = VECTOR('',#1919,1.);
#1919 = DIRECTION('',(0.,1.));
#1920 = ( GEOMETRIC_REPRESENTATION_CONTEXT(2) 
PARAMETRIC_REPRESENTATION_CONTEXT() REPRESENTATION_CONTEXT('2D SPACE',''
  ) );
#1921 = PCURVE('',#657,#1922);
#1922 = DEFINITIONAL_REPRESENTATION('',(#1923),#1927);
#1923 = LINE('',#1924,#1925);
#1924 = CARTESIAN_POINT('',(0.,-0.));
#1925 = VECTOR('',#1926,1.);
#1926 = DIRECTION('',(0.,1.));
#1927 = ( GEOMETRIC_REPRESENTATION_CONTEXT(2) 
PARAMETRIC_REPRESENTATION_CONTEXT() REPRESENTATION_CONTEXT('2D SPACE',''
  ) );
#1928 = ORIENTED_EDGE('',*,*,#1929,.T.);
#1929 = EDGE_CURVE('',#1907,#1907,#1930,.T.);
#1930 = SURFACE_CURVE('',#1931,(#1936,#1943),.PCURVE_S1.);
#1931 = CIRCLE('',#1932,2.1);
#1932 = AXIS2_PLACEMENT_3D('',#1933,#1934,#1935);
#1933 = CARTESIAN_POINT('',(62.,60.,-151.));
#1934 = DIRECTION('',(0.,-1.,2.22044604925E-16));
#1935 = DIRECTION('',(1.,0.,0.));
#1936 = PCURVE('',#657,#1937);
#1937 = DEFINITIONAL_REPRESENTATION('',(#1938),#1942);
#1938 = LINE('',#1939,#1940);
#1939 = CARTESIAN_POINT('',(0.,0.));
#1940 = VECTOR('',#1941,1.);
#1941 = DIRECTION('',(1.,0.));
#1942 = ( GEOMETRIC_REPRESENTATION_CONTEXT(2) 
PARAMETRIC_REPRESENTATION_CONTEXT() REPRESENTATION_CONTEXT('2D SPACE',''
  ) );
#1943 = PCURVE('',#1944,#1949);
#1944 = PLANE('',#1945);
#1945 = AXIS2_PLACEMENT_3D('',#1946,#1947,#1948);
#1946 = CARTESIAN_POINT('',(62.,60.,-151.));
#1947 = DIRECTION('',(0.,-1.,2.22044604925E-16));
#1948 = DIRECTION('',(1.,0.,0.));
#1949 = DEFINITIONAL_REPRESENTATION('',(#1950),#1954);
#1950 = CIRCLE('',#1951,2.1);
#1951 = AXIS2_PLACEMENT_2D('',#1952,#1953);
#1952 = CARTESIAN_POINT('',(0.,0.));
#1953 = DIRECTION('',(1.,0.));
#1954 = ( GEOMETRIC_REPRESENTATION_CONTEXT(2) 
PARAMETRIC_REPRESENTATION_CONTEXT() REPRESENTATION_CONTEXT('2D SPACE',''
  ) );
#1955 = ORIENTED_EDGE('',*,*,#1906,.T.);
#1956 = ADVANCED_FACE('',(#1957),#692,.F.);
#1957 = FACE_BOUND('',#1958,.F.);
#1958 = EDGE_LOOP('',(#1959,#1960,#1981,#1982));
#1959 = ORIENTED_EDGE('',*,*,#671,.F.);
#1960 = ORIENTED_EDGE('',*,*,#1961,.F.);
#1961 = EDGE_CURVE('',#1255,#672,#1962,.T.);
#1962 = SEAM_CURVE('',#1963,(#1967,#1974),.PCURVE_S1.);
#1963 = LINE('',#1964,#1965);
#1964 = CARTESIAN_POINT('',(47.75,63.,25.));
#1965 = VECTOR('',#1966,1.);
#1966 = DIRECTION('',(0.,-1.,2.22044604925E-16));
#1967 = PCURVE('',#692,#1968);
#1968 = DEFINITIONAL_REPRESENTATION('',(#1969),#1973);
#1969 = LINE('',#1970,#1971);
#1970 = CARTESIAN_POINT('',(6.28318530718,-0.));
#1971 = VECTOR('',#1972,1.);
#1972 = DIRECTION('',(0.,1.));
#1973 = ( GEOMETRIC_REPRESENTATION_CONTEXT(2) 
PARAMETRIC_REPRESENTATION_CONTEXT() REPRESENTATION_CONTEXT('2D SPACE',''
  ) );
#1974 = PCURVE('',#692,#1975);
#1975 = DEFINITIONAL_REPRESENTATION('',(#1976),#1980);
#1976 = LINE('',#1977,#1978);
#1977 = CARTESIAN_POINT('',(0.,-0.));
#1978 = VECTOR('',#1979,1.);
#1979 = DIRECTION('',(0.,1.));
#1980 = ( GEOMETRIC_REPRESENTATION_CONTEXT(2) 
PARAMETRIC_REPRESENTATION_CONTEXT() REPRESENTATION_CONTEXT('2D SPACE',''
  ) );
#1981 = ORIENTED_EDGE('',*,*,#1254,.T.);
#1982 = ORIENTED_EDGE('',*,*,#1961,.T.);
#1983 = ADVANCED_FACE('',(#1984),#727,.F.);
#1984 = FACE_BOUND('',#1985,.F.);
#1985 = EDGE_LOOP('',(#1986,#1987,#2008,#2009));
#1986 = ORIENTED_EDGE('',*,*,#706,.F.);
#1987 = ORIENTED_EDGE('',*,*,#1988,.F.);
#1988 = EDGE_CURVE('',#1285,#707,#1989,.T.);
#1989 = SEAM_CURVE('',#1990,(#1994,#2001),.PCURVE_S1.);
#1990 = LINE('',#1991,#1992);
#1991 = CARTESIAN_POINT('',(47.75,63.,50.));
#1992 = VECTOR('',#1993,1.);
#1993 = DIRECTION('',(0.,-1.,2.22044604925E-16));
#1994 = PCURVE('',#727,#1995);
#1995 = DEFINITIONAL_REPRESENTATION('',(#1996),#2000);
#1996 = LINE('',#1997,#1998);
#1997 = CARTESIAN_POINT('',(6.28318530718,-0.));
#1998 = VECTOR('',#1999,1.);
#1999 = DIRECTION('',(0.,1.));
#2000 = ( GEOMETRIC_REPRESENTATION_CONTEXT(2) 
PARAMETRIC_REPRESENTATION_CONTEXT() REPRESENTATION_CONTEXT('2D SPACE',''
  ) );
#2001 = PCURVE('',#727,#2002);
#2002 = DEFINITIONAL_REPRESENTATION('',(#2003),#2007);
#2003 = LINE('',#2004,#2005);
#2004 = CARTESIAN_POINT('',(0.,-0.));
#2005 = VECTOR('',#2006,1.);
#2006 = DIRECTION('',(0.,1.));
#2007 = ( GEOMETRIC_REPRESENTATION_CONTEXT(2) 
PARAMETRIC_REPRESENTATION_CONTEXT() REPRESENTATION_CONTEXT('2D SPACE',''
  ) );
#2008 = ORIENTED_EDGE('',*,*,#1284,.T.);
#2009 = ORIENTED_EDGE('',*,*,#1988,.T.);
#2010 = ADVANCED_FACE('',(#2011),#762,.F.);
#2011 = FACE_BOUND('',#2012,.F.);
#2012 = EDGE_LOOP('',(#2013,#2014,#2037,#2064));
#2013 = ORIENTED_EDGE('',*,*,#741,.F.);
#2014 = ORIENTED_EDGE('',*,*,#2015,.F.);
#2015 = EDGE_CURVE('',#2016,#742,#2018,.T.);
#2016 = VERTEX_POINT('',#2017);
#2017 = CARTESIAN_POINT('',(64.1,60.,-19.));
#2018 = SEAM_CURVE('',#2019,(#2023,#2030),.PCURVE_S1.);
#2019 = LINE('',#2020,#2021);
#2020 = CARTESIAN_POINT('',(64.1,60.,-19.));
#2021 = VECTOR('',#2022,1.);
#2022 = DIRECTION('',(0.,-1.,2.22044604925E-16));
#2023 = PCURVE('',#762,#2024);
#2024 = DEFINITIONAL_REPRESENTATION('',(#2025),#2029);
#2025 = LINE('',#2026,#2027);
#2026 = CARTESIAN_POINT('',(6.28318530718,-0.));
#2027 = VECTOR('',#2028,1.);
#2028 = DIRECTION('',(0.,1.));
#2029 = ( GEOMETRIC_REPRESENTATION_CONTEXT(2) 
PARAMETRIC_REPRESENTATION_CONTEXT() REPRESENTATION_CONTEXT('2D SPACE',''
  ) );
#2030 = PCURVE('',#762,#2031);
#2031 = DEFINITIONAL_REPRESENTATION('',(#2032),#2036);
#2032 = LINE('',#2033,#2034);
#2033 = CARTESIAN_POINT('',(0.,-0.));
#2034 = VECTOR('',#2035,1.);
#2035 = DIRECTION('',(0.,1.));
#2036 = ( GEOMETRIC_REPRESENTATION_CONTEXT(2) 
PARAMETRIC_REPRESENTATION_CONTEXT() REPRESENTATION_CONTEXT('2D SPACE',''
  ) );
#2037 = ORIENTED_EDGE('',*,*,#2038,.T.);
#2038 = EDGE_CURVE('',#2016,#2016,#2039,.T.);
#2039 = SURFACE_CURVE('',#2040,(#2045,#2052),.PCURVE_S1.);
#2040 = CIRCLE('',#2041,2.1);
#2041 = AXIS2_PLACEMENT_3D('',#2042,#2043,#2044);
#2042 = CARTESIAN_POINT('',(62.,60.,-19.));
#2043 = DIRECTION('',(0.,-1.,2.22044604925E-16));
#2044 = DIRECTION('',(1.,0.,0.));
#2045 = PCURVE('',#762,#2046);
#2046 = DEFINITIONAL_REPRESENTATION('',(#2047),#2051);
#2047 = LINE('',#2048,#2049);
#2048 = CARTESIAN_POINT('',(0.,0.));
#2049 = VECTOR('',#2050,1.);
#2050 = DIRECTION('',(1.,0.));
#2051 = ( GEOMETRIC_REPRESENTATION_CONTEXT(2) 
PARAMETRIC_REPRESENTATION_CONTEXT() REPRESENTATION_CONTEXT('2D SPACE',''
  ) );
#2052 = PCURVE('',#2053,#2058);
#2053 = PLANE('',#2054);
#2054 = AXIS2_PLACEMENT_3D('',#2055,#2056,#2057);
#2055 = CARTESIAN_POINT('',(62.,60.,-19.));
#2056 = DIRECTION('',(0.,-1.,2.22044604925E-16));
#2057 = DIRECTION('',(1.,0.,0.));
#2058 = DEFINITIONAL_REPRESENTATION('',(#2059),#2063);
#2059 = CIRCLE('',#2060,2.1);
#2060 = AXIS2_PLACEMENT_2D('',#2061,#2062);
#2061 = CARTESIAN_POINT('',(0.,0.));
#2062 = DIRECTION('',(1.,0.));
#2063 = ( GEOMETRIC_REPRESENTATION_CONTEXT(2) 
PARAMETRIC_REPRESENTATION_CONTEXT() REPRESENTATION_CONTEXT('2D SPACE',''
  ) );
#2064 = ORIENTED_EDGE('',*,*,#2015,.T.);
#2065 = ADVANCED_FACE('',(#2066),#797,.F.);
#2066 = FACE_BOUND('',#2067,.F.);
#2067 = EDGE_LOOP('',(#2068,#2069,#2090,#2091));
#2068 = ORIENTED_EDGE('',*,*,#776,.F.);
#2069 = ORIENTED_EDGE('',*,*,#2070,.F.);
#2070 = EDGE_CURVE('',#1315,#777,#2071,.T.);
#2071 = SEAM_CURVE('',#2072,(#2076,#2083),.PCURVE_S1.);
#2072 = LINE('',#2073,#2074);
#2073 = CARTESIAN_POINT('',(54.75,63.,100.));
#2074 = VECTOR('',#2075,1.);
#2075 = DIRECTION('',(0.,-1.,2.22044604925E-16));
#2076 = PCURVE('',#797,#2077);
#2077 = DEFINITIONAL_REPRESENTATION('',(#2078),#2082);
#2078 = LINE('',#2079,#2080);
#2079 = CARTESIAN_POINT('',(6.28318530718,-0.));
#2080 = VECTOR('',#2081,1.);
#2081 = DIRECTION('',(0.,1.));
#2082 = ( GEOMETRIC_REPRESENTATION_CONTEXT(2) 
PARAMETRIC_REPRESENTATION_CONTEXT() REPRESENTATION_CONTEXT('2D SPACE',''
  ) );
#2083 = PCURVE('',#797,#2084);
#2084 = DEFINITIONAL_REPRESENTATION('',(#2085),#2089);
#2085 = LINE('',#2086,#2087);
#2086 = CARTESIAN_POINT('',(0.,-0.));
#2087 = VECTOR('',#2088,1.);
#2088 = DIRECTION('',(0.,1.));
#2089 = ( GEOMETRIC_REPRESENTATION_CONTEXT(2) 
PARAMETRIC_REPRESENTATION_CONTEXT() REPRESENTATION_CONTEXT('2D SPACE',''
  ) );
#2090 = ORIENTED_EDGE('',*,*,#1314,.T.);
#2091 = ORIENTED_EDGE('',*,*,#2070,.T.);
#2092 = ADVANCED_FACE('',(#2093),#832,.F.);
#2093 = FACE_BOUND('',#2094,.F.);
#2094 = EDGE_LOOP('',(#2095,#2096,#2117,#2118));
#2095 = ORIENTED_EDGE('',*,*,#811,.F.);
#2096 = ORIENTED_EDGE('',*,*,#2097,.F.);
#2097 = EDGE_CURVE('',#1345,#812,#2098,.T.);
#2098 = SEAM_CURVE('',#2099,(#2103,#2110),.PCURVE_S1.);
#2099 = LINE('',#2100,#2101);
#2100 = CARTESIAN_POINT('',(18.75,63.,374.));
#2101 = VECTOR('',#2102,1.);
#2102 = DIRECTION('',(0.,-1.,2.22044604925E-16));
#2103 = PCURVE('',#832,#2104);
#2104 = DEFINITIONAL_REPRESENTATION('',(#2105),#2109);
#2105 = LINE('',#2106,#2107);
#2106 = CARTESIAN_POINT('',(6.28318530718,-0.));
#2107 = VECTOR('',#2108,1.);
#2108 = DIRECTION('',(0.,1.));
#2109 = ( GEOMETRIC_REPRESENTATION_CONTEXT(2) 
PARAMETRIC_REPRESENTATION_CONTEXT() REPRESENTATION_CONTEXT('2D SPACE',''
  ) );
#2110 = PCURVE('',#832,#2111);
#2111 = DEFINITIONAL_REPRESENTATION('',(#2112),#2116);
#2112 = LINE('',#2113,#2114);
#2113 = CARTESIAN_POINT('',(0.,-0.));
#2114 = VECTOR('',#2115,1.);
#2115 = DIRECTION('',(0.,1.));
#2116 = ( GEOMETRIC_REPRESENTATION_CONTEXT(2) 
PARAMETRIC_REPRESENTATION_CONTEXT() REPRESENTATION_CONTEXT('2D SPACE',''
  ) );
#2117 = ORIENTED_EDGE('',*,*,#1344,.T.);
#2118 = ORIENTED_EDGE('',*,*,#2097,.T.);
#2119 = ADVANCED_FACE('',(#2120),#867,.F.);
#2120 = FACE_BOUND('',#2121,.F.);
#2121 = EDGE_LOOP('',(#2122,#2123,#2144,#2145));
#2122 = ORIENTED_EDGE('',*,*,#846,.F.);
#2123 = ORIENTED_EDGE('',*,*,#2124,.F.);
#2124 = EDGE_CURVE('',#1375,#847,#2125,.T.);
#2125 = SEAM_CURVE('',#2126,(#2130,#2137),.PCURVE_S1.);
#2126 = LINE('',#2127,#2128);
#2127 = CARTESIAN_POINT('',(54.75,63.,200.));
#2128 = VECTOR('',#2129,1.);
#2129 = DIRECTION('',(0.,-1.,2.22044604925E-16));
#2130 = PCURVE('',#867,#2131);
#2131 = DEFINITIONAL_REPRESENTATION('',(#2132),#2136);
#2132 = LINE('',#2133,#2134);
#2133 = CARTESIAN_POINT('',(6.28318530718,-0.));
#2134 = VECTOR('',#2135,1.);
#2135 = DIRECTION('',(0.,1.));
#2136 = ( GEOMETRIC_REPRESENTATION_CONTEXT(2) 
PARAMETRIC_REPRESENTATION_CONTEXT() REPRESENTATION_CONTEXT('2D SPACE',''
  ) );
#2137 = PCURVE('',#867,#2138);
#2138 = DEFINITIONAL_REPRESENTATION('',(#2139),#2143);
#2139 = LINE('',#2140,#2141);
#2140 = CARTESIAN_POINT('',(0.,-0.));
#2141 = VECTOR('',#2142,1.);
#2142 = DIRECTION('',(0.,1.));
#2143 = ( GEOMETRIC_REPRESENTATION_CONTEXT(2) 
PARAMETRIC_REPRESENTATION_CONTEXT() REPRESENTATION_CONTEXT('2D SPACE',''
  ) );
#2144 = ORIENTED_EDGE('',*,*,#1374,.T.);
#2145 = ORIENTED_EDGE('',*,*,#2124,.T.);
#2146 = ADVANCED_FACE('',(#2147),#902,.F.);
#2147 = FACE_BOUND('',#2148,.F.);
#2148 = EDGE_LOOP('',(#2149,#2150,#2171,#2172));
#2149 = ORIENTED_EDGE('',*,*,#881,.F.);
#2150 = ORIENTED_EDGE('',*,*,#2151,.F.);
#2151 = EDGE_CURVE('',#1405,#882,#2152,.T.);
#2152 = SEAM_CURVE('',#2153,(#2157,#2164),.PCURVE_S1.);
#2153 = LINE('',#2154,#2155);
#2154 = CARTESIAN_POINT('',(65.25,63.,398.));
#2155 = VECTOR('',#2156,1.);
#2156 = DIRECTION('',(0.,-1.,2.22044604925E-16));
#2157 = PCURVE('',#902,#2158);
#2158 = DEFINITIONAL_REPRESENTATION('',(#2159),#2163);
#2159 = LINE('',#2160,#2161);
#2160 = CARTESIAN_POINT('',(6.28318530718,-0.));
#2161 = VECTOR('',#2162,1.);
#2162 = DIRECTION('',(0.,1.));
#2163 = ( GEOMETRIC_REPRESENTATION_CONTEXT(2) 
PARAMETRIC_REPRESENTATION_CONTEXT() REPRESENTATION_CONTEXT('2D SPACE',''
  ) );
#2164 = PCURVE('',#902,#2165);
#2165 = DEFINITIONAL_REPRESENTATION('',(#2166),#2170);
#2166 = LINE('',#2167,#2168);
#2167 = CARTESIAN_POINT('',(0.,-0.));
#2168 = VECTOR('',#2169,1.);
#2169 = DIRECTION('',(0.,1.));
#2170 = ( GEOMETRIC_REPRESENTATION_CONTEXT(2) 
PARAMETRIC_REPRESENTATION_CONTEXT() REPRESENTATION_CONTEXT('2D SPACE',''
  ) );
#2171 = ORIENTED_EDGE('',*,*,#1404,.T.);
#2172 = ORIENTED_EDGE('',*,*,#2151,.T.);
#2173 = ADVANCED_FACE('',(#2174),#1508,.T.);
#2174 = FACE_BOUND('',#2175,.F.);
#2175 = EDGE_LOOP('',(#2176));
#2176 = ORIENTED_EDGE('',*,*,#1493,.F.);
#2177 = ADVANCED_FACE('',(#2178),#1563,.T.);
#2178 = FACE_BOUND('',#2179,.F.);
#2179 = EDGE_LOOP('',(#2180));
#2180 = ORIENTED_EDGE('',*,*,#1548,.F.);
#2181 = ADVANCED_FACE('',(#2182),#1726,.T.);
#2182 = FACE_BOUND('',#2183,.F.);
#2183 = EDGE_LOOP('',(#2184));
#2184 = ORIENTED_EDGE('',*,*,#1711,.F.);
#2185 = ADVANCED_FACE('',(#2186),#1889,.T.);
#2186 = FACE_BOUND('',#2187,.F.);
#2187 = EDGE_LOOP('',(#2188));
#2188 = ORIENTED_EDGE('',*,*,#1874,.F.);
#2189 = ADVANCED_FACE('',(#2190),#1944,.T.);
#2190 = FACE_BOUND('',#2191,.F.);
#2191 = EDGE_LOOP('',(#2192));
#2192 = ORIENTED_EDGE('',*,*,#1929,.F.);
#2193 = ADVANCED_FACE('',(#2194),#2053,.T.);
#2194 = FACE_BOUND('',#2195,.F.);
#2195 = EDGE_LOOP('',(#2196));
#2196 = ORIENTED_EDGE('',*,*,#2038,.F.);
#2197 = MANIFOLD_SOLID_BREP('',#2198);
#2198 = CLOSED_SHELL('',(#2199,#2319,#2395,#2550,#2739,#2996,#3003,#3079
    ,#3128,#3177,#3204,#3259,#3314,#3369,#3424,#3479,#3534,#3589,#3660,
    #3709,#3758,#3785,#3840,#3853,#3857,#3861,#3865,#3869,#3873,#3877,
    #3881));
#2199 = ADVANCED_FACE('',(#2200),#2214,.F.);
#2200 = FACE_BOUND('',#2201,.F.);
#2201 = EDGE_LOOP('',(#2202,#2237,#2265,#2293));
#2202 = ORIENTED_EDGE('',*,*,#2203,.F.);
#2203 = EDGE_CURVE('',#2204,#2206,#2208,.T.);
#2204 = VERTEX_POINT('',#2205);
#2205 = CARTESIAN_POINT('',(-60.,-60.,15.));
#2206 = VERTEX_POINT('',#2207);
#2207 = CARTESIAN_POINT('',(-60.,-60.,60.));
#2208 = SURFACE_CURVE('',#2209,(#2213,#2225),.PCURVE_S1.);
#2209 = LINE('',#2210,#2211);
#2210 = CARTESIAN_POINT('',(-60.,-60.,15.));
#2211 = VECTOR('',#2212,1.);
#2212 = DIRECTION('',(0.,0.,1.));
#2213 = PCURVE('',#2214,#2219);
#2214 = PLANE('',#2215);
#2215 = AXIS2_PLACEMENT_3D('',#2216,#2217,#2218);
#2216 = CARTESIAN_POINT('',(-60.,-60.,15.));
#2217 = DIRECTION('',(1.,0.,-0.));
#2218 = DIRECTION('',(0.,0.,1.));
#2219 = DEFINITIONAL_REPRESENTATION('',(#2220),#2224);
#2220 = LINE('',#2221,#2222);
#2221 = CARTESIAN_POINT('',(0.,0.));
#2222 = VECTOR('',#2223,1.);
#2223 = DIRECTION('',(1.,0.));
#2224 = ( GEOMETRIC_REPRESENTATION_CONTEXT(2) 
PARAMETRIC_REPRESENTATION_CONTEXT() REPRESENTATION_CONTEXT('2D SPACE',''
  ) );
#2225 = PCURVE('',#2226,#2231);
#2226 = PLANE('',#2227);
#2227 = AXIS2_PLACEMENT_3D('',#2228,#2229,#2230);
#2228 = CARTESIAN_POINT('',(-60.,-60.,15.));
#2229 = DIRECTION('',(-0.,1.,0.));
#2230 = DIRECTION('',(0.,0.,1.));
#2231 = DEFINITIONAL_REPRESENTATION('',(#2232),#2236);
#2232 = LINE('',#2233,#2234);
#2233 = CARTESIAN_POINT('',(0.,0.));
#2234 = VECTOR('',#2235,1.);
#2235 = DIRECTION('',(1.,0.));
#2236 = ( GEOMETRIC_REPRESENTATION_CONTEXT(2) 
PARAMETRIC_REPRESENTATION_CONTEXT() REPRESENTATION_CONTEXT('2D SPACE',''
  ) );
#2237 = ORIENTED_EDGE('',*,*,#2238,.T.);
#2238 = EDGE_CURVE('',#2204,#2239,#2241,.T.);
#2239 = VERTEX_POINT('',#2240);
#2240 = CARTESIAN_POINT('',(-60.,50.,15.));
#2241 = SURFACE_CURVE('',#2242,(#2246,#2253),.PCURVE_S1.);
#2242 = LINE('',#2243,#2244);
#2243 = CARTESIAN_POINT('',(-60.,-60.,15.));
#2244 = VECTOR('',#2245,1.);
#2245 = DIRECTION('',(-0.,1.,0.));
#2246 = PCURVE('',#2214,#2247);
#2247 = DEFINITIONAL_REPRESENTATION('',(#2248),#2252);
#2248 = LINE('',#2249,#2250);
#2249 = CARTESIAN_POINT('',(0.,0.));
#2250 = VECTOR('',#2251,1.);
#2251 = DIRECTION('',(0.,-1.));
#2252 = ( GEOMETRIC_REPRESENTATION_CONTEXT(2) 
PARAMETRIC_REPRESENTATION_CONTEXT() REPRESENTATION_CONTEXT('2D SPACE',''
  ) );
#2253 = PCURVE('',#2254,#2259);
#2254 = PLANE('',#2255);
#2255 = AXIS2_PLACEMENT_3D('',#2256,#2257,#2258);
#2256 = CARTESIAN_POINT('',(-60.,-60.,15.));
#2257 = DIRECTION('',(0.,0.,1.));
#2258 = DIRECTION('',(1.,0.,-0.));
#2259 = DEFINITIONAL_REPRESENTATION('',(#2260),#2264);
#2260 = LINE('',#2261,#2262);
#2261 = CARTESIAN_POINT('',(0.,0.));
#2262 = VECTOR('',#2263,1.);
#2263 = DIRECTION('',(0.,1.));
#2264 = ( GEOMETRIC_REPRESENTATION_CONTEXT(2) 
PARAMETRIC_REPRESENTATION_CONTEXT() REPRESENTATION_CONTEXT('2D SPACE',''
  ) );
#2265 = ORIENTED_EDGE('',*,*,#2266,.T.);
#2266 = EDGE_CURVE('',#2239,#2267,#2269,.T.);
#2267 = VERTEX_POINT('',#2268);
#2268 = CARTESIAN_POINT('',(-60.,50.,60.));
#2269 = SURFACE_CURVE('',#2270,(#2274,#2281),.PCURVE_S1.);
#2270 = LINE('',#2271,#2272);
#2271 = CARTESIAN_POINT('',(-60.,50.,15.));
#2272 = VECTOR('',#2273,1.);
#2273 = DIRECTION('',(0.,0.,1.));
#2274 = PCURVE('',#2214,#2275);
#2275 = DEFINITIONAL_REPRESENTATION('',(#2276),#2280);
#2276 = LINE('',#2277,#2278);
#2277 = CARTESIAN_POINT('',(0.,-110.));
#2278 = VECTOR('',#2279,1.);
#2279 = DIRECTION('',(1.,0.));
#2280 = ( GEOMETRIC_REPRESENTATION_CONTEXT(2) 
PARAMETRIC_REPRESENTATION_CONTEXT() REPRESENTATION_CONTEXT('2D SPACE',''
  ) );
#2281 = PCURVE('',#2282,#2287);
#2282 = PLANE('',#2283);
#2283 = AXIS2_PLACEMENT_3D('',#2284,#2285,#2286);
#2284 = CARTESIAN_POINT('',(-60.,50.,15.));
#2285 = DIRECTION('',(-0.,1.,0.));
#2286 = DIRECTION('',(0.,0.,1.));
#2287 = DEFINITIONAL_REPRESENTATION('',(#2288),#2292);
#2288 = LINE('',#2289,#2290);
#2289 = CARTESIAN_POINT('',(0.,0.));
#2290 = VECTOR('',#2291,1.);
#2291 = DIRECTION('',(1.,0.));
#2292 = ( GEOMETRIC_REPRESENTATION_CONTEXT(2) 
PARAMETRIC_REPRESENTATION_CONTEXT() REPRESENTATION_CONTEXT('2D SPACE',''
  ) );
#2293 = ORIENTED_EDGE('',*,*,#2294,.F.);
#2294 = EDGE_CURVE('',#2206,#2267,#2295,.T.);
#2295 = SURFACE_CURVE('',#2296,(#2300,#2307),.PCURVE_S1.);
#2296 = LINE('',#2297,#2298);
#2297 = CARTESIAN_POINT('',(-60.,-60.,60.));
#2298 = VECTOR('',#2299,1.);
#2299 = DIRECTION('',(-0.,1.,0.));
#2300 = PCURVE('',#2214,#2301);
#2301 = DEFINITIONAL_REPRESENTATION('',(#2302),#2306);
#2302 = LINE('',#2303,#2304);
#2303 = CARTESIAN_POINT('',(45.,0.));
#2304 = VECTOR('',#2305,1.);
#2305 = DIRECTION('',(0.,-1.));
#2306 = ( GEOMETRIC_REPRESENTATION_CONTEXT(2) 
PARAMETRIC_REPRESENTATION_CONTEXT() REPRESENTATION_CONTEXT('2D SPACE',''
  ) );
#2307 = PCURVE('',#2308,#2313);
#2308 = PLANE('',#2309);
#2309 = AXIS2_PLACEMENT_3D('',#2310,#2311,#2312);
#2310 = CARTESIAN_POINT('',(-60.,-60.,60.));
#2311 = DIRECTION('',(0.,0.,1.));
#2312 = DIRECTION('',(1.,0.,-0.));
#2313 = DEFINITIONAL_REPRESENTATION('',(#2314),#2318);
#2314 = LINE('',#2315,#2316);
#2315 = CARTESIAN_POINT('',(0.,0.));
#2316 = VECTOR('',#2317,1.);
#2317 = DIRECTION('',(0.,1.));
#2318 = ( GEOMETRIC_REPRESENTATION_CONTEXT(2) 
PARAMETRIC_REPRESENTATION_CONTEXT() REPRESENTATION_CONTEXT('2D SPACE',''
  ) );
#2319 = ADVANCED_FACE('',(#2320),#2226,.F.);
#2320 = FACE_BOUND('',#2321,.F.);
#2321 = EDGE_LOOP('',(#2322,#2345,#2346,#2369));
#2322 = ORIENTED_EDGE('',*,*,#2323,.F.);
#2323 = EDGE_CURVE('',#2204,#2324,#2326,.T.);
#2324 = VERTEX_POINT('',#2325);
#2325 = CARTESIAN_POINT('',(60.,-60.,15.));
#2326 = SURFACE_CURVE('',#2327,(#2331,#2338),.PCURVE_S1.);
#2327 = LINE('',#2328,#2329);
#2328 = CARTESIAN_POINT('',(-60.,-60.,15.));
#2329 = VECTOR('',#2330,1.);
#2330 = DIRECTION('',(1.,0.,-0.));
#2331 = PCURVE('',#2226,#2332);
#2332 = DEFINITIONAL_REPRESENTATION('',(#2333),#2337);
#2333 = LINE('',#2334,#2335);
#2334 = CARTESIAN_POINT('',(0.,0.));
#2335 = VECTOR('',#2336,1.);
#2336 = DIRECTION('',(0.,1.));
#2337 = ( GEOMETRIC_REPRESENTATION_CONTEXT(2) 
PARAMETRIC_REPRESENTATION_CONTEXT() REPRESENTATION_CONTEXT('2D SPACE',''
  ) );
#2338 = PCURVE('',#2254,#2339);
#2339 = DEFINITIONAL_REPRESENTATION('',(#2340),#2344);
#2340 = LINE('',#2341,#2342);
#2341 = CARTESIAN_POINT('',(0.,0.));
#2342 = VECTOR('',#2343,1.);
#2343 = DIRECTION('',(1.,0.));
#2344 = ( GEOMETRIC_REPRESENTATION_CONTEXT(2) 
PARAMETRIC_REPRESENTATION_CONTEXT() REPRESENTATION_CONTEXT('2D SPACE',''
  ) );
#2345 = ORIENTED_EDGE('',*,*,#2203,.T.);
#2346 = ORIENTED_EDGE('',*,*,#2347,.T.);
#2347 = EDGE_CURVE('',#2206,#2348,#2350,.T.);
#2348 = VERTEX_POINT('',#2349);
#2349 = CARTESIAN_POINT('',(60.,-60.,60.));
#2350 = SURFACE_CURVE('',#2351,(#2355,#2362),.PCURVE_S1.);
#2351 = LINE('',#2352,#2353);
#2352 = CARTESIAN_POINT('',(-60.,-60.,60.));
#2353 = VECTOR('',#2354,1.);
#2354 = DIRECTION('',(1.,0.,-0.));
#2355 = PCURVE('',#2226,#2356);
#2356 = DEFINITIONAL_REPRESENTATION('',(#2357),#2361);
#2357 = LINE('',#2358,#2359);
#2358 = CARTESIAN_POINT('',(45.,0.));
#2359 = VECTOR('',#2360,1.);
#2360 = DIRECTION('',(0.,1.));
#2361 = ( GEOMETRIC_REPRESENTATION_CONTEXT(2) 
PARAMETRIC_REPRESENTATION_CONTEXT() REPRESENTATION_CONTEXT('2D SPACE',''
  ) );
#2362 = PCURVE('',#2308,#2363);
#2363 = DEFINITIONAL_REPRESENTATION('',(#2364),#2368);
#2364 = LINE('',#2365,#2366);
#2365 = CARTESIAN_POINT('',(0.,0.));
#2366 = VECTOR('',#2367,1.);
#2367 = DIRECTION('',(1.,0.));
#2368 = ( GEOMETRIC_REPRESENTATION_CONTEXT(2) 
PARAMETRIC_REPRESENTATION_CONTEXT() REPRESENTATION_CONTEXT('2D SPACE',''
  ) );
#2369 = ORIENTED_EDGE('',*,*,#2370,.F.);
#2370 = EDGE_CURVE('',#2324,#2348,#2371,.T.);
#2371 = SURFACE_CURVE('',#2372,(#2376,#2383),.PCURVE_S1.);
#2372 = LINE('',#2373,#2374);
#2373 = CARTESIAN_POINT('',(60.,-60.,15.));
#2374 = VECTOR('',#2375,1.);
#2375 = DIRECTION('',(0.,0.,1.));
#2376 = PCURVE('',#2226,#2377);
#2377 = DEFINITIONAL_REPRESENTATION('',(#2378),#2382);
#2378 = LINE('',#2379,#2380);
#2379 = CARTESIAN_POINT('',(0.,120.));
#2380 = VECTOR('',#2381,1.);
#2381 = DIRECTION('',(1.,0.));
#2382 = ( GEOMETRIC_REPRESENTATION_CONTEXT(2) 
PARAMETRIC_REPRESENTATION_CONTEXT() REPRESENTATION_CONTEXT('2D SPACE',''
  ) );
#2383 = PCURVE('',#2384,#2389);
#2384 = PLANE('',#2385);
#2385 = AXIS2_PLACEMENT_3D('',#2386,#2387,#2388);
#2386 = CARTESIAN_POINT('',(60.,-60.,15.));
#2387 = DIRECTION('',(1.,0.,-0.));
#2388 = DIRECTION('',(0.,0.,1.));
#2389 = DEFINITIONAL_REPRESENTATION('',(#2390),#2394);
#2390 = LINE('',#2391,#2392);
#2391 = CARTESIAN_POINT('',(0.,0.));
#2392 = VECTOR('',#2393,1.);
#2393 = DIRECTION('',(1.,0.));
#2394 = ( GEOMETRIC_REPRESENTATION_CONTEXT(2) 
PARAMETRIC_REPRESENTATION_CONTEXT() REPRESENTATION_CONTEXT('2D SPACE',''
  ) );
#2395 = ADVANCED_FACE('',(#2396,#2444),#2308,.T.);
#2396 = FACE_BOUND('',#2397,.T.);
#2397 = EDGE_LOOP('',(#2398,#2399,#2400,#2423));
#2398 = ORIENTED_EDGE('',*,*,#2294,.F.);
#2399 = ORIENTED_EDGE('',*,*,#2347,.T.);
#2400 = ORIENTED_EDGE('',*,*,#2401,.T.);
#2401 = EDGE_CURVE('',#2348,#2402,#2404,.T.);
#2402 = VERTEX_POINT('',#2403);
#2403 = CARTESIAN_POINT('',(60.,50.,60.));
#2404 = SURFACE_CURVE('',#2405,(#2409,#2416),.PCURVE_S1.);
#2405 = LINE('',#2406,#2407);
#2406 = CARTESIAN_POINT('',(60.,-60.,60.));
#2407 = VECTOR('',#2408,1.);
#2408 = DIRECTION('',(-0.,1.,0.));
#2409 = PCURVE('',#2308,#2410);
#2410 = DEFINITIONAL_REPRESENTATION('',(#2411),#2415);
#2411 = LINE('',#2412,#2413);
#2412 = CARTESIAN_POINT('',(120.,0.));
#2413 = VECTOR('',#2414,1.);
#2414 = DIRECTION('',(0.,1.));
#2415 = ( GEOMETRIC_REPRESENTATION_CONTEXT(2) 
PARAMETRIC_REPRESENTATION_CONTEXT() REPRESENTATION_CONTEXT('2D SPACE',''
  ) );
#2416 = PCURVE('',#2384,#2417);
#2417 = DEFINITIONAL_REPRESENTATION('',(#2418),#2422);
#2418 = LINE('',#2419,#2420);
#2419 = CARTESIAN_POINT('',(45.,0.));
#2420 = VECTOR('',#2421,1.);
#2421 = DIRECTION('',(0.,-1.));
#2422 = ( GEOMETRIC_REPRESENTATION_CONTEXT(2) 
PARAMETRIC_REPRESENTATION_CONTEXT() REPRESENTATION_CONTEXT('2D SPACE',''
  ) );
#2423 = ORIENTED_EDGE('',*,*,#2424,.F.);
#2424 = EDGE_CURVE('',#2267,#2402,#2425,.T.);
#2425 = SURFACE_CURVE('',#2426,(#2430,#2437),.PCURVE_S1.);
#2426 = LINE('',#2427,#2428);
#2427 = CARTESIAN_POINT('',(-60.,50.,60.));
#2428 = VECTOR('',#2429,1.);
#2429 = DIRECTION('',(1.,0.,-0.));
#2430 = PCURVE('',#2308,#2431);
#2431 = DEFINITIONAL_REPRESENTATION('',(#2432),#2436);
#2432 = LINE('',#2433,#2434);
#2433 = CARTESIAN_POINT('',(0.,110.));
#2434 = VECTOR('',#2435,1.);
#2435 = DIRECTION('',(1.,0.));
#2436 = ( GEOMETRIC_REPRESENTATION_CONTEXT(2) 
PARAMETRIC_REPRESENTATION_CONTEXT() REPRESENTATION_CONTEXT('2D SPACE',''
  ) );
#2437 = PCURVE('',#2282,#2438);
#2438 = DEFINITIONAL_REPRESENTATION('',(#2439),#2443);
#2439 = LINE('',#2440,#2441);
#2440 = CARTESIAN_POINT('',(45.,0.));
#2441 = VECTOR('',#2442,1.);
#2442 = DIRECTION('',(0.,1.));
#2443 = ( GEOMETRIC_REPRESENTATION_CONTEXT(2) 
PARAMETRIC_REPRESENTATION_CONTEXT() REPRESENTATION_CONTEXT('2D SPACE',''
  ) );
#2444 = FACE_BOUND('',#2445,.T.);
#2445 = EDGE_LOOP('',(#2446,#2474,#2500,#2526));
#2446 = ORIENTED_EDGE('',*,*,#2447,.T.);
#2447 = EDGE_CURVE('',#2448,#2450,#2452,.T.);
#2448 = VERTEX_POINT('',#2449);
#2449 = CARTESIAN_POINT('',(30.,-11.,60.));
#2450 = VERTEX_POINT('',#2451);
#2451 = CARTESIAN_POINT('',(-30.,-11.,60.));
#2452 = SURFACE_CURVE('',#2453,(#2457,#2463),.PCURVE_S1.);
#2453 = LINE('',#2454,#2455);
#2454 = CARTESIAN_POINT('',(-45.,-11.,60.));
#2455 = VECTOR('',#2456,1.);
#2456 = DIRECTION('',(-1.,-0.,0.));
#2457 = PCURVE('',#2308,#2458);
#2458 = DEFINITIONAL_REPRESENTATION('',(#2459),#2462);
#2459 = B_SPLINE_CURVE_WITH_KNOTS('',1,(#2460,#2461),.UNSPECIFIED.,.F.,
  .F.,(2,2),(-75.,-15.),.PIECEWISE_BEZIER_KNOTS.);
#2460 = CARTESIAN_POINT('',(90.,49.));
#2461 = CARTESIAN_POINT('',(30.,49.));
#2462 = ( GEOMETRIC_REPRESENTATION_CONTEXT(2) 
PARAMETRIC_REPRESENTATION_CONTEXT() REPRESENTATION_CONTEXT('2D SPACE',''
  ) );
#2463 = PCURVE('',#2464,#2469);
#2464 = PLANE('',#2465);
#2465 = AXIS2_PLACEMENT_3D('',#2466,#2467,#2468);
#2466 = CARTESIAN_POINT('',(-30.,-11.,42.));
#2467 = DIRECTION('',(-0.,1.,0.));
#2468 = DIRECTION('',(0.,0.,1.));
#2469 = DEFINITIONAL_REPRESENTATION('',(#2470),#2473);
#2470 = B_SPLINE_CURVE_WITH_KNOTS('',1,(#2471,#2472),.UNSPECIFIED.,.F.,
  .F.,(2,2),(-75.,-15.),.PIECEWISE_BEZIER_KNOTS.);
#2471 = CARTESIAN_POINT('',(18.,60.));
#2472 = CARTESIAN_POINT('',(18.,0.));
#2473 = ( GEOMETRIC_REPRESENTATION_CONTEXT(2) 
PARAMETRIC_REPRESENTATION_CONTEXT() REPRESENTATION_CONTEXT('2D SPACE',''
  ) );
#2474 = ORIENTED_EDGE('',*,*,#2475,.T.);
#2475 = EDGE_CURVE('',#2450,#2476,#2478,.T.);
#2476 = VERTEX_POINT('',#2477);
#2477 = CARTESIAN_POINT('',(-30.,27.,60.));
#2478 = SURFACE_CURVE('',#2479,(#2483,#2489),.PCURVE_S1.);
#2479 = LINE('',#2480,#2481);
#2480 = CARTESIAN_POINT('',(-30.,-35.5,60.));
#2481 = VECTOR('',#2482,1.);
#2482 = DIRECTION('',(-0.,1.,0.));
#2483 = PCURVE('',#2308,#2484);
#2484 = DEFINITIONAL_REPRESENTATION('',(#2485),#2488);
#2485 = B_SPLINE_CURVE_WITH_KNOTS('',1,(#2486,#2487),.UNSPECIFIED.,.F.,
  .F.,(2,2),(24.5,62.5),.PIECEWISE_BEZIER_KNOTS.);
#2486 = CARTESIAN_POINT('',(30.,49.));
#2487 = CARTESIAN_POINT('',(30.,87.));
#2488 = ( GEOMETRIC_REPRESENTATION_CONTEXT(2) 
PARAMETRIC_REPRESENTATION_CONTEXT() REPRESENTATION_CONTEXT('2D SPACE',''
  ) );
#2489 = PCURVE('',#2490,#2495);
#2490 = PLANE('',#2491);
#2491 = AXIS2_PLACEMENT_3D('',#2492,#2493,#2494);
#2492 = CARTESIAN_POINT('',(-30.,-11.,42.));
#2493 = DIRECTION('',(1.,0.,-0.));
#2494 = DIRECTION('',(0.,0.,1.));
#2495 = DEFINITIONAL_REPRESENTATION('',(#2496),#2499);
#2496 = B_SPLINE_CURVE_WITH_KNOTS('',1,(#2497,#2498),.UNSPECIFIED.,.F.,
  .F.,(2,2),(24.5,62.5),.PIECEWISE_BEZIER_KNOTS.);
#2497 = CARTESIAN_POINT('',(18.,0.));
#2498 = CARTESIAN_POINT('',(18.,-38.));
#2499 = ( GEOMETRIC_REPRESENTATION_CONTEXT(2) 
PARAMETRIC_REPRESENTATION_CONTEXT() REPRESENTATION_CONTEXT('2D SPACE',''
  ) );
#2500 = ORIENTED_EDGE('',*,*,#2501,.F.);
#2501 = EDGE_CURVE('',#2502,#2476,#2504,.T.);
#2502 = VERTEX_POINT('',#2503);
#2503 = CARTESIAN_POINT('',(30.,27.,60.));
#2504 = SURFACE_CURVE('',#2505,(#2509,#2515),.PCURVE_S1.);
#2505 = LINE('',#2506,#2507);
#2506 = CARTESIAN_POINT('',(-45.,27.,60.));
#2507 = VECTOR('',#2508,1.);
#2508 = DIRECTION('',(-1.,-0.,0.));
#2509 = PCURVE('',#2308,#2510);
#2510 = DEFINITIONAL_REPRESENTATION('',(#2511),#2514);
#2511 = B_SPLINE_CURVE_WITH_KNOTS('',1,(#2512,#2513),.UNSPECIFIED.,.F.,
  .F.,(2,2),(-75.,-15.),.PIECEWISE_BEZIER_KNOTS.);
#2512 = CARTESIAN_POINT('',(90.,87.));
#2513 = CARTESIAN_POINT('',(30.,87.));
#2514 = ( GEOMETRIC_REPRESENTATION_CONTEXT(2) 
PARAMETRIC_REPRESENTATION_CONTEXT() REPRESENTATION_CONTEXT('2D SPACE',''
  ) );
#2515 = PCURVE('',#2516,#2521);
#2516 = PLANE('',#2517);
#2517 = AXIS2_PLACEMENT_3D('',#2518,#2519,#2520);
#2518 = CARTESIAN_POINT('',(-30.,27.,42.));
#2519 = DIRECTION('',(-0.,1.,0.));
#2520 = DIRECTION('',(0.,0.,1.));
#2521 = DEFINITIONAL_REPRESENTATION('',(#2522),#2525);
#2522 = B_SPLINE_CURVE_WITH_KNOTS('',1,(#2523,#2524),.UNSPECIFIED.,.F.,
  .F.,(2,2),(-75.,-15.),.PIECEWISE_BEZIER_KNOTS.);
#2523 = CARTESIAN_POINT('',(18.,60.));
#2524 = CARTESIAN_POINT('',(18.,0.));
#2525 = ( GEOMETRIC_REPRESENTATION_CONTEXT(2) 
PARAMETRIC_REPRESENTATION_CONTEXT() REPRESENTATION_CONTEXT('2D SPACE',''
  ) );
#2526 = ORIENTED_EDGE('',*,*,#2527,.F.);
#2527 = EDGE_CURVE('',#2448,#2502,#2528,.T.);
#2528 = SURFACE_CURVE('',#2529,(#2533,#2539),.PCURVE_S1.);
#2529 = LINE('',#2530,#2531);
#2530 = CARTESIAN_POINT('',(30.,-35.5,60.));
#2531 = VECTOR('',#2532,1.);
#2532 = DIRECTION('',(-0.,1.,0.));
#2533 = PCURVE('',#2308,#2534);
#2534 = DEFINITIONAL_REPRESENTATION('',(#2535),#2538);
#2535 = B_SPLINE_CURVE_WITH_KNOTS('',1,(#2536,#2537),.UNSPECIFIED.,.F.,
  .F.,(2,2),(24.5,62.5),.PIECEWISE_BEZIER_KNOTS.);
#2536 = CARTESIAN_POINT('',(90.,49.));
#2537 = CARTESIAN_POINT('',(90.,87.));
#2538 = ( GEOMETRIC_REPRESENTATION_CONTEXT(2) 
PARAMETRIC_REPRESENTATION_CONTEXT() REPRESENTATION_CONTEXT('2D SPACE',''
  ) );
#2539 = PCURVE('',#2540,#2545);
#2540 = PLANE('',#2541);
#2541 = AXIS2_PLACEMENT_3D('',#2542,#2543,#2544);
#2542 = CARTESIAN_POINT('',(30.,-11.,42.));
#2543 = DIRECTION('',(1.,0.,-0.));
#2544 = DIRECTION('',(0.,0.,1.));
#2545 = DEFINITIONAL_REPRESENTATION('',(#2546),#2549);
#2546 = B_SPLINE_CURVE_WITH_KNOTS('',1,(#2547,#2548),.UNSPECIFIED.,.F.,
  .F.,(2,2),(24.5,62.5),.PIECEWISE_BEZIER_KNOTS.);
#2547 = CARTESIAN_POINT('',(18.,0.));
#2548 = CARTESIAN_POINT('',(18.,-38.));
#2549 = ( GEOMETRIC_REPRESENTATION_CONTEXT(2) 
PARAMETRIC_REPRESENTATION_CONTEXT() REPRESENTATION_CONTEXT('2D SPACE',''
  ) );
#2550 = ADVANCED_FACE('',(#2551,#2599,#2634,#2669,#2704),#2282,.T.);
#2551 = FACE_BOUND('',#2552,.T.);
#2552 = EDGE_LOOP('',(#2553,#2576,#2577,#2578));
#2553 = ORIENTED_EDGE('',*,*,#2554,.F.);
#2554 = EDGE_CURVE('',#2239,#2555,#2557,.T.);
#2555 = VERTEX_POINT('',#2556);
#2556 = CARTESIAN_POINT('',(60.,50.,15.));
#2557 = SURFACE_CURVE('',#2558,(#2562,#2569),.PCURVE_S1.);
#2558 = LINE('',#2559,#2560);
#2559 = CARTESIAN_POINT('',(-60.,50.,15.));
#2560 = VECTOR('',#2561,1.);
#2561 = DIRECTION('',(1.,0.,-0.));
#2562 = PCURVE('',#2282,#2563);
#2563 = DEFINITIONAL_REPRESENTATION('',(#2564),#2568);
#2564 = LINE('',#2565,#2566);
#2565 = CARTESIAN_POINT('',(0.,0.));
#2566 = VECTOR('',#2567,1.);
#2567 = DIRECTION('',(0.,1.));
#2568 = ( GEOMETRIC_REPRESENTATION_CONTEXT(2) 
PARAMETRIC_REPRESENTATION_CONTEXT() REPRESENTATION_CONTEXT('2D SPACE',''
  ) );
#2569 = PCURVE('',#2254,#2570);
#2570 = DEFINITIONAL_REPRESENTATION('',(#2571),#2575);
#2571 = LINE('',#2572,#2573);
#2572 = CARTESIAN_POINT('',(0.,110.));
#2573 = VECTOR('',#2574,1.);
#2574 = DIRECTION('',(1.,0.));
#2575 = ( GEOMETRIC_REPRESENTATION_CONTEXT(2) 
PARAMETRIC_REPRESENTATION_CONTEXT() REPRESENTATION_CONTEXT('2D SPACE',''
  ) );
#2576 = ORIENTED_EDGE('',*,*,#2266,.T.);
#2577 = ORIENTED_EDGE('',*,*,#2424,.T.);
#2578 = ORIENTED_EDGE('',*,*,#2579,.F.);
#2579 = EDGE_CURVE('',#2555,#2402,#2580,.T.);
#2580 = SURFACE_CURVE('',#2581,(#2585,#2592),.PCURVE_S1.);
#2581 = LINE('',#2582,#2583);
#2582 = CARTESIAN_POINT('',(60.,50.,15.));
#2583 = VECTOR('',#2584,1.);
#2584 = DIRECTION('',(0.,0.,1.));
#2585 = PCURVE('',#2282,#2586);
#2586 = DEFINITIONAL_REPRESENTATION('',(#2587),#2591);
#2587 = LINE('',#2588,#2589);
#2588 = CARTESIAN_POINT('',(0.,120.));
#2589 = VECTOR('',#2590,1.);
#2590 = DIRECTION('',(1.,0.));
#2591 = ( GEOMETRIC_REPRESENTATION_CONTEXT(2) 
PARAMETRIC_REPRESENTATION_CONTEXT() REPRESENTATION_CONTEXT('2D SPACE',''
  ) );
#2592 = PCURVE('',#2384,#2593);
#2593 = DEFINITIONAL_REPRESENTATION('',(#2594),#2598);
#2594 = LINE('',#2595,#2596);
#2595 = CARTESIAN_POINT('',(0.,-110.));
#2596 = VECTOR('',#2597,1.);
#2597 = DIRECTION('',(1.,0.));
#2598 = ( GEOMETRIC_REPRESENTATION_CONTEXT(2) 
PARAMETRIC_REPRESENTATION_CONTEXT() REPRESENTATION_CONTEXT('2D SPACE',''
  ) );
#2599 = FACE_BOUND('',#2600,.T.);
#2600 = EDGE_LOOP('',(#2601));
#2601 = ORIENTED_EDGE('',*,*,#2602,.T.);
#2602 = EDGE_CURVE('',#2603,#2603,#2605,.T.);
#2603 = VERTEX_POINT('',#2604);
#2604 = CARTESIAN_POINT('',(-43.,50.,25.));
#2605 = SURFACE_CURVE('',#2606,(#2611,#2622),.PCURVE_S1.);
#2606 = CIRCLE('',#2607,2.);
#2607 = AXIS2_PLACEMENT_3D('',#2608,#2609,#2610);
#2608 = CARTESIAN_POINT('',(-45.,50.,25.));
#2609 = DIRECTION('',(0.,-1.,2.22044604925E-16));
#2610 = DIRECTION('',(1.,0.,0.));
#2611 = PCURVE('',#2282,#2612);
#2612 = DEFINITIONAL_REPRESENTATION('',(#2613),#2621);
#2613 = ( BOUNDED_CURVE() B_SPLINE_CURVE(2,(#2614,#2615,#2616,#2617,
#2618,#2619,#2620),.UNSPECIFIED.,.T.,.F.) B_SPLINE_CURVE_WITH_KNOTS((1,2
    ,2,2,2,1),(-2.094395102393,0.,2.094395102393,4.188790204786,
6.28318530718,8.377580409573),.UNSPECIFIED.) CURVE() 
GEOMETRIC_REPRESENTATION_ITEM() RATIONAL_B_SPLINE_CURVE((1.,0.5,1.,0.5,
1.,0.5,1.)) REPRESENTATION_ITEM('') );
#2614 = CARTESIAN_POINT('',(10.,17.));
#2615 = CARTESIAN_POINT('',(13.464101615138,17.));
#2616 = CARTESIAN_POINT('',(11.732050807569,14.));
#2617 = CARTESIAN_POINT('',(10.,11.));
#2618 = CARTESIAN_POINT('',(8.267949192431,14.));
#2619 = CARTESIAN_POINT('',(6.535898384862,17.));
#2620 = CARTESIAN_POINT('',(10.,17.));
#2621 = ( GEOMETRIC_REPRESENTATION_CONTEXT(2) 
PARAMETRIC_REPRESENTATION_CONTEXT() REPRESENTATION_CONTEXT('2D SPACE',''
  ) );
#2622 = PCURVE('',#2623,#2628);
#2623 = CYLINDRICAL_SURFACE('',#2624,2.);
#2624 = AXIS2_PLACEMENT_3D('',#2625,#2626,#2627);
#2625 = CARTESIAN_POINT('',(-45.,51.,25.));
#2626 = DIRECTION('',(0.,-1.,2.22044604925E-16));
#2627 = DIRECTION('',(1.,0.,0.));
#2628 = DEFINITIONAL_REPRESENTATION('',(#2629),#2633);
#2629 = LINE('',#2630,#2631);
#2630 = CARTESIAN_POINT('',(0.,1.));
#2631 = VECTOR('',#2632,1.);
#2632 = DIRECTION('',(1.,0.));
#2633 = ( GEOMETRIC_REPRESENTATION_CONTEXT(2) 
PARAMETRIC_REPRESENTATION_CONTEXT() REPRESENTATION_CONTEXT('2D SPACE',''
  ) );
#2634 = FACE_BOUND('',#2635,.T.);
#2635 = EDGE_LOOP('',(#2636));
#2636 = ORIENTED_EDGE('',*,*,#2637,.T.);
#2637 = EDGE_CURVE('',#2638,#2638,#2640,.T.);
#2638 = VERTEX_POINT('',#2639);
#2639 = CARTESIAN_POINT('',(-43.,50.,50.));
#2640 = SURFACE_CURVE('',#2641,(#2646,#2657),.PCURVE_S1.);
#2641 = CIRCLE('',#2642,2.);
#2642 = AXIS2_PLACEMENT_3D('',#2643,#2644,#2645);
#2643 = CARTESIAN_POINT('',(-45.,50.,50.));
#2644 = DIRECTION('',(0.,-1.,2.22044604925E-16));
#2645 = DIRECTION('',(1.,0.,0.));
#2646 = PCURVE('',#2282,#2647);
#2647 = DEFINITIONAL_REPRESENTATION('',(#2648),#2656);
#2648 = ( BOUNDED_CURVE() B_SPLINE_CURVE(2,(#2649,#2650,#2651,#2652,
#2653,#2654,#2655),.UNSPECIFIED.,.T.,.F.) B_SPLINE_CURVE_WITH_KNOTS((1,2
    ,2,2,2,1),(-2.094395102393,0.,2.094395102393,4.188790204786,
6.28318530718,8.377580409573),.UNSPECIFIED.) CURVE() 
GEOMETRIC_REPRESENTATION_ITEM() RATIONAL_B_SPLINE_CURVE((1.,0.5,1.,0.5,
1.,0.5,1.)) REPRESENTATION_ITEM('') );
#2649 = CARTESIAN_POINT('',(35.,17.));
#2650 = CARTESIAN_POINT('',(38.464101615138,17.));
#2651 = CARTESIAN_POINT('',(36.732050807569,14.));
#2652 = CARTESIAN_POINT('',(35.,11.));
#2653 = CARTESIAN_POINT('',(33.267949192431,14.));
#2654 = CARTESIAN_POINT('',(31.535898384862,17.));
#2655 = CARTESIAN_POINT('',(35.,17.));
#2656 = ( GEOMETRIC_REPRESENTATION_CONTEXT(2) 
PARAMETRIC_REPRESENTATION_CONTEXT() REPRESENTATION_CONTEXT('2D SPACE',''
  ) );
#2657 = PCURVE('',#2658,#2663);
#2658 = CYLINDRICAL_SURFACE('',#2659,2.);
#2659 = AXIS2_PLACEMENT_3D('',#2660,#2661,#2662);
#2660 = CARTESIAN_POINT('',(-45.,51.,50.));
#2661 = DIRECTION('',(0.,-1.,2.22044604925E-16));
#2662 = DIRECTION('',(1.,0.,0.));
#2663 = DEFINITIONAL_REPRESENTATION('',(#2664),#2668);
#2664 = LINE('',#2665,#2666);
#2665 = CARTESIAN_POINT('',(0.,1.));
#2666 = VECTOR('',#2667,1.);
#2667 = DIRECTION('',(1.,0.));
#2668 = ( GEOMETRIC_REPRESENTATION_CONTEXT(2) 
PARAMETRIC_REPRESENTATION_CONTEXT() REPRESENTATION_CONTEXT('2D SPACE',''
  ) );
#2669 = FACE_BOUND('',#2670,.T.);
#2670 = EDGE_LOOP('',(#2671));
#2671 = ORIENTED_EDGE('',*,*,#2672,.T.);
#2672 = EDGE_CURVE('',#2673,#2673,#2675,.T.);
#2673 = VERTEX_POINT('',#2674);
#2674 = CARTESIAN_POINT('',(47.,50.,25.));
#2675 = SURFACE_CURVE('',#2676,(#2681,#2692),.PCURVE_S1.);
#2676 = CIRCLE('',#2677,2.);
#2677 = AXIS2_PLACEMENT_3D('',#2678,#2679,#2680);
#2678 = CARTESIAN_POINT('',(45.,50.,25.));
#2679 = DIRECTION('',(0.,-1.,2.22044604925E-16));
#2680 = DIRECTION('',(1.,0.,0.));
#2681 = PCURVE('',#2282,#2682);
#2682 = DEFINITIONAL_REPRESENTATION('',(#2683),#2691);
#2683 = ( BOUNDED_CURVE() B_SPLINE_CURVE(2,(#2684,#2685,#2686,#2687,
#2688,#2689,#2690),.UNSPECIFIED.,.T.,.F.) B_SPLINE_CURVE_WITH_KNOTS((1,2
    ,2,2,2,1),(-2.094395102393,0.,2.094395102393,4.188790204786,
6.28318530718,8.377580409573),.UNSPECIFIED.) CURVE() 
GEOMETRIC_REPRESENTATION_ITEM() RATIONAL_B_SPLINE_CURVE((1.,0.5,1.,0.5,
1.,0.5,1.)) REPRESENTATION_ITEM('') );
#2684 = CARTESIAN_POINT('',(10.,107.));
#2685 = CARTESIAN_POINT('',(13.464101615138,107.));
#2686 = CARTESIAN_POINT('',(11.732050807569,104.));
#2687 = CARTESIAN_POINT('',(10.,101.));
#2688 = CARTESIAN_POINT('',(8.267949192431,104.));
#2689 = CARTESIAN_POINT('',(6.535898384862,107.));
#2690 = CARTESIAN_POINT('',(10.,107.));
#2691 = ( GEOMETRIC_REPRESENTATION_CONTEXT(2) 
PARAMETRIC_REPRESENTATION_CONTEXT() REPRESENTATION_CONTEXT('2D SPACE',''
  ) );
#2692 = PCURVE('',#2693,#2698);
#2693 = CYLINDRICAL_SURFACE('',#2694,2.);
#2694 = AXIS2_PLACEMENT_3D('',#2695,#2696,#2697);
#2695 = CARTESIAN_POINT('',(45.,51.,25.));
#2696 = DIRECTION('',(0.,-1.,2.22044604925E-16));
#2697 = DIRECTION('',(1.,0.,0.));
#2698 = DEFINITIONAL_REPRESENTATION('',(#2699),#2703);
#2699 = LINE('',#2700,#2701);
#2700 = CARTESIAN_POINT('',(0.,1.));
#2701 = VECTOR('',#2702,1.);
#2702 = DIRECTION('',(1.,0.));
#2703 = ( GEOMETRIC_REPRESENTATION_CONTEXT(2) 
PARAMETRIC_REPRESENTATION_CONTEXT() REPRESENTATION_CONTEXT('2D SPACE',''
  ) );
#2704 = FACE_BOUND('',#2705,.T.);
#2705 = EDGE_LOOP('',(#2706));
#2706 = ORIENTED_EDGE('',*,*,#2707,.T.);
#2707 = EDGE_CURVE('',#2708,#2708,#2710,.T.);
#2708 = VERTEX_POINT('',#2709);
#2709 = CARTESIAN_POINT('',(47.,50.,50.));
#2710 = SURFACE_CURVE('',#2711,(#2716,#2727),.PCURVE_S1.);
#2711 = CIRCLE('',#2712,2.);
#2712 = AXIS2_PLACEMENT_3D('',#2713,#2714,#2715);
#2713 = CARTESIAN_POINT('',(45.,50.,50.));
#2714 = DIRECTION('',(0.,-1.,2.22044604925E-16));
#2715 = DIRECTION('',(1.,0.,0.));
#2716 = PCURVE('',#2282,#2717);
#2717 = DEFINITIONAL_REPRESENTATION('',(#2718),#2726);
#2718 = ( BOUNDED_CURVE() B_SPLINE_CURVE(2,(#2719,#2720,#2721,#2722,
#2723,#2724,#2725),.UNSPECIFIED.,.T.,.F.) B_SPLINE_CURVE_WITH_KNOTS((1,2
    ,2,2,2,1),(-2.094395102393,0.,2.094395102393,4.188790204786,
6.28318530718,8.377580409573),.UNSPECIFIED.) CURVE() 
GEOMETRIC_REPRESENTATION_ITEM() RATIONAL_B_SPLINE_CURVE((1.,0.5,1.,0.5,
1.,0.5,1.)) REPRESENTATION_ITEM('') );
#2719 = CARTESIAN_POINT('',(35.,107.));
#2720 = CARTESIAN_POINT('',(38.464101615138,107.));
#2721 = CARTESIAN_POINT('',(36.732050807569,104.));
#2722 = CARTESIAN_POINT('',(35.,101.));
#2723 = CARTESIAN_POINT('',(33.267949192431,104.));
#2724 = CARTESIAN_POINT('',(31.535898384862,107.));
#2725 = CARTESIAN_POINT('',(35.,107.));
#2726 = ( GEOMETRIC_REPRESENTATION_CONTEXT(2) 
PARAMETRIC_REPRESENTATION_CONTEXT() REPRESENTATION_CONTEXT('2D SPACE',''
  ) );
#2727 = PCURVE('',#2728,#2733);
#2728 = CYLINDRICAL_SURFACE('',#2729,2.);
#2729 = AXIS2_PLACEMENT_3D('',#2730,#2731,#2732);
#2730 = CARTESIAN_POINT('',(45.,51.,50.));
#2731 = DIRECTION('',(0.,-1.,2.22044604925E-16));
#2732 = DIRECTION('',(1.,0.,0.));
#2733 = DEFINITIONAL_REPRESENTATION('',(#2734),#2738);
#2734 = LINE('',#2735,#2736);
#2735 = CARTESIAN_POINT('',(0.,1.));
#2736 = VECTOR('',#2737,1.);
#2737 = DIRECTION('',(1.,0.));
#2738 = ( GEOMETRIC_REPRESENTATION_CONTEXT(2) 
PARAMETRIC_REPRESENTATION_CONTEXT() REPRESENTATION_CONTEXT('2D SPACE',''
  ) );
#2739 = ADVANCED_FACE('',(#2740,#2766,#2797,#2828,#2859,#2965),#2254,.F.
  );
#2740 = FACE_BOUND('',#2741,.F.);
#2741 = EDGE_LOOP('',(#2742,#2743,#2744,#2765));
#2742 = ORIENTED_EDGE('',*,*,#2238,.F.);
#2743 = ORIENTED_EDGE('',*,*,#2323,.T.);
#2744 = ORIENTED_EDGE('',*,*,#2745,.T.);
#2745 = EDGE_CURVE('',#2324,#2555,#2746,.T.);
#2746 = SURFACE_CURVE('',#2747,(#2751,#2758),.PCURVE_S1.);
#2747 = LINE('',#2748,#2749);
#2748 = CARTESIAN_POINT('',(60.,-60.,15.));
#2749 = VECTOR('',#2750,1.);
#2750 = DIRECTION('',(-0.,1.,0.));
#2751 = PCURVE('',#2254,#2752);
#2752 = DEFINITIONAL_REPRESENTATION('',(#2753),#2757);
#2753 = LINE('',#2754,#2755);
#2754 = CARTESIAN_POINT('',(120.,0.));
#2755 = VECTOR('',#2756,1.);
#2756 = DIRECTION('',(0.,1.));
#2757 = ( GEOMETRIC_REPRESENTATION_CONTEXT(2) 
PARAMETRIC_REPRESENTATION_CONTEXT() REPRESENTATION_CONTEXT('2D SPACE',''
  ) );
#2758 = PCURVE('',#2384,#2759);
#2759 = DEFINITIONAL_REPRESENTATION('',(#2760),#2764);
#2760 = LINE('',#2761,#2762);
#2761 = CARTESIAN_POINT('',(0.,0.));
#2762 = VECTOR('',#2763,1.);
#2763 = DIRECTION('',(0.,-1.));
#2764 = ( GEOMETRIC_REPRESENTATION_CONTEXT(2) 
PARAMETRIC_REPRESENTATION_CONTEXT() REPRESENTATION_CONTEXT('2D SPACE',''
  ) );
#2765 = ORIENTED_EDGE('',*,*,#2554,.F.);
#2766 = FACE_BOUND('',#2767,.F.);
#2767 = EDGE_LOOP('',(#2768));
#2768 = ORIENTED_EDGE('',*,*,#2769,.F.);
#2769 = EDGE_CURVE('',#2770,#2770,#2772,.T.);
#2770 = VERTEX_POINT('',#2771);
#2771 = CARTESIAN_POINT('',(-38.4,-21.,15.));
#2772 = SURFACE_CURVE('',#2773,(#2778,#2785),.PCURVE_S1.);
#2773 = CIRCLE('',#2774,1.6);
#2774 = AXIS2_PLACEMENT_3D('',#2775,#2776,#2777);
#2775 = CARTESIAN_POINT('',(-40.,-21.,15.));
#2776 = DIRECTION('',(0.,0.,1.));
#2777 = DIRECTION('',(1.,0.,-0.));
#2778 = PCURVE('',#2254,#2779);
#2779 = DEFINITIONAL_REPRESENTATION('',(#2780),#2784);
#2780 = CIRCLE('',#2781,1.6);
#2781 = AXIS2_PLACEMENT_2D('',#2782,#2783);
#2782 = CARTESIAN_POINT('',(20.,39.));
#2783 = DIRECTION('',(1.,0.));
#2784 = ( GEOMETRIC_REPRESENTATION_CONTEXT(2) 
PARAMETRIC_REPRESENTATION_CONTEXT() REPRESENTATION_CONTEXT('2D SPACE',''
  ) );
#2785 = PCURVE('',#2786,#2791);
#2786 = CYLINDRICAL_SURFACE('',#2787,1.6);
#2787 = AXIS2_PLACEMENT_3D('',#2788,#2789,#2790);
#2788 = CARTESIAN_POINT('',(-40.,-21.,14.));
#2789 = DIRECTION('',(0.,0.,1.));
#2790 = DIRECTION('',(1.,0.,-0.));
#2791 = DEFINITIONAL_REPRESENTATION('',(#2792),#2796);
#2792 = LINE('',#2793,#2794);
#2793 = CARTESIAN_POINT('',(0.,1.));
#2794 = VECTOR('',#2795,1.);
#2795 = DIRECTION('',(1.,0.));
#2796 = ( GEOMETRIC_REPRESENTATION_CONTEXT(2) 
PARAMETRIC_REPRESENTATION_CONTEXT() REPRESENTATION_CONTEXT('2D SPACE',''
  ) );
#2797 = FACE_BOUND('',#2798,.F.);
#2798 = EDGE_LOOP('',(#2799));
#2799 = ORIENTED_EDGE('',*,*,#2800,.F.);
#2800 = EDGE_CURVE('',#2801,#2801,#2803,.T.);
#2801 = VERTEX_POINT('',#2802);
#2802 = CARTESIAN_POINT('',(41.6,-21.,15.));
#2803 = SURFACE_CURVE('',#2804,(#2809,#2816),.PCURVE_S1.);
#2804 = CIRCLE('',#2805,1.6);
#2805 = AXIS2_PLACEMENT_3D('',#2806,#2807,#2808);
#2806 = CARTESIAN_POINT('',(40.,-21.,15.));
#2807 = DIRECTION('',(0.,0.,1.));
#2808 = DIRECTION('',(1.,0.,-0.));
#2809 = PCURVE('',#2254,#2810);
#2810 = DEFINITIONAL_REPRESENTATION('',(#2811),#2815);
#2811 = CIRCLE('',#2812,1.6);
#2812 = AXIS2_PLACEMENT_2D('',#2813,#2814);
#2813 = CARTESIAN_POINT('',(100.,39.));
#2814 = DIRECTION('',(1.,0.));
#2815 = ( GEOMETRIC_REPRESENTATION_CONTEXT(2) 
PARAMETRIC_REPRESENTATION_CONTEXT() REPRESENTATION_CONTEXT('2D SPACE',''
  ) );
#2816 = PCURVE('',#2817,#2822);
#2817 = CYLINDRICAL_SURFACE('',#2818,1.6);
#2818 = AXIS2_PLACEMENT_3D('',#2819,#2820,#2821);
#2819 = CARTESIAN_POINT('',(40.,-21.,14.));
#2820 = DIRECTION('',(0.,0.,1.));
#2821 = DIRECTION('',(1.,0.,-0.));
#2822 = DEFINITIONAL_REPRESENTATION('',(#2823),#2827);
#2823 = LINE('',#2824,#2825);
#2824 = CARTESIAN_POINT('',(0.,1.));
#2825 = VECTOR('',#2826,1.);
#2826 = DIRECTION('',(1.,0.));
#2827 = ( GEOMETRIC_REPRESENTATION_CONTEXT(2) 
PARAMETRIC_REPRESENTATION_CONTEXT() REPRESENTATION_CONTEXT('2D SPACE',''
  ) );
#2828 = FACE_BOUND('',#2829,.F.);
#2829 = EDGE_LOOP('',(#2830));
#2830 = ORIENTED_EDGE('',*,*,#2831,.F.);
#2831 = EDGE_CURVE('',#2832,#2832,#2834,.T.);
#2832 = VERTEX_POINT('',#2833);
#2833 = CARTESIAN_POINT('',(-38.4,37.,15.));
#2834 = SURFACE_CURVE('',#2835,(#2840,#2847),.PCURVE_S1.);
#2835 = CIRCLE('',#2836,1.6);
#2836 = AXIS2_PLACEMENT_3D('',#2837,#2838,#2839);
#2837 = CARTESIAN_POINT('',(-40.,37.,15.));
#2838 = DIRECTION('',(0.,0.,1.));
#2839 = DIRECTION('',(1.,0.,-0.));
#2840 = PCURVE('',#2254,#2841);
#2841 = DEFINITIONAL_REPRESENTATION('',(#2842),#2846);
#2842 = CIRCLE('',#2843,1.6);
#2843 = AXIS2_PLACEMENT_2D('',#2844,#2845);
#2844 = CARTESIAN_POINT('',(20.,97.));
#2845 = DIRECTION('',(1.,0.));
#2846 = ( GEOMETRIC_REPRESENTATION_CONTEXT(2) 
PARAMETRIC_REPRESENTATION_CONTEXT() REPRESENTATION_CONTEXT('2D SPACE',''
  ) );
#2847 = PCURVE('',#2848,#2853);
#2848 = CYLINDRICAL_SURFACE('',#2849,1.6);
#2849 = AXIS2_PLACEMENT_3D('',#2850,#2851,#2852);
#2850 = CARTESIAN_POINT('',(-40.,37.,14.));
#2851 = DIRECTION('',(0.,0.,1.));
#2852 = DIRECTION('',(1.,0.,-0.));
#2853 = DEFINITIONAL_REPRESENTATION('',(#2854),#2858);
#2854 = LINE('',#2855,#2856);
#2855 = CARTESIAN_POINT('',(0.,1.));
#2856 = VECTOR('',#2857,1.);
#2857 = DIRECTION('',(1.,0.));
#2858 = ( GEOMETRIC_REPRESENTATION_CONTEXT(2) 
PARAMETRIC_REPRESENTATION_CONTEXT() REPRESENTATION_CONTEXT('2D SPACE',''
  ) );
#2859 = FACE_BOUND('',#2860,.F.);
#2860 = EDGE_LOOP('',(#2861,#2889,#2915,#2941));
#2861 = ORIENTED_EDGE('',*,*,#2862,.T.);
#2862 = EDGE_CURVE('',#2863,#2865,#2867,.T.);
#2863 = VERTEX_POINT('',#2864);
#2864 = CARTESIAN_POINT('',(36.,-17.,15.));
#2865 = VERTEX_POINT('',#2866);
#2866 = CARTESIAN_POINT('',(-36.,-17.,15.));
#2867 = SURFACE_CURVE('',#2868,(#2872,#2878),.PCURVE_S1.);
#2868 = LINE('',#2869,#2870);
#2869 = CARTESIAN_POINT('',(-48.,-17.,15.));
#2870 = VECTOR('',#2871,1.);
#2871 = DIRECTION('',(-1.,-0.,0.));
#2872 = PCURVE('',#2254,#2873);
#2873 = DEFINITIONAL_REPRESENTATION('',(#2874),#2877);
#2874 = B_SPLINE_CURVE_WITH_KNOTS('',1,(#2875,#2876),.UNSPECIFIED.,.F.,
  .F.,(2,2),(-84.,-12.),.PIECEWISE_BEZIER_KNOTS.);
#2875 = CARTESIAN_POINT('',(96.,43.));
#2876 = CARTESIAN_POINT('',(24.,43.));
#2877 = ( GEOMETRIC_REPRESENTATION_CONTEXT(2) 
PARAMETRIC_REPRESENTATION_CONTEXT() REPRESENTATION_CONTEXT('2D SPACE',''
  ) );
#2878 = PCURVE('',#2879,#2884);
#2879 = PLANE('',#2880);
#2880 = AXIS2_PLACEMENT_3D('',#2881,#2882,#2883);
#2881 = CARTESIAN_POINT('',(-36.,-17.,14.));
#2882 = DIRECTION('',(-0.,1.,0.));
#2883 = DIRECTION('',(0.,0.,1.));
#2884 = DEFINITIONAL_REPRESENTATION('',(#2885),#2888);
#2885 = B_SPLINE_CURVE_WITH_KNOTS('',1,(#2886,#2887),.UNSPECIFIED.,.F.,
  .F.,(2,2),(-84.,-12.),.PIECEWISE_BEZIER_KNOTS.);
#2886 = CARTESIAN_POINT('',(1.,72.));
#2887 = CARTESIAN_POINT('',(1.,0.));
#2888 = ( GEOMETRIC_REPRESENTATION_CONTEXT(2) 
PARAMETRIC_REPRESENTATION_CONTEXT() REPRESENTATION_CONTEXT('2D SPACE',''
  ) );
#2889 = ORIENTED_EDGE('',*,*,#2890,.T.);
#2890 = EDGE_CURVE('',#2865,#2891,#2893,.T.);
#2891 = VERTEX_POINT('',#2892);
#2892 = CARTESIAN_POINT('',(-36.,33.,15.));
#2893 = SURFACE_CURVE('',#2894,(#2898,#2904),.PCURVE_S1.);
#2894 = LINE('',#2895,#2896);
#2895 = CARTESIAN_POINT('',(-36.,-38.5,15.));
#2896 = VECTOR('',#2897,1.);
#2897 = DIRECTION('',(-0.,1.,0.));
#2898 = PCURVE('',#2254,#2899);
#2899 = DEFINITIONAL_REPRESENTATION('',(#2900),#2903);
#2900 = B_SPLINE_CURVE_WITH_KNOTS('',1,(#2901,#2902),.UNSPECIFIED.,.F.,
  .F.,(2,2),(21.5,71.5),.PIECEWISE_BEZIER_KNOTS.);
#2901 = CARTESIAN_POINT('',(24.,43.));
#2902 = CARTESIAN_POINT('',(24.,93.));
#2903 = ( GEOMETRIC_REPRESENTATION_CONTEXT(2) 
PARAMETRIC_REPRESENTATION_CONTEXT() REPRESENTATION_CONTEXT('2D SPACE',''
  ) );
#2904 = PCURVE('',#2905,#2910);
#2905 = PLANE('',#2906);
#2906 = AXIS2_PLACEMENT_3D('',#2907,#2908,#2909);
#2907 = CARTESIAN_POINT('',(-36.,-17.,14.));
#2908 = DIRECTION('',(1.,0.,-0.));
#2909 = DIRECTION('',(0.,0.,1.));
#2910 = DEFINITIONAL_REPRESENTATION('',(#2911),#2914);
#2911 = B_SPLINE_CURVE_WITH_KNOTS('',1,(#2912,#2913),.UNSPECIFIED.,.F.,
  .F.,(2,2),(21.5,71.5),.PIECEWISE_BEZIER_KNOTS.);
#2912 = CARTESIAN_POINT('',(1.,0.));
#2913 = CARTESIAN_POINT('',(1.,-50.));
#2914 = ( GEOMETRIC_REPRESENTATION_CONTEXT(2) 
PARAMETRIC_REPRESENTATION_CONTEXT() REPRESENTATION_CONTEXT('2D SPACE',''
  ) );
#2915 = ORIENTED_EDGE('',*,*,#2916,.F.);
#2916 = EDGE_CURVE('',#2917,#2891,#2919,.T.);
#2917 = VERTEX_POINT('',#2918);
#2918 = CARTESIAN_POINT('',(36.,33.,15.));
#2919 = SURFACE_CURVE('',#2920,(#2924,#2930),.PCURVE_S1.);
#2920 = LINE('',#2921,#2922);
#2921 = CARTESIAN_POINT('',(-48.,33.,15.));
#2922 = VECTOR('',#2923,1.);
#2923 = DIRECTION('',(-1.,-0.,0.));
#2924 = PCURVE('',#2254,#2925);
#2925 = DEFINITIONAL_REPRESENTATION('',(#2926),#2929);
#2926 = B_SPLINE_CURVE_WITH_KNOTS('',1,(#2927,#2928),.UNSPECIFIED.,.F.,
  .F.,(2,2),(-84.,-12.),.PIECEWISE_BEZIER_KNOTS.);
#2927 = CARTESIAN_POINT('',(96.,93.));
#2928 = CARTESIAN_POINT('',(24.,93.));
#2929 = ( GEOMETRIC_REPRESENTATION_CONTEXT(2) 
PARAMETRIC_REPRESENTATION_CONTEXT() REPRESENTATION_CONTEXT('2D SPACE',''
  ) );
#2930 = PCURVE('',#2931,#2936);
#2931 = PLANE('',#2932);
#2932 = AXIS2_PLACEMENT_3D('',#2933,#2934,#2935);
#2933 = CARTESIAN_POINT('',(-36.,33.,14.));
#2934 = DIRECTION('',(-0.,1.,0.));
#2935 = DIRECTION('',(0.,0.,1.));
#2936 = DEFINITIONAL_REPRESENTATION('',(#2937),#2940);
#2937 = B_SPLINE_CURVE_WITH_KNOTS('',1,(#2938,#2939),.UNSPECIFIED.,.F.,
  .F.,(2,2),(-84.,-12.),.PIECEWISE_BEZIER_KNOTS.);
#2938 = CARTESIAN_POINT('',(1.,72.));
#2939 = CARTESIAN_POINT('',(1.,0.));
#2940 = ( GEOMETRIC_REPRESENTATION_CONTEXT(2) 
PARAMETRIC_REPRESENTATION_CONTEXT() REPRESENTATION_CONTEXT('2D SPACE',''
  ) );
#2941 = ORIENTED_EDGE('',*,*,#2942,.F.);
#2942 = EDGE_CURVE('',#2863,#2917,#2943,.T.);
#2943 = SURFACE_CURVE('',#2944,(#2948,#2954),.PCURVE_S1.);
#2944 = LINE('',#2945,#2946);
#2945 = CARTESIAN_POINT('',(36.,-38.5,15.));
#2946 = VECTOR('',#2947,1.);
#2947 = DIRECTION('',(-0.,1.,0.));
#2948 = PCURVE('',#2254,#2949);
#2949 = DEFINITIONAL_REPRESENTATION('',(#2950),#2953);
#2950 = B_SPLINE_CURVE_WITH_KNOTS('',1,(#2951,#2952),.UNSPECIFIED.,.F.,
  .F.,(2,2),(21.5,71.5),.PIECEWISE_BEZIER_KNOTS.);
#2951 = CARTESIAN_POINT('',(96.,43.));
#2952 = CARTESIAN_POINT('',(96.,93.));
#2953 = ( GEOMETRIC_REPRESENTATION_CONTEXT(2) 
PARAMETRIC_REPRESENTATION_CONTEXT() REPRESENTATION_CONTEXT('2D SPACE',''
  ) );
#2954 = PCURVE('',#2955,#2960);
#2955 = PLANE('',#2956);
#2956 = AXIS2_PLACEMENT_3D('',#2957,#2958,#2959);
#2957 = CARTESIAN_POINT('',(36.,-17.,14.));
#2958 = DIRECTION('',(1.,0.,-0.));
#2959 = DIRECTION('',(0.,0.,1.));
#2960 = DEFINITIONAL_REPRESENTATION('',(#2961),#2964);
#2961 = B_SPLINE_CURVE_WITH_KNOTS('',1,(#2962,#2963),.UNSPECIFIED.,.F.,
  .F.,(2,2),(21.5,71.5),.PIECEWISE_BEZIER_KNOTS.);
#2962 = CARTESIAN_POINT('',(1.,0.));
#2963 = CARTESIAN_POINT('',(1.,-50.));
#2964 = ( GEOMETRIC_REPRESENTATION_CONTEXT(2) 
PARAMETRIC_REPRESENTATION_CONTEXT() REPRESENTATION_CONTEXT('2D SPACE',''
  ) );
#2965 = FACE_BOUND('',#2966,.F.);
#2966 = EDGE_LOOP('',(#2967));
#2967 = ORIENTED_EDGE('',*,*,#2968,.F.);
#2968 = EDGE_CURVE('',#2969,#2969,#2971,.T.);
#2969 = VERTEX_POINT('',#2970);
#2970 = CARTESIAN_POINT('',(41.6,37.,15.));
#2971 = SURFACE_CURVE('',#2972,(#2977,#2984),.PCURVE_S1.);
#2972 = CIRCLE('',#2973,1.6);
#2973 = AXIS2_PLACEMENT_3D('',#2974,#2975,#2976);
#2974 = CARTESIAN_POINT('',(40.,37.,15.));
#2975 = DIRECTION('',(0.,0.,1.));
#2976 = DIRECTION('',(1.,0.,-0.));
#2977 = PCURVE('',#2254,#2978);
#2978 = DEFINITIONAL_REPRESENTATION('',(#2979),#2983);
#2979 = CIRCLE('',#2980,1.6);
#2980 = AXIS2_PLACEMENT_2D('',#2981,#2982);
#2981 = CARTESIAN_POINT('',(100.,97.));
#2982 = DIRECTION('',(1.,0.));
#2983 = ( GEOMETRIC_REPRESENTATION_CONTEXT(2) 
PARAMETRIC_REPRESENTATION_CONTEXT() REPRESENTATION_CONTEXT('2D SPACE',''
  ) );
#2984 = PCURVE('',#2985,#2990);
#2985 = CYLINDRICAL_SURFACE('',#2986,1.6);
#2986 = AXIS2_PLACEMENT_3D('',#2987,#2988,#2989);
#2987 = CARTESIAN_POINT('',(40.,37.,14.));
#2988 = DIRECTION('',(0.,0.,1.));
#2989 = DIRECTION('',(1.,0.,-0.));
#2990 = DEFINITIONAL_REPRESENTATION('',(#2991),#2995);
#2991 = LINE('',#2992,#2993);
#2992 = CARTESIAN_POINT('',(0.,1.));
#2993 = VECTOR('',#2994,1.);
#2994 = DIRECTION('',(1.,0.));
#2995 = ( GEOMETRIC_REPRESENTATION_CONTEXT(2) 
PARAMETRIC_REPRESENTATION_CONTEXT() REPRESENTATION_CONTEXT('2D SPACE',''
  ) );
#2996 = ADVANCED_FACE('',(#2997),#2384,.T.);
#2997 = FACE_BOUND('',#2998,.T.);
#2998 = EDGE_LOOP('',(#2999,#3000,#3001,#3002));
#2999 = ORIENTED_EDGE('',*,*,#2370,.F.);
#3000 = ORIENTED_EDGE('',*,*,#2745,.T.);
#3001 = ORIENTED_EDGE('',*,*,#2579,.T.);
#3002 = ORIENTED_EDGE('',*,*,#2401,.F.);
#3003 = ADVANCED_FACE('',(#3004),#2464,.T.);
#3004 = FACE_BOUND('',#3005,.T.);
#3005 = EDGE_LOOP('',(#3006,#3029,#3057,#3078));
#3006 = ORIENTED_EDGE('',*,*,#3007,.F.);
#3007 = EDGE_CURVE('',#3008,#2448,#3010,.T.);
#3008 = VERTEX_POINT('',#3009);
#3009 = CARTESIAN_POINT('',(30.,-11.,42.));
#3010 = SURFACE_CURVE('',#3011,(#3015,#3022),.PCURVE_S1.);
#3011 = LINE('',#3012,#3013);
#3012 = CARTESIAN_POINT('',(30.,-11.,42.));
#3013 = VECTOR('',#3014,1.);
#3014 = DIRECTION('',(0.,0.,1.));
#3015 = PCURVE('',#2464,#3016);
#3016 = DEFINITIONAL_REPRESENTATION('',(#3017),#3021);
#3017 = LINE('',#3018,#3019);
#3018 = CARTESIAN_POINT('',(0.,60.));
#3019 = VECTOR('',#3020,1.);
#3020 = DIRECTION('',(1.,0.));
#3021 = ( GEOMETRIC_REPRESENTATION_CONTEXT(2) 
PARAMETRIC_REPRESENTATION_CONTEXT() REPRESENTATION_CONTEXT('2D SPACE',''
  ) );
#3022 = PCURVE('',#2540,#3023);
#3023 = DEFINITIONAL_REPRESENTATION('',(#3024),#3028);
#3024 = LINE('',#3025,#3026);
#3025 = CARTESIAN_POINT('',(0.,0.));
#3026 = VECTOR('',#3027,1.);
#3027 = DIRECTION('',(1.,0.));
#3028 = ( GEOMETRIC_REPRESENTATION_CONTEXT(2) 
PARAMETRIC_REPRESENTATION_CONTEXT() REPRESENTATION_CONTEXT('2D SPACE',''
  ) );
#3029 = ORIENTED_EDGE('',*,*,#3030,.F.);
#3030 = EDGE_CURVE('',#3031,#3008,#3033,.T.);
#3031 = VERTEX_POINT('',#3032);
#3032 = CARTESIAN_POINT('',(-30.,-11.,42.));
#3033 = SURFACE_CURVE('',#3034,(#3038,#3045),.PCURVE_S1.);
#3034 = LINE('',#3035,#3036);
#3035 = CARTESIAN_POINT('',(-30.,-11.,42.));
#3036 = VECTOR('',#3037,1.);
#3037 = DIRECTION('',(1.,0.,-0.));
#3038 = PCURVE('',#2464,#3039);
#3039 = DEFINITIONAL_REPRESENTATION('',(#3040),#3044);
#3040 = LINE('',#3041,#3042);
#3041 = CARTESIAN_POINT('',(0.,0.));
#3042 = VECTOR('',#3043,1.);
#3043 = DIRECTION('',(0.,1.));
#3044 = ( GEOMETRIC_REPRESENTATION_CONTEXT(2) 
PARAMETRIC_REPRESENTATION_CONTEXT() REPRESENTATION_CONTEXT('2D SPACE',''
  ) );
#3045 = PCURVE('',#3046,#3051);
#3046 = PLANE('',#3047);
#3047 = AXIS2_PLACEMENT_3D('',#3048,#3049,#3050);
#3048 = CARTESIAN_POINT('',(-36.,-17.,42.));
#3049 = DIRECTION('',(0.,0.,1.));
#3050 = DIRECTION('',(1.,0.,-0.));
#3051 = DEFINITIONAL_REPRESENTATION('',(#3052),#3056);
#3052 = LINE('',#3053,#3054);
#3053 = CARTESIAN_POINT('',(6.,6.));
#3054 = VECTOR('',#3055,1.);
#3055 = DIRECTION('',(1.,0.));
#3056 = ( GEOMETRIC_REPRESENTATION_CONTEXT(2) 
PARAMETRIC_REPRESENTATION_CONTEXT() REPRESENTATION_CONTEXT('2D SPACE',''
  ) );
#3057 = ORIENTED_EDGE('',*,*,#3058,.T.);
#3058 = EDGE_CURVE('',#3031,#2450,#3059,.T.);
#3059 = SURFACE_CURVE('',#3060,(#3064,#3071),.PCURVE_S1.);
#3060 = LINE('',#3061,#3062);
#3061 = CARTESIAN_POINT('',(-30.,-11.,42.));
#3062 = VECTOR('',#3063,1.);
#3063 = DIRECTION('',(0.,0.,1.));
#3064 = PCURVE('',#2464,#3065);
#3065 = DEFINITIONAL_REPRESENTATION('',(#3066),#3070);
#3066 = LINE('',#3067,#3068);
#3067 = CARTESIAN_POINT('',(0.,0.));
#3068 = VECTOR('',#3069,1.);
#3069 = DIRECTION('',(1.,0.));
#3070 = ( GEOMETRIC_REPRESENTATION_CONTEXT(2) 
PARAMETRIC_REPRESENTATION_CONTEXT() REPRESENTATION_CONTEXT('2D SPACE',''
  ) );
#3071 = PCURVE('',#2490,#3072);
#3072 = DEFINITIONAL_REPRESENTATION('',(#3073),#3077);
#3073 = LINE('',#3074,#3075);
#3074 = CARTESIAN_POINT('',(0.,0.));
#3075 = VECTOR('',#3076,1.);
#3076 = DIRECTION('',(1.,0.));
#3077 = ( GEOMETRIC_REPRESENTATION_CONTEXT(2) 
PARAMETRIC_REPRESENTATION_CONTEXT() REPRESENTATION_CONTEXT('2D SPACE',''
  ) );
#3078 = ORIENTED_EDGE('',*,*,#2447,.F.);
#3079 = ADVANCED_FACE('',(#3080),#2540,.F.);
#3080 = FACE_BOUND('',#3081,.F.);
#3081 = EDGE_LOOP('',(#3082,#3083,#3106,#3127));
#3082 = ORIENTED_EDGE('',*,*,#3007,.F.);
#3083 = ORIENTED_EDGE('',*,*,#3084,.T.);
#3084 = EDGE_CURVE('',#3008,#3085,#3087,.T.);
#3085 = VERTEX_POINT('',#3086);
#3086 = CARTESIAN_POINT('',(30.,27.,42.));
#3087 = SURFACE_CURVE('',#3088,(#3092,#3099),.PCURVE_S1.);
#3088 = LINE('',#3089,#3090);
#3089 = CARTESIAN_POINT('',(30.,-11.,42.));
#3090 = VECTOR('',#3091,1.);
#3091 = DIRECTION('',(-0.,1.,0.));
#3092 = PCURVE('',#2540,#3093);
#3093 = DEFINITIONAL_REPRESENTATION('',(#3094),#3098);
#3094 = LINE('',#3095,#3096);
#3095 = CARTESIAN_POINT('',(0.,0.));
#3096 = VECTOR('',#3097,1.);
#3097 = DIRECTION('',(0.,-1.));
#3098 = ( GEOMETRIC_REPRESENTATION_CONTEXT(2) 
PARAMETRIC_REPRESENTATION_CONTEXT() REPRESENTATION_CONTEXT('2D SPACE',''
  ) );
#3099 = PCURVE('',#3046,#3100);
#3100 = DEFINITIONAL_REPRESENTATION('',(#3101),#3105);
#3101 = LINE('',#3102,#3103);
#3102 = CARTESIAN_POINT('',(66.,6.));
#3103 = VECTOR('',#3104,1.);
#3104 = DIRECTION('',(0.,1.));
#3105 = ( GEOMETRIC_REPRESENTATION_CONTEXT(2) 
PARAMETRIC_REPRESENTATION_CONTEXT() REPRESENTATION_CONTEXT('2D SPACE',''
  ) );
#3106 = ORIENTED_EDGE('',*,*,#3107,.T.);
#3107 = EDGE_CURVE('',#3085,#2502,#3108,.T.);
#3108 = SURFACE_CURVE('',#3109,(#3113,#3120),.PCURVE_S1.);
#3109 = LINE('',#3110,#3111);
#3110 = CARTESIAN_POINT('',(30.,27.,42.));
#3111 = VECTOR('',#3112,1.);
#3112 = DIRECTION('',(0.,0.,1.));
#3113 = PCURVE('',#2540,#3114);
#3114 = DEFINITIONAL_REPRESENTATION('',(#3115),#3119);
#3115 = LINE('',#3116,#3117);
#3116 = CARTESIAN_POINT('',(0.,-38.));
#3117 = VECTOR('',#3118,1.);
#3118 = DIRECTION('',(1.,0.));
#3119 = ( GEOMETRIC_REPRESENTATION_CONTEXT(2) 
PARAMETRIC_REPRESENTATION_CONTEXT() REPRESENTATION_CONTEXT('2D SPACE',''
  ) );
#3120 = PCURVE('',#2516,#3121);
#3121 = DEFINITIONAL_REPRESENTATION('',(#3122),#3126);
#3122 = LINE('',#3123,#3124);
#3123 = CARTESIAN_POINT('',(0.,60.));
#3124 = VECTOR('',#3125,1.);
#3125 = DIRECTION('',(1.,0.));
#3126 = ( GEOMETRIC_REPRESENTATION_CONTEXT(2) 
PARAMETRIC_REPRESENTATION_CONTEXT() REPRESENTATION_CONTEXT('2D SPACE',''
  ) );
#3127 = ORIENTED_EDGE('',*,*,#2527,.F.);
#3128 = ADVANCED_FACE('',(#3129),#2516,.F.);
#3129 = FACE_BOUND('',#3130,.F.);
#3130 = EDGE_LOOP('',(#3131,#3132,#3155,#3176));
#3131 = ORIENTED_EDGE('',*,*,#3107,.F.);
#3132 = ORIENTED_EDGE('',*,*,#3133,.F.);
#3133 = EDGE_CURVE('',#3134,#3085,#3136,.T.);
#3134 = VERTEX_POINT('',#3135);
#3135 = CARTESIAN_POINT('',(-30.,27.,42.));
#3136 = SURFACE_CURVE('',#3137,(#3141,#3148),.PCURVE_S1.);
#3137 = LINE('',#3138,#3139);
#3138 = CARTESIAN_POINT('',(-30.,27.,42.));
#3139 = VECTOR('',#3140,1.);
#3140 = DIRECTION('',(1.,0.,-0.));
#3141 = PCURVE('',#2516,#3142);
#3142 = DEFINITIONAL_REPRESENTATION('',(#3143),#3147);
#3143 = LINE('',#3144,#3145);
#3144 = CARTESIAN_POINT('',(0.,0.));
#3145 = VECTOR('',#3146,1.);
#3146 = DIRECTION('',(0.,1.));
#3147 = ( GEOMETRIC_REPRESENTATION_CONTEXT(2) 
PARAMETRIC_REPRESENTATION_CONTEXT() REPRESENTATION_CONTEXT('2D SPACE',''
  ) );
#3148 = PCURVE('',#3046,#3149);
#3149 = DEFINITIONAL_REPRESENTATION('',(#3150),#3154);
#3150 = LINE('',#3151,#3152);
#3151 = CARTESIAN_POINT('',(6.,44.));
#3152 = VECTOR('',#3153,1.);
#3153 = DIRECTION('',(1.,0.));
#3154 = ( GEOMETRIC_REPRESENTATION_CONTEXT(2) 
PARAMETRIC_REPRESENTATION_CONTEXT() REPRESENTATION_CONTEXT('2D SPACE',''
  ) );
#3155 = ORIENTED_EDGE('',*,*,#3156,.T.);
#3156 = EDGE_CURVE('',#3134,#2476,#3157,.T.);
#3157 = SURFACE_CURVE('',#3158,(#3162,#3169),.PCURVE_S1.);
#3158 = LINE('',#3159,#3160);
#3159 = CARTESIAN_POINT('',(-30.,27.,42.));
#3160 = VECTOR('',#3161,1.);
#3161 = DIRECTION('',(0.,0.,1.));
#3162 = PCURVE('',#2516,#3163);
#3163 = DEFINITIONAL_REPRESENTATION('',(#3164),#3168);
#3164 = LINE('',#3165,#3166);
#3165 = CARTESIAN_POINT('',(0.,0.));
#3166 = VECTOR('',#3167,1.);
#3167 = DIRECTION('',(1.,0.));
#3168 = ( GEOMETRIC_REPRESENTATION_CONTEXT(2) 
PARAMETRIC_REPRESENTATION_CONTEXT() REPRESENTATION_CONTEXT('2D SPACE',''
  ) );
#3169 = PCURVE('',#2490,#3170);
#3170 = DEFINITIONAL_REPRESENTATION('',(#3171),#3175);
#3171 = LINE('',#3172,#3173);
#3172 = CARTESIAN_POINT('',(0.,-38.));
#3173 = VECTOR('',#3174,1.);
#3174 = DIRECTION('',(1.,0.));
#3175 = ( GEOMETRIC_REPRESENTATION_CONTEXT(2) 
PARAMETRIC_REPRESENTATION_CONTEXT() REPRESENTATION_CONTEXT('2D SPACE',''
  ) );
#3176 = ORIENTED_EDGE('',*,*,#2501,.F.);
#3177 = ADVANCED_FACE('',(#3178),#2490,.T.);
#3178 = FACE_BOUND('',#3179,.T.);
#3179 = EDGE_LOOP('',(#3180,#3181,#3202,#3203));
#3180 = ORIENTED_EDGE('',*,*,#3058,.F.);
#3181 = ORIENTED_EDGE('',*,*,#3182,.T.);
#3182 = EDGE_CURVE('',#3031,#3134,#3183,.T.);
#3183 = SURFACE_CURVE('',#3184,(#3188,#3195),.PCURVE_S1.);
#3184 = LINE('',#3185,#3186);
#3185 = CARTESIAN_POINT('',(-30.,-11.,42.));
#3186 = VECTOR('',#3187,1.);
#3187 = DIRECTION('',(-0.,1.,0.));
#3188 = PCURVE('',#2490,#3189);
#3189 = DEFINITIONAL_REPRESENTATION('',(#3190),#3194);
#3190 = LINE('',#3191,#3192);
#3191 = CARTESIAN_POINT('',(0.,0.));
#3192 = VECTOR('',#3193,1.);
#3193 = DIRECTION('',(0.,-1.));
#3194 = ( GEOMETRIC_REPRESENTATION_CONTEXT(2) 
PARAMETRIC_REPRESENTATION_CONTEXT() REPRESENTATION_CONTEXT('2D SPACE',''
  ) );
#3195 = PCURVE('',#3046,#3196);
#3196 = DEFINITIONAL_REPRESENTATION('',(#3197),#3201);
#3197 = LINE('',#3198,#3199);
#3198 = CARTESIAN_POINT('',(6.,6.));
#3199 = VECTOR('',#3200,1.);
#3200 = DIRECTION('',(0.,1.));
#3201 = ( GEOMETRIC_REPRESENTATION_CONTEXT(2) 
PARAMETRIC_REPRESENTATION_CONTEXT() REPRESENTATION_CONTEXT('2D SPACE',''
  ) );
#3202 = ORIENTED_EDGE('',*,*,#3156,.T.);
#3203 = ORIENTED_EDGE('',*,*,#2475,.F.);
#3204 = ADVANCED_FACE('',(#3205),#2623,.F.);
#3205 = FACE_BOUND('',#3206,.F.);
#3206 = EDGE_LOOP('',(#3207,#3230,#3257,#3258));
#3207 = ORIENTED_EDGE('',*,*,#3208,.T.);
#3208 = EDGE_CURVE('',#2603,#3209,#3211,.T.);
#3209 = VERTEX_POINT('',#3210);
#3210 = CARTESIAN_POINT('',(-43.,38.,25.));
#3211 = SEAM_CURVE('',#3212,(#3216,#3223),.PCURVE_S1.);
#3212 = LINE('',#3213,#3214);
#3213 = CARTESIAN_POINT('',(-43.,51.,25.));
#3214 = VECTOR('',#3215,1.);
#3215 = DIRECTION('',(0.,-1.,2.22044604925E-16));
#3216 = PCURVE('',#2623,#3217);
#3217 = DEFINITIONAL_REPRESENTATION('',(#3218),#3222);
#3218 = LINE('',#3219,#3220);
#3219 = CARTESIAN_POINT('',(6.28318530718,-0.));
#3220 = VECTOR('',#3221,1.);
#3221 = DIRECTION('',(0.,1.));
#3222 = ( GEOMETRIC_REPRESENTATION_CONTEXT(2) 
PARAMETRIC_REPRESENTATION_CONTEXT() REPRESENTATION_CONTEXT('2D SPACE',''
  ) );
#3223 = PCURVE('',#2623,#3224);
#3224 = DEFINITIONAL_REPRESENTATION('',(#3225),#3229);
#3225 = LINE('',#3226,#3227);
#3226 = CARTESIAN_POINT('',(0.,-0.));
#3227 = VECTOR('',#3228,1.);
#3228 = DIRECTION('',(0.,1.));
#3229 = ( GEOMETRIC_REPRESENTATION_CONTEXT(2) 
PARAMETRIC_REPRESENTATION_CONTEXT() REPRESENTATION_CONTEXT('2D SPACE',''
  ) );
#3230 = ORIENTED_EDGE('',*,*,#3231,.F.);
#3231 = EDGE_CURVE('',#3209,#3209,#3232,.T.);
#3232 = SURFACE_CURVE('',#3233,(#3238,#3245),.PCURVE_S1.);
#3233 = CIRCLE('',#3234,2.);
#3234 = AXIS2_PLACEMENT_3D('',#3235,#3236,#3237);
#3235 = CARTESIAN_POINT('',(-45.,38.,25.));
#3236 = DIRECTION('',(0.,-1.,2.22044604925E-16));
#3237 = DIRECTION('',(1.,0.,0.));
#3238 = PCURVE('',#2623,#3239);
#3239 = DEFINITIONAL_REPRESENTATION('',(#3240),#3244);
#3240 = LINE('',#3241,#3242);
#3241 = CARTESIAN_POINT('',(0.,13.));
#3242 = VECTOR('',#3243,1.);
#3243 = DIRECTION('',(1.,0.));
#3244 = ( GEOMETRIC_REPRESENTATION_CONTEXT(2) 
PARAMETRIC_REPRESENTATION_CONTEXT() REPRESENTATION_CONTEXT('2D SPACE',''
  ) );
#3245 = PCURVE('',#3246,#3251);
#3246 = PLANE('',#3247);
#3247 = AXIS2_PLACEMENT_3D('',#3248,#3249,#3250);
#3248 = CARTESIAN_POINT('',(-45.,38.,25.));
#3249 = DIRECTION('',(0.,-1.,2.22044604925E-16));
#3250 = DIRECTION('',(1.,0.,0.));
#3251 = DEFINITIONAL_REPRESENTATION('',(#3252),#3256);
#3252 = CIRCLE('',#3253,2.);
#3253 = AXIS2_PLACEMENT_2D('',#3254,#3255);
#3254 = CARTESIAN_POINT('',(0.,0.));
#3255 = DIRECTION('',(1.,0.));
#3256 = ( GEOMETRIC_REPRESENTATION_CONTEXT(2) 
PARAMETRIC_REPRESENTATION_CONTEXT() REPRESENTATION_CONTEXT('2D SPACE',''
  ) );
#3257 = ORIENTED_EDGE('',*,*,#3208,.F.);
#3258 = ORIENTED_EDGE('',*,*,#2602,.T.);
#3259 = ADVANCED_FACE('',(#3260),#2658,.F.);
#3260 = FACE_BOUND('',#3261,.F.);
#3261 = EDGE_LOOP('',(#3262,#3285,#3312,#3313));
#3262 = ORIENTED_EDGE('',*,*,#3263,.T.);
#3263 = EDGE_CURVE('',#2638,#3264,#3266,.T.);
#3264 = VERTEX_POINT('',#3265);
#3265 = CARTESIAN_POINT('',(-43.,38.,50.));
#3266 = SEAM_CURVE('',#3267,(#3271,#3278),.PCURVE_S1.);
#3267 = LINE('',#3268,#3269);
#3268 = CARTESIAN_POINT('',(-43.,51.,50.));
#3269 = VECTOR('',#3270,1.);
#3270 = DIRECTION('',(0.,-1.,2.22044604925E-16));
#3271 = PCURVE('',#2658,#3272);
#3272 = DEFINITIONAL_REPRESENTATION('',(#3273),#3277);
#3273 = LINE('',#3274,#3275);
#3274 = CARTESIAN_POINT('',(6.28318530718,-0.));
#3275 = VECTOR('',#3276,1.);
#3276 = DIRECTION('',(0.,1.));
#3277 = ( GEOMETRIC_REPRESENTATION_CONTEXT(2) 
PARAMETRIC_REPRESENTATION_CONTEXT() REPRESENTATION_CONTEXT('2D SPACE',''
  ) );
#3278 = PCURVE('',#2658,#3279);
#3279 = DEFINITIONAL_REPRESENTATION('',(#3280),#3284);
#3280 = LINE('',#3281,#3282);
#3281 = CARTESIAN_POINT('',(0.,-0.));
#3282 = VECTOR('',#3283,1.);
#3283 = DIRECTION('',(0.,1.));
#3284 = ( GEOMETRIC_REPRESENTATION_CONTEXT(2) 
PARAMETRIC_REPRESENTATION_CONTEXT() REPRESENTATION_CONTEXT('2D SPACE',''
  ) );
#3285 = ORIENTED_EDGE('',*,*,#3286,.F.);
#3286 = EDGE_CURVE('',#3264,#3264,#3287,.T.);
#3287 = SURFACE_CURVE('',#3288,(#3293,#3300),.PCURVE_S1.);
#3288 = CIRCLE('',#3289,2.);
#3289 = AXIS2_PLACEMENT_3D('',#3290,#3291,#3292);
#3290 = CARTESIAN_POINT('',(-45.,38.,50.));
#3291 = DIRECTION('',(0.,-1.,2.22044604925E-16));
#3292 = DIRECTION('',(1.,0.,0.));
#3293 = PCURVE('',#2658,#3294);
#3294 = DEFINITIONAL_REPRESENTATION('',(#3295),#3299);
#3295 = LINE('',#3296,#3297);
#3296 = CARTESIAN_POINT('',(0.,13.));
#3297 = VECTOR('',#3298,1.);
#3298 = DIRECTION('',(1.,0.));
#3299 = ( GEOMETRIC_REPRESENTATION_CONTEXT(2) 
PARAMETRIC_REPRESENTATION_CONTEXT() REPRESENTATION_CONTEXT('2D SPACE',''
  ) );
#3300 = PCURVE('',#3301,#3306);
#3301 = PLANE('',#3302);
#3302 = AXIS2_PLACEMENT_3D('',#3303,#3304,#3305);
#3303 = CARTESIAN_POINT('',(-45.,38.,50.));
#3304 = DIRECTION('',(0.,-1.,2.22044604925E-16));
#3305 = DIRECTION('',(1.,0.,0.));
#3306 = DEFINITIONAL_REPRESENTATION('',(#3307),#3311);
#3307 = CIRCLE('',#3308,2.);
#3308 = AXIS2_PLACEMENT_2D('',#3309,#3310);
#3309 = CARTESIAN_POINT('',(0.,0.));
#3310 = DIRECTION('',(1.,0.));
#3311 = ( GEOMETRIC_REPRESENTATION_CONTEXT(2) 
PARAMETRIC_REPRESENTATION_CONTEXT() REPRESENTATION_CONTEXT('2D SPACE',''
  ) );
#3312 = ORIENTED_EDGE('',*,*,#3263,.F.);
#3313 = ORIENTED_EDGE('',*,*,#2637,.T.);
#3314 = ADVANCED_FACE('',(#3315),#2693,.F.);
#3315 = FACE_BOUND('',#3316,.F.);
#3316 = EDGE_LOOP('',(#3317,#3340,#3367,#3368));
#3317 = ORIENTED_EDGE('',*,*,#3318,.T.);
#3318 = EDGE_CURVE('',#2673,#3319,#3321,.T.);
#3319 = VERTEX_POINT('',#3320);
#3320 = CARTESIAN_POINT('',(47.,38.,25.));
#3321 = SEAM_CURVE('',#3322,(#3326,#3333),.PCURVE_S1.);
#3322 = LINE('',#3323,#3324);
#3323 = CARTESIAN_POINT('',(47.,51.,25.));
#3324 = VECTOR('',#3325,1.);
#3325 = DIRECTION('',(0.,-1.,2.22044604925E-16));
#3326 = PCURVE('',#2693,#3327);
#3327 = DEFINITIONAL_REPRESENTATION('',(#3328),#3332);
#3328 = LINE('',#3329,#3330);
#3329 = CARTESIAN_POINT('',(6.28318530718,-0.));
#3330 = VECTOR('',#3331,1.);
#3331 = DIRECTION('',(0.,1.));
#3332 = ( GEOMETRIC_REPRESENTATION_CONTEXT(2) 
PARAMETRIC_REPRESENTATION_CONTEXT() REPRESENTATION_CONTEXT('2D SPACE',''
  ) );
#3333 = PCURVE('',#2693,#3334);
#3334 = DEFINITIONAL_REPRESENTATION('',(#3335),#3339);
#3335 = LINE('',#3336,#3337);
#3336 = CARTESIAN_POINT('',(0.,-0.));
#3337 = VECTOR('',#3338,1.);
#3338 = DIRECTION('',(0.,1.));
#3339 = ( GEOMETRIC_REPRESENTATION_CONTEXT(2) 
PARAMETRIC_REPRESENTATION_CONTEXT() REPRESENTATION_CONTEXT('2D SPACE',''
  ) );
#3340 = ORIENTED_EDGE('',*,*,#3341,.F.);
#3341 = EDGE_CURVE('',#3319,#3319,#3342,.T.);
#3342 = SURFACE_CURVE('',#3343,(#3348,#3355),.PCURVE_S1.);
#3343 = CIRCLE('',#3344,2.);
#3344 = AXIS2_PLACEMENT_3D('',#3345,#3346,#3347);
#3345 = CARTESIAN_POINT('',(45.,38.,25.));
#3346 = DIRECTION('',(0.,-1.,2.22044604925E-16));
#3347 = DIRECTION('',(1.,0.,0.));
#3348 = PCURVE('',#2693,#3349);
#3349 = DEFINITIONAL_REPRESENTATION('',(#3350),#3354);
#3350 = LINE('',#3351,#3352);
#3351 = CARTESIAN_POINT('',(0.,13.));
#3352 = VECTOR('',#3353,1.);
#3353 = DIRECTION('',(1.,0.));
#3354 = ( GEOMETRIC_REPRESENTATION_CONTEXT(2) 
PARAMETRIC_REPRESENTATION_CONTEXT() REPRESENTATION_CONTEXT('2D SPACE',''
  ) );
#3355 = PCURVE('',#3356,#3361);
#3356 = PLANE('',#3357);
#3357 = AXIS2_PLACEMENT_3D('',#3358,#3359,#3360);
#3358 = CARTESIAN_POINT('',(45.,38.,25.));
#3359 = DIRECTION('',(0.,-1.,2.22044604925E-16));
#3360 = DIRECTION('',(1.,0.,0.));
#3361 = DEFINITIONAL_REPRESENTATION('',(#3362),#3366);
#3362 = CIRCLE('',#3363,2.);
#3363 = AXIS2_PLACEMENT_2D('',#3364,#3365);
#3364 = CARTESIAN_POINT('',(0.,0.));
#3365 = DIRECTION('',(1.,0.));
#3366 = ( GEOMETRIC_REPRESENTATION_CONTEXT(2) 
PARAMETRIC_REPRESENTATION_CONTEXT() REPRESENTATION_CONTEXT('2D SPACE',''
  ) );
#3367 = ORIENTED_EDGE('',*,*,#3318,.F.);
#3368 = ORIENTED_EDGE('',*,*,#2672,.T.);
#3369 = ADVANCED_FACE('',(#3370),#2728,.F.);
#3370 = FACE_BOUND('',#3371,.F.);
#3371 = EDGE_LOOP('',(#3372,#3395,#3422,#3423));
#3372 = ORIENTED_EDGE('',*,*,#3373,.T.);
#3373 = EDGE_CURVE('',#2708,#3374,#3376,.T.);
#3374 = VERTEX_POINT('',#3375);
#3375 = CARTESIAN_POINT('',(47.,38.,50.));
#3376 = SEAM_CURVE('',#3377,(#3381,#3388),.PCURVE_S1.);
#3377 = LINE('',#3378,#3379);
#3378 = CARTESIAN_POINT('',(47.,51.,50.));
#3379 = VECTOR('',#3380,1.);
#3380 = DIRECTION('',(0.,-1.,2.22044604925E-16));
#3381 = PCURVE('',#2728,#3382);
#3382 = DEFINITIONAL_REPRESENTATION('',(#3383),#3387);
#3383 = LINE('',#3384,#3385);
#3384 = CARTESIAN_POINT('',(6.28318530718,-0.));
#3385 = VECTOR('',#3386,1.);
#3386 = DIRECTION('',(0.,1.));
#3387 = ( GEOMETRIC_REPRESENTATION_CONTEXT(2) 
PARAMETRIC_REPRESENTATION_CONTEXT() REPRESENTATION_CONTEXT('2D SPACE',''
  ) );
#3388 = PCURVE('',#2728,#3389);
#3389 = DEFINITIONAL_REPRESENTATION('',(#3390),#3394);
#3390 = LINE('',#3391,#3392);
#3391 = CARTESIAN_POINT('',(0.,-0.));
#3392 = VECTOR('',#3393,1.);
#3393 = DIRECTION('',(0.,1.));
#3394 = ( GEOMETRIC_REPRESENTATION_CONTEXT(2) 
PARAMETRIC_REPRESENTATION_CONTEXT() REPRESENTATION_CONTEXT('2D SPACE',''
  ) );
#3395 = ORIENTED_EDGE('',*,*,#3396,.F.);
#3396 = EDGE_CURVE('',#3374,#3374,#3397,.T.);
#3397 = SURFACE_CURVE('',#3398,(#3403,#3410),.PCURVE_S1.);
#3398 = CIRCLE('',#3399,2.);
#3399 = AXIS2_PLACEMENT_3D('',#3400,#3401,#3402);
#3400 = CARTESIAN_POINT('',(45.,38.,50.));
#3401 = DIRECTION('',(0.,-1.,2.22044604925E-16));
#3402 = DIRECTION('',(1.,0.,0.));
#3403 = PCURVE('',#2728,#3404);
#3404 = DEFINITIONAL_REPRESENTATION('',(#3405),#3409);
#3405 = LINE('',#3406,#3407);
#3406 = CARTESIAN_POINT('',(0.,13.));
#3407 = VECTOR('',#3408,1.);
#3408 = DIRECTION('',(1.,0.));
#3409 = ( GEOMETRIC_REPRESENTATION_CONTEXT(2) 
PARAMETRIC_REPRESENTATION_CONTEXT() REPRESENTATION_CONTEXT('2D SPACE',''
  ) );
#3410 = PCURVE('',#3411,#3416);
#3411 = PLANE('',#3412);
#3412 = AXIS2_PLACEMENT_3D('',#3413,#3414,#3415);
#3413 = CARTESIAN_POINT('',(45.,38.,50.));
#3414 = DIRECTION('',(0.,-1.,2.22044604925E-16));
#3415 = DIRECTION('',(1.,0.,0.));
#3416 = DEFINITIONAL_REPRESENTATION('',(#3417),#3421);
#3417 = CIRCLE('',#3418,2.);
#3418 = AXIS2_PLACEMENT_2D('',#3419,#3420);
#3419 = CARTESIAN_POINT('',(0.,0.));
#3420 = DIRECTION('',(1.,0.));
#3421 = ( GEOMETRIC_REPRESENTATION_CONTEXT(2) 
PARAMETRIC_REPRESENTATION_CONTEXT() REPRESENTATION_CONTEXT('2D SPACE',''
  ) );
#3422 = ORIENTED_EDGE('',*,*,#3373,.F.);
#3423 = ORIENTED_EDGE('',*,*,#2707,.T.);
#3424 = ADVANCED_FACE('',(#3425),#2786,.F.);
#3425 = FACE_BOUND('',#3426,.F.);
#3426 = EDGE_LOOP('',(#3427,#3450,#3477,#3478));
#3427 = ORIENTED_EDGE('',*,*,#3428,.T.);
#3428 = EDGE_CURVE('',#2770,#3429,#3431,.T.);
#3429 = VERTEX_POINT('',#3430);
#3430 = CARTESIAN_POINT('',(-38.4,-21.,23.));
#3431 = SEAM_CURVE('',#3432,(#3436,#3443),.PCURVE_S1.);
#3432 = LINE('',#3433,#3434);
#3433 = CARTESIAN_POINT('',(-38.4,-21.,14.));
#3434 = VECTOR('',#3435,1.);
#3435 = DIRECTION('',(0.,0.,1.));
#3436 = PCURVE('',#2786,#3437);
#3437 = DEFINITIONAL_REPRESENTATION('',(#3438),#3442);
#3438 = LINE('',#3439,#3440);
#3439 = CARTESIAN_POINT('',(6.28318530718,-0.));
#3440 = VECTOR('',#3441,1.);
#3441 = DIRECTION('',(0.,1.));
#3442 = ( GEOMETRIC_REPRESENTATION_CONTEXT(2) 
PARAMETRIC_REPRESENTATION_CONTEXT() REPRESENTATION_CONTEXT('2D SPACE',''
  ) );
#3443 = PCURVE('',#2786,#3444);
#3444 = DEFINITIONAL_REPRESENTATION('',(#3445),#3449);
#3445 = LINE('',#3446,#3447);
#3446 = CARTESIAN_POINT('',(0.,-0.));
#3447 = VECTOR('',#3448,1.);
#3448 = DIRECTION('',(0.,1.));
#3449 = ( GEOMETRIC_REPRESENTATION_CONTEXT(2) 
PARAMETRIC_REPRESENTATION_CONTEXT() REPRESENTATION_CONTEXT('2D SPACE',''
  ) );
#3450 = ORIENTED_EDGE('',*,*,#3451,.F.);
#3451 = EDGE_CURVE('',#3429,#3429,#3452,.T.);
#3452 = SURFACE_CURVE('',#3453,(#3458,#3465),.PCURVE_S1.);
#3453 = CIRCLE('',#3454,1.6);
#3454 = AXIS2_PLACEMENT_3D('',#3455,#3456,#3457);
#3455 = CARTESIAN_POINT('',(-40.,-21.,23.));
#3456 = DIRECTION('',(0.,0.,1.));
#3457 = DIRECTION('',(1.,0.,-0.));
#3458 = PCURVE('',#2786,#3459);
#3459 = DEFINITIONAL_REPRESENTATION('',(#3460),#3464);
#3460 = LINE('',#3461,#3462);
#3461 = CARTESIAN_POINT('',(0.,9.));
#3462 = VECTOR('',#3463,1.);
#3463 = DIRECTION('',(1.,0.));
#3464 = ( GEOMETRIC_REPRESENTATION_CONTEXT(2) 
PARAMETRIC_REPRESENTATION_CONTEXT() REPRESENTATION_CONTEXT('2D SPACE',''
  ) );
#3465 = PCURVE('',#3466,#3471);
#3466 = PLANE('',#3467);
#3467 = AXIS2_PLACEMENT_3D('',#3468,#3469,#3470);
#3468 = CARTESIAN_POINT('',(-40.,-21.,23.));
#3469 = DIRECTION('',(0.,0.,1.));
#3470 = DIRECTION('',(1.,0.,-0.));
#3471 = DEFINITIONAL_REPRESENTATION('',(#3472),#3476);
#3472 = CIRCLE('',#3473,1.6);
#3473 = AXIS2_PLACEMENT_2D('',#3474,#3475);
#3474 = CARTESIAN_POINT('',(0.,0.));
#3475 = DIRECTION('',(1.,0.));
#3476 = ( GEOMETRIC_REPRESENTATION_CONTEXT(2) 
PARAMETRIC_REPRESENTATION_CONTEXT() REPRESENTATION_CONTEXT('2D SPACE',''
  ) );
#3477 = ORIENTED_EDGE('',*,*,#3428,.F.);
#3478 = ORIENTED_EDGE('',*,*,#2769,.T.);
#3479 = ADVANCED_FACE('',(#3480),#2817,.F.);
#3480 = FACE_BOUND('',#3481,.F.);
#3481 = EDGE_LOOP('',(#3482,#3505,#3532,#3533));
#3482 = ORIENTED_EDGE('',*,*,#3483,.T.);
#3483 = EDGE_CURVE('',#2801,#3484,#3486,.T.);
#3484 = VERTEX_POINT('',#3485);
#3485 = CARTESIAN_POINT('',(41.6,-21.,23.));
#3486 = SEAM_CURVE('',#3487,(#3491,#3498),.PCURVE_S1.);
#3487 = LINE('',#3488,#3489);
#3488 = CARTESIAN_POINT('',(41.6,-21.,14.));
#3489 = VECTOR('',#3490,1.);
#3490 = DIRECTION('',(0.,0.,1.));
#3491 = PCURVE('',#2817,#3492);
#3492 = DEFINITIONAL_REPRESENTATION('',(#3493),#3497);
#3493 = LINE('',#3494,#3495);
#3494 = CARTESIAN_POINT('',(6.28318530718,-0.));
#3495 = VECTOR('',#3496,1.);
#3496 = DIRECTION('',(0.,1.));
#3497 = ( GEOMETRIC_REPRESENTATION_CONTEXT(2) 
PARAMETRIC_REPRESENTATION_CONTEXT() REPRESENTATION_CONTEXT('2D SPACE',''
  ) );
#3498 = PCURVE('',#2817,#3499);
#3499 = DEFINITIONAL_REPRESENTATION('',(#3500),#3504);
#3500 = LINE('',#3501,#3502);
#3501 = CARTESIAN_POINT('',(0.,-0.));
#3502 = VECTOR('',#3503,1.);
#3503 = DIRECTION('',(0.,1.));
#3504 = ( GEOMETRIC_REPRESENTATION_CONTEXT(2) 
PARAMETRIC_REPRESENTATION_CONTEXT() REPRESENTATION_CONTEXT('2D SPACE',''
  ) );
#3505 = ORIENTED_EDGE('',*,*,#3506,.F.);
#3506 = EDGE_CURVE('',#3484,#3484,#3507,.T.);
#3507 = SURFACE_CURVE('',#3508,(#3513,#3520),.PCURVE_S1.);
#3508 = CIRCLE('',#3509,1.6);
#3509 = AXIS2_PLACEMENT_3D('',#3510,#3511,#3512);
#3510 = CARTESIAN_POINT('',(40.,-21.,23.));
#3511 = DIRECTION('',(0.,0.,1.));
#3512 = DIRECTION('',(1.,0.,-0.));
#3513 = PCURVE('',#2817,#3514);
#3514 = DEFINITIONAL_REPRESENTATION('',(#3515),#3519);
#3515 = LINE('',#3516,#3517);
#3516 = CARTESIAN_POINT('',(0.,9.));
#3517 = VECTOR('',#3518,1.);
#3518 = DIRECTION('',(1.,0.));
#3519 = ( GEOMETRIC_REPRESENTATION_CONTEXT(2) 
PARAMETRIC_REPRESENTATION_CONTEXT() REPRESENTATION_CONTEXT('2D SPACE',''
  ) );
#3520 = PCURVE('',#3521,#3526);
#3521 = PLANE('',#3522);
#3522 = AXIS2_PLACEMENT_3D('',#3523,#3524,#3525);
#3523 = CARTESIAN_POINT('',(40.,-21.,23.));
#3524 = DIRECTION('',(0.,0.,1.));
#3525 = DIRECTION('',(1.,0.,-0.));
#3526 = DEFINITIONAL_REPRESENTATION('',(#3527),#3531);
#3527 = CIRCLE('',#3528,1.6);
#3528 = AXIS2_PLACEMENT_2D('',#3529,#3530);
#3529 = CARTESIAN_POINT('',(0.,0.));
#3530 = DIRECTION('',(1.,0.));
#3531 = ( GEOMETRIC_REPRESENTATION_CONTEXT(2) 
PARAMETRIC_REPRESENTATION_CONTEXT() REPRESENTATION_CONTEXT('2D SPACE',''
  ) );
#3532 = ORIENTED_EDGE('',*,*,#3483,.F.);
#3533 = ORIENTED_EDGE('',*,*,#2800,.T.);
#3534 = ADVANCED_FACE('',(#3535),#2848,.F.);
#3535 = FACE_BOUND('',#3536,.F.);
#3536 = EDGE_LOOP('',(#3537,#3560,#3587,#3588));
#3537 = ORIENTED_EDGE('',*,*,#3538,.T.);
#3538 = EDGE_CURVE('',#2832,#3539,#3541,.T.);
#3539 = VERTEX_POINT('',#3540);
#3540 = CARTESIAN_POINT('',(-38.4,37.,23.));
#3541 = SEAM_CURVE('',#3542,(#3546,#3553),.PCURVE_S1.);
#3542 = LINE('',#3543,#3544);
#3543 = CARTESIAN_POINT('',(-38.4,37.,14.));
#3544 = VECTOR('',#3545,1.);
#3545 = DIRECTION('',(0.,0.,1.));
#3546 = PCURVE('',#2848,#3547);
#3547 = DEFINITIONAL_REPRESENTATION('',(#3548),#3552);
#3548 = LINE('',#3549,#3550);
#3549 = CARTESIAN_POINT('',(6.28318530718,-0.));
#3550 = VECTOR('',#3551,1.);
#3551 = DIRECTION('',(0.,1.));
#3552 = ( GEOMETRIC_REPRESENTATION_CONTEXT(2) 
PARAMETRIC_REPRESENTATION_CONTEXT() REPRESENTATION_CONTEXT('2D SPACE',''
  ) );
#3553 = PCURVE('',#2848,#3554);
#3554 = DEFINITIONAL_REPRESENTATION('',(#3555),#3559);
#3555 = LINE('',#3556,#3557);
#3556 = CARTESIAN_POINT('',(0.,-0.));
#3557 = VECTOR('',#3558,1.);
#3558 = DIRECTION('',(0.,1.));
#3559 = ( GEOMETRIC_REPRESENTATION_CONTEXT(2) 
PARAMETRIC_REPRESENTATION_CONTEXT() REPRESENTATION_CONTEXT('2D SPACE',''
  ) );
#3560 = ORIENTED_EDGE('',*,*,#3561,.F.);
#3561 = EDGE_CURVE('',#3539,#3539,#3562,.T.);
#3562 = SURFACE_CURVE('',#3563,(#3568,#3575),.PCURVE_S1.);
#3563 = CIRCLE('',#3564,1.6);
#3564 = AXIS2_PLACEMENT_3D('',#3565,#3566,#3567);
#3565 = CARTESIAN_POINT('',(-40.,37.,23.));
#3566 = DIRECTION('',(0.,0.,1.));
#3567 = DIRECTION('',(1.,0.,-0.));
#3568 = PCURVE('',#2848,#3569);
#3569 = DEFINITIONAL_REPRESENTATION('',(#3570),#3574);
#3570 = LINE('',#3571,#3572);
#3571 = CARTESIAN_POINT('',(0.,9.));
#3572 = VECTOR('',#3573,1.);
#3573 = DIRECTION('',(1.,0.));
#3574 = ( GEOMETRIC_REPRESENTATION_CONTEXT(2) 
PARAMETRIC_REPRESENTATION_CONTEXT() REPRESENTATION_CONTEXT('2D SPACE',''
  ) );
#3575 = PCURVE('',#3576,#3581);
#3576 = PLANE('',#3577);
#3577 = AXIS2_PLACEMENT_3D('',#3578,#3579,#3580);
#3578 = CARTESIAN_POINT('',(-40.,37.,23.));
#3579 = DIRECTION('',(0.,0.,1.));
#3580 = DIRECTION('',(1.,0.,-0.));
#3581 = DEFINITIONAL_REPRESENTATION('',(#3582),#3586);
#3582 = CIRCLE('',#3583,1.6);
#3583 = AXIS2_PLACEMENT_2D('',#3584,#3585);
#3584 = CARTESIAN_POINT('',(0.,0.));
#3585 = DIRECTION('',(1.,0.));
#3586 = ( GEOMETRIC_REPRESENTATION_CONTEXT(2) 
PARAMETRIC_REPRESENTATION_CONTEXT() REPRESENTATION_CONTEXT('2D SPACE',''
  ) );
#3587 = ORIENTED_EDGE('',*,*,#3538,.F.);
#3588 = ORIENTED_EDGE('',*,*,#2831,.T.);
#3589 = ADVANCED_FACE('',(#3590),#2879,.T.);
#3590 = FACE_BOUND('',#3591,.T.);
#3591 = EDGE_LOOP('',(#3592,#3615,#3616,#3639));
#3592 = ORIENTED_EDGE('',*,*,#3593,.F.);
#3593 = EDGE_CURVE('',#2863,#3594,#3596,.T.);
#3594 = VERTEX_POINT('',#3595);
#3595 = CARTESIAN_POINT('',(36.,-17.,42.));
#3596 = SURFACE_CURVE('',#3597,(#3601,#3608),.PCURVE_S1.);
#3597 = LINE('',#3598,#3599);
#3598 = CARTESIAN_POINT('',(36.,-17.,14.));
#3599 = VECTOR('',#3600,1.);
#3600 = DIRECTION('',(0.,0.,1.));
#3601 = PCURVE('',#2879,#3602);
#3602 = DEFINITIONAL_REPRESENTATION('',(#3603),#3607);
#3603 = LINE('',#3604,#3605);
#3604 = CARTESIAN_POINT('',(0.,72.));
#3605 = VECTOR('',#3606,1.);
#3606 = DIRECTION('',(1.,0.));
#3607 = ( GEOMETRIC_REPRESENTATION_CONTEXT(2) 
PARAMETRIC_REPRESENTATION_CONTEXT() REPRESENTATION_CONTEXT('2D SPACE',''
  ) );
#3608 = PCURVE('',#2955,#3609);
#3609 = DEFINITIONAL_REPRESENTATION('',(#3610),#3614);
#3610 = LINE('',#3611,#3612);
#3611 = CARTESIAN_POINT('',(0.,0.));
#3612 = VECTOR('',#3613,1.);
#3613 = DIRECTION('',(1.,0.));
#3614 = ( GEOMETRIC_REPRESENTATION_CONTEXT(2) 
PARAMETRIC_REPRESENTATION_CONTEXT() REPRESENTATION_CONTEXT('2D SPACE',''
  ) );
#3615 = ORIENTED_EDGE('',*,*,#2862,.T.);
#3616 = ORIENTED_EDGE('',*,*,#3617,.T.);
#3617 = EDGE_CURVE('',#2865,#3618,#3620,.T.);
#3618 = VERTEX_POINT('',#3619);
#3619 = CARTESIAN_POINT('',(-36.,-17.,42.));
#3620 = SURFACE_CURVE('',#3621,(#3625,#3632),.PCURVE_S1.);
#3621 = LINE('',#3622,#3623);
#3622 = CARTESIAN_POINT('',(-36.,-17.,14.));
#3623 = VECTOR('',#3624,1.);
#3624 = DIRECTION('',(0.,0.,1.));
#3625 = PCURVE('',#2879,#3626);
#3626 = DEFINITIONAL_REPRESENTATION('',(#3627),#3631);
#3627 = LINE('',#3628,#3629);
#3628 = CARTESIAN_POINT('',(0.,0.));
#3629 = VECTOR('',#3630,1.);
#3630 = DIRECTION('',(1.,0.));
#3631 = ( GEOMETRIC_REPRESENTATION_CONTEXT(2) 
PARAMETRIC_REPRESENTATION_CONTEXT() REPRESENTATION_CONTEXT('2D SPACE',''
  ) );
#3632 = PCURVE('',#2905,#3633);
#3633 = DEFINITIONAL_REPRESENTATION('',(#3634),#3638);
#3634 = LINE('',#3635,#3636);
#3635 = CARTESIAN_POINT('',(0.,0.));
#3636 = VECTOR('',#3637,1.);
#3637 = DIRECTION('',(1.,0.));
#3638 = ( GEOMETRIC_REPRESENTATION_CONTEXT(2) 
PARAMETRIC_REPRESENTATION_CONTEXT() REPRESENTATION_CONTEXT('2D SPACE',''
  ) );
#3639 = ORIENTED_EDGE('',*,*,#3640,.T.);
#3640 = EDGE_CURVE('',#3618,#3594,#3641,.T.);
#3641 = SURFACE_CURVE('',#3642,(#3646,#3653),.PCURVE_S1.);
#3642 = LINE('',#3643,#3644);
#3643 = CARTESIAN_POINT('',(-36.,-17.,42.));
#3644 = VECTOR('',#3645,1.);
#3645 = DIRECTION('',(1.,0.,-0.));
#3646 = PCURVE('',#2879,#3647);
#3647 = DEFINITIONAL_REPRESENTATION('',(#3648),#3652);
#3648 = LINE('',#3649,#3650);
#3649 = CARTESIAN_POINT('',(28.,0.));
#3650 = VECTOR('',#3651,1.);
#3651 = DIRECTION('',(0.,1.));
#3652 = ( GEOMETRIC_REPRESENTATION_CONTEXT(2) 
PARAMETRIC_REPRESENTATION_CONTEXT() REPRESENTATION_CONTEXT('2D SPACE',''
  ) );
#3653 = PCURVE('',#3046,#3654);
#3654 = DEFINITIONAL_REPRESENTATION('',(#3655),#3659);
#3655 = LINE('',#3656,#3657);
#3656 = CARTESIAN_POINT('',(0.,0.));
#3657 = VECTOR('',#3658,1.);
#3658 = DIRECTION('',(1.,0.));
#3659 = ( GEOMETRIC_REPRESENTATION_CONTEXT(2) 
PARAMETRIC_REPRESENTATION_CONTEXT() REPRESENTATION_CONTEXT('2D SPACE',''
  ) );
#3660 = ADVANCED_FACE('',(#3661),#2955,.F.);
#3661 = FACE_BOUND('',#3662,.F.);
#3662 = EDGE_LOOP('',(#3663,#3664,#3665,#3688));
#3663 = ORIENTED_EDGE('',*,*,#3593,.F.);
#3664 = ORIENTED_EDGE('',*,*,#2942,.T.);
#3665 = ORIENTED_EDGE('',*,*,#3666,.T.);
#3666 = EDGE_CURVE('',#2917,#3667,#3669,.T.);
#3667 = VERTEX_POINT('',#3668);
#3668 = CARTESIAN_POINT('',(36.,33.,42.));
#3669 = SURFACE_CURVE('',#3670,(#3674,#3681),.PCURVE_S1.);
#3670 = LINE('',#3671,#3672);
#3671 = CARTESIAN_POINT('',(36.,33.,14.));
#3672 = VECTOR('',#3673,1.);
#3673 = DIRECTION('',(0.,0.,1.));
#3674 = PCURVE('',#2955,#3675);
#3675 = DEFINITIONAL_REPRESENTATION('',(#3676),#3680);
#3676 = LINE('',#3677,#3678);
#3677 = CARTESIAN_POINT('',(0.,-50.));
#3678 = VECTOR('',#3679,1.);
#3679 = DIRECTION('',(1.,0.));
#3680 = ( GEOMETRIC_REPRESENTATION_CONTEXT(2) 
PARAMETRIC_REPRESENTATION_CONTEXT() REPRESENTATION_CONTEXT('2D SPACE',''
  ) );
#3681 = PCURVE('',#2931,#3682);
#3682 = DEFINITIONAL_REPRESENTATION('',(#3683),#3687);
#3683 = LINE('',#3684,#3685);
#3684 = CARTESIAN_POINT('',(0.,72.));
#3685 = VECTOR('',#3686,1.);
#3686 = DIRECTION('',(1.,0.));
#3687 = ( GEOMETRIC_REPRESENTATION_CONTEXT(2) 
PARAMETRIC_REPRESENTATION_CONTEXT() REPRESENTATION_CONTEXT('2D SPACE',''
  ) );
#3688 = ORIENTED_EDGE('',*,*,#3689,.F.);
#3689 = EDGE_CURVE('',#3594,#3667,#3690,.T.);
#3690 = SURFACE_CURVE('',#3691,(#3695,#3702),.PCURVE_S1.);
#3691 = LINE('',#3692,#3693);
#3692 = CARTESIAN_POINT('',(36.,-17.,42.));
#3693 = VECTOR('',#3694,1.);
#3694 = DIRECTION('',(-0.,1.,0.));
#3695 = PCURVE('',#2955,#3696);
#3696 = DEFINITIONAL_REPRESENTATION('',(#3697),#3701);
#3697 = LINE('',#3698,#3699);
#3698 = CARTESIAN_POINT('',(28.,0.));
#3699 = VECTOR('',#3700,1.);
#3700 = DIRECTION('',(0.,-1.));
#3701 = ( GEOMETRIC_REPRESENTATION_CONTEXT(2) 
PARAMETRIC_REPRESENTATION_CONTEXT() REPRESENTATION_CONTEXT('2D SPACE',''
  ) );
#3702 = PCURVE('',#3046,#3703);
#3703 = DEFINITIONAL_REPRESENTATION('',(#3704),#3708);
#3704 = LINE('',#3705,#3706);
#3705 = CARTESIAN_POINT('',(72.,0.));
#3706 = VECTOR('',#3707,1.);
#3707 = DIRECTION('',(0.,1.));
#3708 = ( GEOMETRIC_REPRESENTATION_CONTEXT(2) 
PARAMETRIC_REPRESENTATION_CONTEXT() REPRESENTATION_CONTEXT('2D SPACE',''
  ) );
#3709 = ADVANCED_FACE('',(#3710),#2905,.T.);
#3710 = FACE_BOUND('',#3711,.T.);
#3711 = EDGE_LOOP('',(#3712,#3713,#3714,#3737));
#3712 = ORIENTED_EDGE('',*,*,#3617,.F.);
#3713 = ORIENTED_EDGE('',*,*,#2890,.T.);
#3714 = ORIENTED_EDGE('',*,*,#3715,.T.);
#3715 = EDGE_CURVE('',#2891,#3716,#3718,.T.);
#3716 = VERTEX_POINT('',#3717);
#3717 = CARTESIAN_POINT('',(-36.,33.,42.));
#3718 = SURFACE_CURVE('',#3719,(#3723,#3730),.PCURVE_S1.);
#3719 = LINE('',#3720,#3721);
#3720 = CARTESIAN_POINT('',(-36.,33.,14.));
#3721 = VECTOR('',#3722,1.);
#3722 = DIRECTION('',(0.,0.,1.));
#3723 = PCURVE('',#2905,#3724);
#3724 = DEFINITIONAL_REPRESENTATION('',(#3725),#3729);
#3725 = LINE('',#3726,#3727);
#3726 = CARTESIAN_POINT('',(0.,-50.));
#3727 = VECTOR('',#3728,1.);
#3728 = DIRECTION('',(1.,0.));
#3729 = ( GEOMETRIC_REPRESENTATION_CONTEXT(2) 
PARAMETRIC_REPRESENTATION_CONTEXT() REPRESENTATION_CONTEXT('2D SPACE',''
  ) );
#3730 = PCURVE('',#2931,#3731);
#3731 = DEFINITIONAL_REPRESENTATION('',(#3732),#3736);
#3732 = LINE('',#3733,#3734);
#3733 = CARTESIAN_POINT('',(0.,0.));
#3734 = VECTOR('',#3735,1.);
#3735 = DIRECTION('',(1.,0.));
#3736 = ( GEOMETRIC_REPRESENTATION_CONTEXT(2) 
PARAMETRIC_REPRESENTATION_CONTEXT() REPRESENTATION_CONTEXT('2D SPACE',''
  ) );
#3737 = ORIENTED_EDGE('',*,*,#3738,.F.);
#3738 = EDGE_CURVE('',#3618,#3716,#3739,.T.);
#3739 = SURFACE_CURVE('',#3740,(#3744,#3751),.PCURVE_S1.);
#3740 = LINE('',#3741,#3742);
#3741 = CARTESIAN_POINT('',(-36.,-17.,42.));
#3742 = VECTOR('',#3743,1.);
#3743 = DIRECTION('',(-0.,1.,0.));
#3744 = PCURVE('',#2905,#3745);
#3745 = DEFINITIONAL_REPRESENTATION('',(#3746),#3750);
#3746 = LINE('',#3747,#3748);
#3747 = CARTESIAN_POINT('',(28.,0.));
#3748 = VECTOR('',#3749,1.);
#3749 = DIRECTION('',(0.,-1.));
#3750 = ( GEOMETRIC_REPRESENTATION_CONTEXT(2) 
PARAMETRIC_REPRESENTATION_CONTEXT() REPRESENTATION_CONTEXT('2D SPACE',''
  ) );
#3751 = PCURVE('',#3046,#3752);
#3752 = DEFINITIONAL_REPRESENTATION('',(#3753),#3757);
#3753 = LINE('',#3754,#3755);
#3754 = CARTESIAN_POINT('',(0.,0.));
#3755 = VECTOR('',#3756,1.);
#3756 = DIRECTION('',(0.,1.));
#3757 = ( GEOMETRIC_REPRESENTATION_CONTEXT(2) 
PARAMETRIC_REPRESENTATION_CONTEXT() REPRESENTATION_CONTEXT('2D SPACE',''
  ) );
#3758 = ADVANCED_FACE('',(#3759),#2931,.F.);
#3759 = FACE_BOUND('',#3760,.F.);
#3760 = EDGE_LOOP('',(#3761,#3762,#3763,#3764));
#3761 = ORIENTED_EDGE('',*,*,#3666,.F.);
#3762 = ORIENTED_EDGE('',*,*,#2916,.T.);
#3763 = ORIENTED_EDGE('',*,*,#3715,.T.);
#3764 = ORIENTED_EDGE('',*,*,#3765,.T.);
#3765 = EDGE_CURVE('',#3716,#3667,#3766,.T.);
#3766 = SURFACE_CURVE('',#3767,(#3771,#3778),.PCURVE_S1.);
#3767 = LINE('',#3768,#3769);
#3768 = CARTESIAN_POINT('',(-36.,33.,42.));
#3769 = VECTOR('',#3770,1.);
#3770 = DIRECTION('',(1.,0.,-0.));
#3771 = PCURVE('',#2931,#3772);
#3772 = DEFINITIONAL_REPRESENTATION('',(#3773),#3777);
#3773 = LINE('',#3774,#3775);
#3774 = CARTESIAN_POINT('',(28.,0.));
#3775 = VECTOR('',#3776,1.);
#3776 = DIRECTION('',(0.,1.));
#3777 = ( GEOMETRIC_REPRESENTATION_CONTEXT(2) 
PARAMETRIC_REPRESENTATION_CONTEXT() REPRESENTATION_CONTEXT('2D SPACE',''
  ) );
#3778 = PCURVE('',#3046,#3779);
#3779 = DEFINITIONAL_REPRESENTATION('',(#3780),#3784);
#3780 = LINE('',#3781,#3782);
#3781 = CARTESIAN_POINT('',(0.,50.));
#3782 = VECTOR('',#3783,1.);
#3783 = DIRECTION('',(1.,0.));
#3784 = ( GEOMETRIC_REPRESENTATION_CONTEXT(2) 
PARAMETRIC_REPRESENTATION_CONTEXT() REPRESENTATION_CONTEXT('2D SPACE',''
  ) );
#3785 = ADVANCED_FACE('',(#3786),#2985,.F.);
#3786 = FACE_BOUND('',#3787,.F.);
#3787 = EDGE_LOOP('',(#3788,#3811,#3838,#3839));
#3788 = ORIENTED_EDGE('',*,*,#3789,.T.);
#3789 = EDGE_CURVE('',#2969,#3790,#3792,.T.);
#3790 = VERTEX_POINT('',#3791);
#3791 = CARTESIAN_POINT('',(41.6,37.,23.));
#3792 = SEAM_CURVE('',#3793,(#3797,#3804),.PCURVE_S1.);
#3793 = LINE('',#3794,#3795);
#3794 = CARTESIAN_POINT('',(41.6,37.,14.));
#3795 = VECTOR('',#3796,1.);
#3796 = DIRECTION('',(0.,0.,1.));
#3797 = PCURVE('',#2985,#3798);
#3798 = DEFINITIONAL_REPRESENTATION('',(#3799),#3803);
#3799 = LINE('',#3800,#3801);
#3800 = CARTESIAN_POINT('',(6.28318530718,-0.));
#3801 = VECTOR('',#3802,1.);
#3802 = DIRECTION('',(0.,1.));
#3803 = ( GEOMETRIC_REPRESENTATION_CONTEXT(2) 
PARAMETRIC_REPRESENTATION_CONTEXT() REPRESENTATION_CONTEXT('2D SPACE',''
  ) );
#3804 = PCURVE('',#2985,#3805);
#3805 = DEFINITIONAL_REPRESENTATION('',(#3806),#3810);
#3806 = LINE('',#3807,#3808);
#3807 = CARTESIAN_POINT('',(0.,-0.));
#3808 = VECTOR('',#3809,1.);
#3809 = DIRECTION('',(0.,1.));
#3810 = ( GEOMETRIC_REPRESENTATION_CONTEXT(2) 
PARAMETRIC_REPRESENTATION_CONTEXT() REPRESENTATION_CONTEXT('2D SPACE',''
  ) );
#3811 = ORIENTED_EDGE('',*,*,#3812,.F.);
#3812 = EDGE_CURVE('',#3790,#3790,#3813,.T.);
#3813 = SURFACE_CURVE('',#3814,(#3819,#3826),.PCURVE_S1.);
#3814 = CIRCLE('',#3815,1.6);
#3815 = AXIS2_PLACEMENT_3D('',#3816,#3817,#3818);
#3816 = CARTESIAN_POINT('',(40.,37.,23.));
#3817 = DIRECTION('',(0.,0.,1.));
#3818 = DIRECTION('',(1.,0.,-0.));
#3819 = PCURVE('',#2985,#3820);
#3820 = DEFINITIONAL_REPRESENTATION('',(#3821),#3825);
#3821 = LINE('',#3822,#3823);
#3822 = CARTESIAN_POINT('',(0.,9.));
#3823 = VECTOR('',#3824,1.);
#3824 = DIRECTION('',(1.,0.));
#3825 = ( GEOMETRIC_REPRESENTATION_CONTEXT(2) 
PARAMETRIC_REPRESENTATION_CONTEXT() REPRESENTATION_CONTEXT('2D SPACE',''
  ) );
#3826 = PCURVE('',#3827,#3832);
#3827 = PLANE('',#3828);
#3828 = AXIS2_PLACEMENT_3D('',#3829,#3830,#3831);
#3829 = CARTESIAN_POINT('',(40.,37.,23.));
#3830 = DIRECTION('',(0.,0.,1.));
#3831 = DIRECTION('',(1.,0.,-0.));
#3832 = DEFINITIONAL_REPRESENTATION('',(#3833),#3837);
#3833 = CIRCLE('',#3834,1.6);
#3834 = AXIS2_PLACEMENT_2D('',#3835,#3836);
#3835 = CARTESIAN_POINT('',(0.,0.));
#3836 = DIRECTION('',(1.,0.));
#3837 = ( GEOMETRIC_REPRESENTATION_CONTEXT(2) 
PARAMETRIC_REPRESENTATION_CONTEXT() REPRESENTATION_CONTEXT('2D SPACE',''
  ) );
#3838 = ORIENTED_EDGE('',*,*,#3789,.F.);
#3839 = ORIENTED_EDGE('',*,*,#2968,.T.);
#3840 = ADVANCED_FACE('',(#3841,#3847),#3046,.F.);
#3841 = FACE_BOUND('',#3842,.F.);
#3842 = EDGE_LOOP('',(#3843,#3844,#3845,#3846));
#3843 = ORIENTED_EDGE('',*,*,#3738,.F.);
#3844 = ORIENTED_EDGE('',*,*,#3640,.T.);
#3845 = ORIENTED_EDGE('',*,*,#3689,.T.);
#3846 = ORIENTED_EDGE('',*,*,#3765,.F.);
#3847 = FACE_BOUND('',#3848,.F.);
#3848 = EDGE_LOOP('',(#3849,#3850,#3851,#3852));
#3849 = ORIENTED_EDGE('',*,*,#3084,.F.);
#3850 = ORIENTED_EDGE('',*,*,#3030,.F.);
#3851 = ORIENTED_EDGE('',*,*,#3182,.T.);
#3852 = ORIENTED_EDGE('',*,*,#3133,.T.);
#3853 = ADVANCED_FACE('',(#3854),#3246,.F.);
#3854 = FACE_BOUND('',#3855,.F.);
#3855 = EDGE_LOOP('',(#3856));
#3856 = ORIENTED_EDGE('',*,*,#3231,.T.);
#3857 = ADVANCED_FACE('',(#3858),#3301,.F.);
#3858 = FACE_BOUND('',#3859,.F.);
#3859 = EDGE_LOOP('',(#3860));
#3860 = ORIENTED_EDGE('',*,*,#3286,.T.);
#3861 = ADVANCED_FACE('',(#3862),#3356,.F.);
#3862 = FACE_BOUND('',#3863,.F.);
#3863 = EDGE_LOOP('',(#3864));
#3864 = ORIENTED_EDGE('',*,*,#3341,.T.);
#3865 = ADVANCED_FACE('',(#3866),#3411,.F.);
#3866 = FACE_BOUND('',#3867,.F.);
#3867 = EDGE_LOOP('',(#3868));
#3868 = ORIENTED_EDGE('',*,*,#3396,.T.);
#3869 = ADVANCED_FACE('',(#3870),#3466,.F.);
#3870 = FACE_BOUND('',#3871,.F.);
#3871 = EDGE_LOOP('',(#3872));
#3872 = ORIENTED_EDGE('',*,*,#3451,.T.);
#3873 = ADVANCED_FACE('',(#3874),#3521,.F.);
#3874 = FACE_BOUND('',#3875,.F.);
#3875 = EDGE_LOOP('',(#3876));
#3876 = ORIENTED_EDGE('',*,*,#3506,.T.);
#3877 = ADVANCED_FACE('',(#3878),#3576,.F.);
#3878 = FACE_BOUND('',#3879,.F.);
#3879 = EDGE_LOOP('',(#3880));
#3880 = ORIENTED_EDGE('',*,*,#3561,.T.);
#3881 = ADVANCED_FACE('',(#3882),#3827,.F.);
#3882 = FACE_BOUND('',#3883,.F.);
#3883 = EDGE_LOOP('',(#3884));
#3884 = ORIENTED_EDGE('',*,*,#3812,.T.);
#3885 = MANIFOLD_SOLID_BREP('',#3886);
#3886 = CLOSED_SHELL('',(#3887,#4007,#4109,#4158,#4298,#4325,#4352,#4359
    ,#4414,#4469,#4473));
#3887 = ADVANCED_FACE('',(#3888),#3902,.F.);
#3888 = FACE_BOUND('',#3889,.F.);
#3889 = EDGE_LOOP('',(#3890,#3925,#3953,#3981));
#3890 = ORIENTED_EDGE('',*,*,#3891,.F.);
#3891 = EDGE_CURVE('',#3892,#3894,#3896,.T.);
#3892 = VERTEX_POINT('',#3893);
#3893 = CARTESIAN_POINT('',(-58.,-20.,60.));
#3894 = VERTEX_POINT('',#3895);
#3895 = CARTESIAN_POINT('',(-58.,-20.,240.));
#3896 = SURFACE_CURVE('',#3897,(#3901,#3913),.PCURVE_S1.);
#3897 = LINE('',#3898,#3899);
#3898 = CARTESIAN_POINT('',(-58.,-20.,60.));
#3899 = VECTOR('',#3900,1.);
#3900 = DIRECTION('',(0.,0.,1.));
#3901 = PCURVE('',#3902,#3907);
#3902 = PLANE('',#3903);
#3903 = AXIS2_PLACEMENT_3D('',#3904,#3905,#3906);
#3904 = CARTESIAN_POINT('',(-58.,-20.,60.));
#3905 = DIRECTION('',(1.,0.,-0.));
#3906 = DIRECTION('',(0.,0.,1.));
#3907 = DEFINITIONAL_REPRESENTATION('',(#3908),#3912);
#3908 = LINE('',#3909,#3910);
#3909 = CARTESIAN_POINT('',(0.,0.));
#3910 = VECTOR('',#3911,1.);
#3911 = DIRECTION('',(1.,0.));
#3912 = ( GEOMETRIC_REPRESENTATION_CONTEXT(2) 
PARAMETRIC_REPRESENTATION_CONTEXT() REPRESENTATION_CONTEXT('2D SPACE',''
  ) );
#3913 = PCURVE('',#3914,#3919);
#3914 = PLANE('',#3915);
#3915 = AXIS2_PLACEMENT_3D('',#3916,#3917,#3918);
#3916 = CARTESIAN_POINT('',(-58.,-20.,60.));
#3917 = DIRECTION('',(-0.,1.,0.));
#3918 = DIRECTION('',(0.,0.,1.));
#3919 = DEFINITIONAL_REPRESENTATION('',(#3920),#3924);
#3920 = LINE('',#3921,#3922);
#3921 = CARTESIAN_POINT('',(0.,0.));
#3922 = VECTOR('',#3923,1.);
#3923 = DIRECTION('',(1.,0.));
#3924 = ( GEOMETRIC_REPRESENTATION_CONTEXT(2) 
PARAMETRIC_REPRESENTATION_CONTEXT() REPRESENTATION_CONTEXT('2D SPACE',''
  ) );
#3925 = ORIENTED_EDGE('',*,*,#3926,.T.);
#3926 = EDGE_CURVE('',#3892,#3927,#3929,.T.);
#3927 = VERTEX_POINT('',#3928);
#3928 = CARTESIAN_POINT('',(-58.,50.,60.));
#3929 = SURFACE_CURVE('',#3930,(#3934,#3941),.PCURVE_S1.);
#3930 = LINE('',#3931,#3932);
#3931 = CARTESIAN_POINT('',(-58.,-20.,60.));
#3932 = VECTOR('',#3933,1.);
#3933 = DIRECTION('',(-0.,1.,0.));
#3934 = PCURVE('',#3902,#3935);
#3935 = DEFINITIONAL_REPRESENTATION('',(#3936),#3940);
#3936 = LINE('',#3937,#3938);
#3937 = CARTESIAN_POINT('',(0.,0.));
#3938 = VECTOR('',#3939,1.);
#3939 = DIRECTION('',(0.,-1.));
#3940 = ( GEOMETRIC_REPRESENTATION_CONTEXT(2) 
PARAMETRIC_REPRESENTATION_CONTEXT() REPRESENTATION_CONTEXT('2D SPACE',''
  ) );
#3941 = PCURVE('',#3942,#3947);
#3942 = PLANE('',#3943);
#3943 = AXIS2_PLACEMENT_3D('',#3944,#3945,#3946);
#3944 = CARTESIAN_POINT('',(-58.,-20.,60.));
#3945 = DIRECTION('',(0.,0.,1.));
#3946 = DIRECTION('',(1.,0.,-0.));
#3947 = DEFINITIONAL_REPRESENTATION('',(#3948),#3952);
#3948 = LINE('',#3949,#3950);
#3949 = CARTESIAN_POINT('',(0.,0.));
#3950 = VECTOR('',#3951,1.);
#3951 = DIRECTION('',(0.,1.));
#3952 = ( GEOMETRIC_REPRESENTATION_CONTEXT(2) 
PARAMETRIC_REPRESENTATION_CONTEXT() REPRESENTATION_CONTEXT('2D SPACE',''
  ) );
#3953 = ORIENTED_EDGE('',*,*,#3954,.T.);
#3954 = EDGE_CURVE('',#3927,#3955,#3957,.T.);
#3955 = VERTEX_POINT('',#3956);
#3956 = CARTESIAN_POINT('',(-58.,50.,240.));
#3957 = SURFACE_CURVE('',#3958,(#3962,#3969),.PCURVE_S1.);
#3958 = LINE('',#3959,#3960);
#3959 = CARTESIAN_POINT('',(-58.,50.,60.));
#3960 = VECTOR('',#3961,1.);
#3961 = DIRECTION('',(0.,0.,1.));
#3962 = PCURVE('',#3902,#3963);
#3963 = DEFINITIONAL_REPRESENTATION('',(#3964),#3968);
#3964 = LINE('',#3965,#3966);
#3965 = CARTESIAN_POINT('',(0.,-70.));
#3966 = VECTOR('',#3967,1.);
#3967 = DIRECTION('',(1.,0.));
#3968 = ( GEOMETRIC_REPRESENTATION_CONTEXT(2) 
PARAMETRIC_REPRESENTATION_CONTEXT() REPRESENTATION_CONTEXT('2D SPACE',''
  ) );
#3969 = PCURVE('',#3970,#3975);
#3970 = PLANE('',#3971);
#3971 = AXIS2_PLACEMENT_3D('',#3972,#3973,#3974);
#3972 = CARTESIAN_POINT('',(-58.,50.,60.));
#3973 = DIRECTION('',(-0.,1.,0.));
#3974 = DIRECTION('',(0.,0.,1.));
#3975 = DEFINITIONAL_REPRESENTATION('',(#3976),#3980);
#3976 = LINE('',#3977,#3978);
#3977 = CARTESIAN_POINT('',(0.,0.));
#3978 = VECTOR('',#3979,1.);
#3979 = DIRECTION('',(1.,0.));
#3980 = ( GEOMETRIC_REPRESENTATION_CONTEXT(2) 
PARAMETRIC_REPRESENTATION_CONTEXT() REPRESENTATION_CONTEXT('2D SPACE',''
  ) );
#3981 = ORIENTED_EDGE('',*,*,#3982,.F.);
#3982 = EDGE_CURVE('',#3894,#3955,#3983,.T.);
#3983 = SURFACE_CURVE('',#3984,(#3988,#3995),.PCURVE_S1.);
#3984 = LINE('',#3985,#3986);
#3985 = CARTESIAN_POINT('',(-58.,-20.,240.));
#3986 = VECTOR('',#3987,1.);
#3987 = DIRECTION('',(-0.,1.,0.));
#3988 = PCURVE('',#3902,#3989);
#3989 = DEFINITIONAL_REPRESENTATION('',(#3990),#3994);
#3990 = LINE('',#3991,#3992);
#3991 = CARTESIAN_POINT('',(180.,0.));
#3992 = VECTOR('',#3993,1.);
#3993 = DIRECTION('',(0.,-1.));
#3994 = ( GEOMETRIC_REPRESENTATION_CONTEXT(2) 
PARAMETRIC_REPRESENTATION_CONTEXT() REPRESENTATION_CONTEXT('2D SPACE',''
  ) );
#3995 = PCURVE('',#3996,#4001);
#3996 = PLANE('',#3997);
#3997 = AXIS2_PLACEMENT_3D('',#3998,#3999,#4000);
#3998 = CARTESIAN_POINT('',(-58.,-20.,240.));
#3999 = DIRECTION('',(0.,0.,1.));
#4000 = DIRECTION('',(1.,0.,-0.));
#4001 = DEFINITIONAL_REPRESENTATION('',(#4002),#4006);
#4002 = LINE('',#4003,#4004);
#4003 = CARTESIAN_POINT('',(0.,0.));
#4004 = VECTOR('',#4005,1.);
#4005 = DIRECTION('',(0.,1.));
#4006 = ( GEOMETRIC_REPRESENTATION_CONTEXT(2) 
PARAMETRIC_REPRESENTATION_CONTEXT() REPRESENTATION_CONTEXT('2D SPACE',''
  ) );
#4007 = ADVANCED_FACE('',(#4008),#3914,.F.);
#4008 = FACE_BOUND('',#4009,.F.);
#4009 = EDGE_LOOP('',(#4010,#4040,#4061,#4062,#4085));
#4010 = ORIENTED_EDGE('',*,*,#4011,.F.);
#4011 = EDGE_CURVE('',#4012,#4014,#4016,.T.);
#4012 = VERTEX_POINT('',#4013);
#4013 = CARTESIAN_POINT('',(-46.,-20.,60.));
#4014 = VERTEX_POINT('',#4015);
#4015 = CARTESIAN_POINT('',(-46.,-20.,230.00151011402));
#4016 = SURFACE_CURVE('',#4017,(#4021,#4028),.PCURVE_S1.);
#4017 = LINE('',#4018,#4019);
#4018 = CARTESIAN_POINT('',(-46.,-20.,60.));
#4019 = VECTOR('',#4020,1.);
#4020 = DIRECTION('',(0.,0.,1.));
#4021 = PCURVE('',#3914,#4022);
#4022 = DEFINITIONAL_REPRESENTATION('',(#4023),#4027);
#4023 = LINE('',#4024,#4025);
#4024 = CARTESIAN_POINT('',(0.,12.));
#4025 = VECTOR('',#4026,1.);
#4026 = DIRECTION('',(1.,0.));
#4027 = ( GEOMETRIC_REPRESENTATION_CONTEXT(2) 
PARAMETRIC_REPRESENTATION_CONTEXT() REPRESENTATION_CONTEXT('2D SPACE',''
  ) );
#4028 = PCURVE('',#4029,#4034);
#4029 = PLANE('',#4030);
#4030 = AXIS2_PLACEMENT_3D('',#4031,#4032,#4033);
#4031 = CARTESIAN_POINT('',(-46.,-20.,60.));
#4032 = DIRECTION('',(1.,0.,-0.));
#4033 = DIRECTION('',(0.,0.,1.));
#4034 = DEFINITIONAL_REPRESENTATION('',(#4035),#4039);
#4035 = LINE('',#4036,#4037);
#4036 = CARTESIAN_POINT('',(0.,0.));
#4037 = VECTOR('',#4038,1.);
#4038 = DIRECTION('',(1.,0.));
#4039 = ( GEOMETRIC_REPRESENTATION_CONTEXT(2) 
PARAMETRIC_REPRESENTATION_CONTEXT() REPRESENTATION_CONTEXT('2D SPACE',''
  ) );
#4040 = ORIENTED_EDGE('',*,*,#4041,.F.);
#4041 = EDGE_CURVE('',#3892,#4012,#4042,.T.);
#4042 = SURFACE_CURVE('',#4043,(#4047,#4054),.PCURVE_S1.);
#4043 = LINE('',#4044,#4045);
#4044 = CARTESIAN_POINT('',(-58.,-20.,60.));
#4045 = VECTOR('',#4046,1.);
#4046 = DIRECTION('',(1.,0.,-0.));
#4047 = PCURVE('',#3914,#4048);
#4048 = DEFINITIONAL_REPRESENTATION('',(#4049),#4053);
#4049 = LINE('',#4050,#4051);
#4050 = CARTESIAN_POINT('',(0.,0.));
#4051 = VECTOR('',#4052,1.);
#4052 = DIRECTION('',(0.,1.));
#4053 = ( GEOMETRIC_REPRESENTATION_CONTEXT(2) 
PARAMETRIC_REPRESENTATION_CONTEXT() REPRESENTATION_CONTEXT('2D SPACE',''
  ) );
#4054 = PCURVE('',#3942,#4055);
#4055 = DEFINITIONAL_REPRESENTATION('',(#4056),#4060);
#4056 = LINE('',#4057,#4058);
#4057 = CARTESIAN_POINT('',(0.,0.));
#4058 = VECTOR('',#4059,1.);
#4059 = DIRECTION('',(1.,0.));
#4060 = ( GEOMETRIC_REPRESENTATION_CONTEXT(2) 
PARAMETRIC_REPRESENTATION_CONTEXT() REPRESENTATION_CONTEXT('2D SPACE',''
  ) );
#4061 = ORIENTED_EDGE('',*,*,#3891,.T.);
#4062 = ORIENTED_EDGE('',*,*,#4063,.T.);
#4063 = EDGE_CURVE('',#3894,#4064,#4066,.T.);
#4064 = VERTEX_POINT('',#4065);
#4065 = CARTESIAN_POINT('',(-55.99848988597,-20.,240.));
#4066 = SURFACE_CURVE('',#4067,(#4071,#4078),.PCURVE_S1.);
#4067 = LINE('',#4068,#4069);
#4068 = CARTESIAN_POINT('',(-58.,-20.,240.));
#4069 = VECTOR('',#4070,1.);
#4070 = DIRECTION('',(1.,0.,-0.));
#4071 = PCURVE('',#3914,#4072);
#4072 = DEFINITIONAL_REPRESENTATION('',(#4073),#4077);
#4073 = LINE('',#4074,#4075);
#4074 = CARTESIAN_POINT('',(180.,0.));
#4075 = VECTOR('',#4076,1.);
#4076 = DIRECTION('',(0.,1.));
#4077 = ( GEOMETRIC_REPRESENTATION_CONTEXT(2) 
PARAMETRIC_REPRESENTATION_CONTEXT() REPRESENTATION_CONTEXT('2D SPACE',''
  ) );
#4078 = PCURVE('',#3996,#4079);
#4079 = DEFINITIONAL_REPRESENTATION('',(#4080),#4084);
#4080 = LINE('',#4081,#4082);
#4081 = CARTESIAN_POINT('',(0.,0.));
#4082 = VECTOR('',#4083,1.);
#4083 = DIRECTION('',(1.,0.));
#4084 = ( GEOMETRIC_REPRESENTATION_CONTEXT(2) 
PARAMETRIC_REPRESENTATION_CONTEXT() REPRESENTATION_CONTEXT('2D SPACE',''
  ) );
#4085 = ORIENTED_EDGE('',*,*,#4086,.T.);
#4086 = EDGE_CURVE('',#4064,#4014,#4087,.T.);
#4087 = SURFACE_CURVE('',#4088,(#4092,#4098),.PCURVE_S1.);
#4088 = LINE('',#4089,#4090);
#4089 = CARTESIAN_POINT('',(-11.49886741448,-20.,195.5003775285));
#4090 = VECTOR('',#4091,1.);
#4091 = DIRECTION('',(0.707106781187,0.,-0.707106781187));
#4092 = PCURVE('',#3914,#4093);
#4093 = DEFINITIONAL_REPRESENTATION('',(#4094),#4097);
#4094 = B_SPLINE_CURVE_WITH_KNOTS('',1,(#4095,#4096),.UNSPECIFIED.,.F.,
  .F.,(2,2),(-62.93196961967,-48.79196961967),.PIECEWISE_BEZIER_KNOTS.);
#4095 = CARTESIAN_POINT('',(180.,2.001510114022));
#4096 = CARTESIAN_POINT('',(170.00151011402,12.));
#4097 = ( GEOMETRIC_REPRESENTATION_CONTEXT(2) 
PARAMETRIC_REPRESENTATION_CONTEXT() REPRESENTATION_CONTEXT('2D SPACE',''
  ) );
#4098 = PCURVE('',#4099,#4104);
#4099 = PLANE('',#4100);
#4100 = AXIS2_PLACEMENT_3D('',#4101,#4102,#4103);
#4101 = CARTESIAN_POINT('',(-55.99848988597,-21.,240.));
#4102 = DIRECTION('',(0.707106781187,0.,0.707106781187));
#4103 = DIRECTION('',(0.707106781187,0.,-0.707106781187));
#4104 = DEFINITIONAL_REPRESENTATION('',(#4105),#4108);
#4105 = B_SPLINE_CURVE_WITH_KNOTS('',1,(#4106,#4107),.UNSPECIFIED.,.F.,
  .F.,(2,2),(-62.93196961967,-48.79196961967),.PIECEWISE_BEZIER_KNOTS.);
#4106 = CARTESIAN_POINT('',(0.,1.));
#4107 = CARTESIAN_POINT('',(14.14,1.));
#4108 = ( GEOMETRIC_REPRESENTATION_CONTEXT(2) 
PARAMETRIC_REPRESENTATION_CONTEXT() REPRESENTATION_CONTEXT('2D SPACE',''
  ) );
#4109 = ADVANCED_FACE('',(#4110),#3996,.T.);
#4110 = FACE_BOUND('',#4111,.T.);
#4111 = EDGE_LOOP('',(#4112,#4135,#4136,#4137));
#4112 = ORIENTED_EDGE('',*,*,#4113,.F.);
#4113 = EDGE_CURVE('',#3955,#4114,#4116,.T.);
#4114 = VERTEX_POINT('',#4115);
#4115 = CARTESIAN_POINT('',(-55.99848988597,50.,240.));
#4116 = SURFACE_CURVE('',#4117,(#4121,#4128),.PCURVE_S1.);
#4117 = LINE('',#4118,#4119);
#4118 = CARTESIAN_POINT('',(-58.,50.,240.));
#4119 = VECTOR('',#4120,1.);
#4120 = DIRECTION('',(1.,0.,-0.));
#4121 = PCURVE('',#3996,#4122);
#4122 = DEFINITIONAL_REPRESENTATION('',(#4123),#4127);
#4123 = LINE('',#4124,#4125);
#4124 = CARTESIAN_POINT('',(0.,70.));
#4125 = VECTOR('',#4126,1.);
#4126 = DIRECTION('',(1.,0.));
#4127 = ( GEOMETRIC_REPRESENTATION_CONTEXT(2) 
PARAMETRIC_REPRESENTATION_CONTEXT() REPRESENTATION_CONTEXT('2D SPACE',''
  ) );
#4128 = PCURVE('',#3970,#4129);
#4129 = DEFINITIONAL_REPRESENTATION('',(#4130),#4134);
#4130 = LINE('',#4131,#4132);
#4131 = CARTESIAN_POINT('',(180.,0.));
#4132 = VECTOR('',#4133,1.);
#4133 = DIRECTION('',(0.,1.));
#4134 = ( GEOMETRIC_REPRESENTATION_CONTEXT(2) 
PARAMETRIC_REPRESENTATION_CONTEXT() REPRESENTATION_CONTEXT('2D SPACE',''
  ) );
#4135 = ORIENTED_EDGE('',*,*,#3982,.F.);
#4136 = ORIENTED_EDGE('',*,*,#4063,.T.);
#4137 = ORIENTED_EDGE('',*,*,#4138,.T.);
#4138 = EDGE_CURVE('',#4064,#4114,#4139,.T.);
#4139 = SURFACE_CURVE('',#4140,(#4144,#4151),.PCURVE_S1.);
#4140 = LINE('',#4141,#4142);
#4141 = CARTESIAN_POINT('',(-55.99848988597,-21.,240.));
#4142 = VECTOR('',#4143,1.);
#4143 = DIRECTION('',(0.,1.,0.));
#4144 = PCURVE('',#3996,#4145);
#4145 = DEFINITIONAL_REPRESENTATION('',(#4146),#4150);
#4146 = LINE('',#4147,#4148);
#4147 = CARTESIAN_POINT('',(2.001510114022,-1.));
#4148 = VECTOR('',#4149,1.);
#4149 = DIRECTION('',(0.,1.));
#4150 = ( GEOMETRIC_REPRESENTATION_CONTEXT(2) 
PARAMETRIC_REPRESENTATION_CONTEXT() REPRESENTATION_CONTEXT('2D SPACE',''
  ) );
#4151 = PCURVE('',#4099,#4152);
#4152 = DEFINITIONAL_REPRESENTATION('',(#4153),#4157);
#4153 = LINE('',#4154,#4155);
#4154 = CARTESIAN_POINT('',(0.,0.));
#4155 = VECTOR('',#4156,1.);
#4156 = DIRECTION('',(0.,1.));
#4157 = ( GEOMETRIC_REPRESENTATION_CONTEXT(2) 
PARAMETRIC_REPRESENTATION_CONTEXT() REPRESENTATION_CONTEXT('2D SPACE',''
  ) );
#4158 = ADVANCED_FACE('',(#4159,#4228,#4263),#3970,.T.);
#4159 = FACE_BOUND('',#4160,.T.);
#4160 = EDGE_LOOP('',(#4161,#4186,#4207,#4208,#4209));
#4161 = ORIENTED_EDGE('',*,*,#4162,.F.);
#4162 = EDGE_CURVE('',#4163,#4165,#4167,.T.);
#4163 = VERTEX_POINT('',#4164);
#4164 = CARTESIAN_POINT('',(-46.,50.,60.));
#4165 = VERTEX_POINT('',#4166);
#4166 = CARTESIAN_POINT('',(-46.,50.,230.00151011402));
#4167 = SURFACE_CURVE('',#4168,(#4172,#4179),.PCURVE_S1.);
#4168 = LINE('',#4169,#4170);
#4169 = CARTESIAN_POINT('',(-46.,50.,60.));
#4170 = VECTOR('',#4171,1.);
#4171 = DIRECTION('',(0.,0.,1.));
#4172 = PCURVE('',#3970,#4173);
#4173 = DEFINITIONAL_REPRESENTATION('',(#4174),#4178);
#4174 = LINE('',#4175,#4176);
#4175 = CARTESIAN_POINT('',(0.,12.));
#4176 = VECTOR('',#4177,1.);
#4177 = DIRECTION('',(1.,0.));
#4178 = ( GEOMETRIC_REPRESENTATION_CONTEXT(2) 
PARAMETRIC_REPRESENTATION_CONTEXT() REPRESENTATION_CONTEXT('2D SPACE',''
  ) );
#4179 = PCURVE('',#4029,#4180);
#4180 = DEFINITIONAL_REPRESENTATION('',(#4181),#4185);
#4181 = LINE('',#4182,#4183);
#4182 = CARTESIAN_POINT('',(0.,-70.));
#4183 = VECTOR('',#4184,1.);
#4184 = DIRECTION('',(1.,0.));
#4185 = ( GEOMETRIC_REPRESENTATION_CONTEXT(2) 
PARAMETRIC_REPRESENTATION_CONTEXT() REPRESENTATION_CONTEXT('2D SPACE',''
  ) );
#4186 = ORIENTED_EDGE('',*,*,#4187,.F.);
#4187 = EDGE_CURVE('',#3927,#4163,#4188,.T.);
#4188 = SURFACE_CURVE('',#4189,(#4193,#4200),.PCURVE_S1.);
#4189 = LINE('',#4190,#4191);
#4190 = CARTESIAN_POINT('',(-58.,50.,60.));
#4191 = VECTOR('',#4192,1.);
#4192 = DIRECTION('',(1.,0.,-0.));
#4193 = PCURVE('',#3970,#4194);
#4194 = DEFINITIONAL_REPRESENTATION('',(#4195),#4199);
#4195 = LINE('',#4196,#4197);
#4196 = CARTESIAN_POINT('',(0.,0.));
#4197 = VECTOR('',#4198,1.);
#4198 = DIRECTION('',(0.,1.));
#4199 = ( GEOMETRIC_REPRESENTATION_CONTEXT(2) 
PARAMETRIC_REPRESENTATION_CONTEXT() REPRESENTATION_CONTEXT('2D SPACE',''
  ) );
#4200 = PCURVE('',#3942,#4201);
#4201 = DEFINITIONAL_REPRESENTATION('',(#4202),#4206);
#4202 = LINE('',#4203,#4204);
#4203 = CARTESIAN_POINT('',(0.,70.));
#4204 = VECTOR('',#4205,1.);
#4205 = DIRECTION('',(1.,0.));
#4206 = ( GEOMETRIC_REPRESENTATION_CONTEXT(2) 
PARAMETRIC_REPRESENTATION_CONTEXT() REPRESENTATION_CONTEXT('2D SPACE',''
  ) );
#4207 = ORIENTED_EDGE('',*,*,#3954,.T.);
#4208 = ORIENTED_EDGE('',*,*,#4113,.T.);
#4209 = ORIENTED_EDGE('',*,*,#4210,.T.);
#4210 = EDGE_CURVE('',#4114,#4165,#4211,.T.);
#4211 = SURFACE_CURVE('',#4212,(#4216,#4222),.PCURVE_S1.);
#4212 = LINE('',#4213,#4214);
#4213 = CARTESIAN_POINT('',(-11.49886741448,50.,195.5003775285));
#4214 = VECTOR('',#4215,1.);
#4215 = DIRECTION('',(0.707106781187,0.,-0.707106781187));
#4216 = PCURVE('',#3970,#4217);
#4217 = DEFINITIONAL_REPRESENTATION('',(#4218),#4221);
#4218 = B_SPLINE_CURVE_WITH_KNOTS('',1,(#4219,#4220),.UNSPECIFIED.,.F.,
  .F.,(2,2),(-62.93196961967,-48.79196961967),.PIECEWISE_BEZIER_KNOTS.);
#4219 = CARTESIAN_POINT('',(180.,2.001510114022));
#4220 = CARTESIAN_POINT('',(170.00151011402,12.));
#4221 = ( GEOMETRIC_REPRESENTATION_CONTEXT(2) 
PARAMETRIC_REPRESENTATION_CONTEXT() REPRESENTATION_CONTEXT('2D SPACE',''
  ) );
#4222 = PCURVE('',#4099,#4223);
#4223 = DEFINITIONAL_REPRESENTATION('',(#4224),#4227);
#4224 = B_SPLINE_CURVE_WITH_KNOTS('',1,(#4225,#4226),.UNSPECIFIED.,.F.,
  .F.,(2,2),(-62.93196961967,-48.79196961967),.PIECEWISE_BEZIER_KNOTS.);
#4225 = CARTESIAN_POINT('',(0.,71.));
#4226 = CARTESIAN_POINT('',(14.14,71.));
#4227 = ( GEOMETRIC_REPRESENTATION_CONTEXT(2) 
PARAMETRIC_REPRESENTATION_CONTEXT() REPRESENTATION_CONTEXT('2D SPACE',''
  ) );
#4228 = FACE_BOUND('',#4229,.T.);
#4229 = EDGE_LOOP('',(#4230));
#4230 = ORIENTED_EDGE('',*,*,#4231,.T.);
#4231 = EDGE_CURVE('',#4232,#4232,#4234,.T.);
#4232 = VERTEX_POINT('',#4233);
#4233 = CARTESIAN_POINT('',(-50.,50.,100.));
#4234 = SURFACE_CURVE('',#4235,(#4240,#4251),.PCURVE_S1.);
#4235 = CIRCLE('',#4236,2.);
#4236 = AXIS2_PLACEMENT_3D('',#4237,#4238,#4239);
#4237 = CARTESIAN_POINT('',(-52.,50.,100.));
#4238 = DIRECTION('',(0.,-1.,2.22044604925E-16));
#4239 = DIRECTION('',(1.,0.,0.));
#4240 = PCURVE('',#3970,#4241);
#4241 = DEFINITIONAL_REPRESENTATION('',(#4242),#4250);
#4242 = ( BOUNDED_CURVE() B_SPLINE_CURVE(2,(#4243,#4244,#4245,#4246,
#4247,#4248,#4249),.UNSPECIFIED.,.T.,.F.) B_SPLINE_CURVE_WITH_KNOTS((1,2
    ,2,2,2,1),(-2.094395102393,0.,2.094395102393,4.188790204786,
6.28318530718,8.377580409573),.UNSPECIFIED.) CURVE() 
GEOMETRIC_REPRESENTATION_ITEM() RATIONAL_B_SPLINE_CURVE((1.,0.5,1.,0.5,
1.,0.5,1.)) REPRESENTATION_ITEM('') );
#4243 = CARTESIAN_POINT('',(40.,8.));
#4244 = CARTESIAN_POINT('',(43.464101615138,8.));
#4245 = CARTESIAN_POINT('',(41.732050807569,5.));
#4246 = CARTESIAN_POINT('',(40.,2.));
#4247 = CARTESIAN_POINT('',(38.267949192431,5.));
#4248 = CARTESIAN_POINT('',(36.535898384862,8.));
#4249 = CARTESIAN_POINT('',(40.,8.));
#4250 = ( GEOMETRIC_REPRESENTATION_CONTEXT(2) 
PARAMETRIC_REPRESENTATION_CONTEXT() REPRESENTATION_CONTEXT('2D SPACE',''
  ) );
#4251 = PCURVE('',#4252,#4257);
#4252 = CYLINDRICAL_SURFACE('',#4253,2.);
#4253 = AXIS2_PLACEMENT_3D('',#4254,#4255,#4256);
#4254 = CARTESIAN_POINT('',(-52.,51.,100.));
#4255 = DIRECTION('',(0.,-1.,2.22044604925E-16));
#4256 = DIRECTION('',(1.,0.,0.));
#4257 = DEFINITIONAL_REPRESENTATION('',(#4258),#4262);
#4258 = LINE('',#4259,#4260);
#4259 = CARTESIAN_POINT('',(0.,1.));
#4260 = VECTOR('',#4261,1.);
#4261 = DIRECTION('',(1.,0.));
#4262 = ( GEOMETRIC_REPRESENTATION_CONTEXT(2) 
PARAMETRIC_REPRESENTATION_CONTEXT() REPRESENTATION_CONTEXT('2D SPACE',''
  ) );
#4263 = FACE_BOUND('',#4264,.T.);
#4264 = EDGE_LOOP('',(#4265));
#4265 = ORIENTED_EDGE('',*,*,#4266,.T.);
#4266 = EDGE_CURVE('',#4267,#4267,#4269,.T.);
#4267 = VERTEX_POINT('',#4268);
#4268 = CARTESIAN_POINT('',(-50.,50.,200.));
#4269 = SURFACE_CURVE('',#4270,(#4275,#4286),.PCURVE_S1.);
#4270 = CIRCLE('',#4271,2.);
#4271 = AXIS2_PLACEMENT_3D('',#4272,#4273,#4274);
#4272 = CARTESIAN_POINT('',(-52.,50.,200.));
#4273 = DIRECTION('',(0.,-1.,2.22044604925E-16));
#4274 = DIRECTION('',(1.,0.,0.));
#4275 = PCURVE('',#3970,#4276);
#4276 = DEFINITIONAL_REPRESENTATION('',(#4277),#4285);
#4277 = ( BOUNDED_CURVE() B_SPLINE_CURVE(2,(#4278,#4279,#4280,#4281,
#4282,#4283,#4284),.UNSPECIFIED.,.T.,.F.) B_SPLINE_CURVE_WITH_KNOTS((1,2
    ,2,2,2,1),(-2.094395102393,0.,2.094395102393,4.188790204786,
6.28318530718,8.377580409573),.UNSPECIFIED.) CURVE() 
GEOMETRIC_REPRESENTATION_ITEM() RATIONAL_B_SPLINE_CURVE((1.,0.5,1.,0.5,
1.,0.5,1.)) REPRESENTATION_ITEM('') );
#4278 = CARTESIAN_POINT('',(140.,8.));
#4279 = CARTESIAN_POINT('',(143.46410161513,8.));
#4280 = CARTESIAN_POINT('',(141.73205080756,5.));
#4281 = CARTESIAN_POINT('',(140.,2.));
#4282 = CARTESIAN_POINT('',(138.26794919243,5.));
#4283 = CARTESIAN_POINT('',(136.53589838486,8.));
#4284 = CARTESIAN_POINT('',(140.,8.));
#4285 = ( GEOMETRIC_REPRESENTATION_CONTEXT(2) 
PARAMETRIC_REPRESENTATION_CONTEXT() REPRESENTATION_CONTEXT('2D SPACE',''
  ) );
#4286 = PCURVE('',#4287,#4292);
#4287 = CYLINDRICAL_SURFACE('',#4288,2.);
#4288 = AXIS2_PLACEMENT_3D('',#4289,#4290,#4291);
#4289 = CARTESIAN_POINT('',(-52.,51.,200.));
#4290 = DIRECTION('',(0.,-1.,2.22044604925E-16));
#4291 = DIRECTION('',(1.,0.,0.));
#4292 = DEFINITIONAL_REPRESENTATION('',(#4293),#4297);
#4293 = LINE('',#4294,#4295);
#4294 = CARTESIAN_POINT('',(0.,1.));
#4295 = VECTOR('',#4296,1.);
#4296 = DIRECTION('',(1.,0.));
#4297 = ( GEOMETRIC_REPRESENTATION_CONTEXT(2) 
PARAMETRIC_REPRESENTATION_CONTEXT() REPRESENTATION_CONTEXT('2D SPACE',''
  ) );
#4298 = ADVANCED_FACE('',(#4299),#3942,.F.);
#4299 = FACE_BOUND('',#4300,.F.);
#4300 = EDGE_LOOP('',(#4301,#4302,#4303,#4324));
#4301 = ORIENTED_EDGE('',*,*,#3926,.F.);
#4302 = ORIENTED_EDGE('',*,*,#4041,.T.);
#4303 = ORIENTED_EDGE('',*,*,#4304,.T.);
#4304 = EDGE_CURVE('',#4012,#4163,#4305,.T.);
#4305 = SURFACE_CURVE('',#4306,(#4310,#4317),.PCURVE_S1.);
#4306 = LINE('',#4307,#4308);
#4307 = CARTESIAN_POINT('',(-46.,-20.,60.));
#4308 = VECTOR('',#4309,1.);
#4309 = DIRECTION('',(-0.,1.,0.));
#4310 = PCURVE('',#3942,#4311);
#4311 = DEFINITIONAL_REPRESENTATION('',(#4312),#4316);
#4312 = LINE('',#4313,#4314);
#4313 = CARTESIAN_POINT('',(12.,0.));
#4314 = VECTOR('',#4315,1.);
#4315 = DIRECTION('',(0.,1.));
#4316 = ( GEOMETRIC_REPRESENTATION_CONTEXT(2) 
PARAMETRIC_REPRESENTATION_CONTEXT() REPRESENTATION_CONTEXT('2D SPACE',''
  ) );
#4317 = PCURVE('',#4029,#4318);
#4318 = DEFINITIONAL_REPRESENTATION('',(#4319),#4323);
#4319 = LINE('',#4320,#4321);
#4320 = CARTESIAN_POINT('',(0.,0.));
#4321 = VECTOR('',#4322,1.);
#4322 = DIRECTION('',(0.,-1.));
#4323 = ( GEOMETRIC_REPRESENTATION_CONTEXT(2) 
PARAMETRIC_REPRESENTATION_CONTEXT() REPRESENTATION_CONTEXT('2D SPACE',''
  ) );
#4324 = ORIENTED_EDGE('',*,*,#4187,.F.);
#4325 = ADVANCED_FACE('',(#4326),#4029,.T.);
#4326 = FACE_BOUND('',#4327,.T.);
#4327 = EDGE_LOOP('',(#4328,#4329,#4330,#4331));
#4328 = ORIENTED_EDGE('',*,*,#4011,.F.);
#4329 = ORIENTED_EDGE('',*,*,#4304,.T.);
#4330 = ORIENTED_EDGE('',*,*,#4162,.T.);
#4331 = ORIENTED_EDGE('',*,*,#4332,.F.);
#4332 = EDGE_CURVE('',#4014,#4165,#4333,.T.);
#4333 = SURFACE_CURVE('',#4334,(#4338,#4345),.PCURVE_S1.);
#4334 = LINE('',#4335,#4336);
#4335 = CARTESIAN_POINT('',(-46.,-21.,230.00151011402));
#4336 = VECTOR('',#4337,1.);
#4337 = DIRECTION('',(0.,1.,0.));
#4338 = PCURVE('',#4029,#4339);
#4339 = DEFINITIONAL_REPRESENTATION('',(#4340),#4344);
#4340 = LINE('',#4341,#4342);
#4341 = CARTESIAN_POINT('',(170.00151011402,1.));
#4342 = VECTOR('',#4343,1.);
#4343 = DIRECTION('',(0.,-1.));
#4344 = ( GEOMETRIC_REPRESENTATION_CONTEXT(2) 
PARAMETRIC_REPRESENTATION_CONTEXT() REPRESENTATION_CONTEXT('2D SPACE',''
  ) );
#4345 = PCURVE('',#4099,#4346);
#4346 = DEFINITIONAL_REPRESENTATION('',(#4347),#4351);
#4347 = LINE('',#4348,#4349);
#4348 = CARTESIAN_POINT('',(14.14,0.));
#4349 = VECTOR('',#4350,1.);
#4350 = DIRECTION('',(0.,1.));
#4351 = ( GEOMETRIC_REPRESENTATION_CONTEXT(2) 
PARAMETRIC_REPRESENTATION_CONTEXT() REPRESENTATION_CONTEXT('2D SPACE',''
  ) );
#4352 = ADVANCED_FACE('',(#4353),#4099,.T.);
#4353 = FACE_BOUND('',#4354,.T.);
#4354 = EDGE_LOOP('',(#4355,#4356,#4357,#4358));
#4355 = ORIENTED_EDGE('',*,*,#4138,.F.);
#4356 = ORIENTED_EDGE('',*,*,#4086,.T.);
#4357 = ORIENTED_EDGE('',*,*,#4332,.T.);
#4358 = ORIENTED_EDGE('',*,*,#4210,.F.);
#4359 = ADVANCED_FACE('',(#4360),#4252,.F.);
#4360 = FACE_BOUND('',#4361,.F.);
#4361 = EDGE_LOOP('',(#4362,#4385,#4412,#4413));
#4362 = ORIENTED_EDGE('',*,*,#4363,.T.);
#4363 = EDGE_CURVE('',#4232,#4364,#4366,.T.);
#4364 = VERTEX_POINT('',#4365);
#4365 = CARTESIAN_POINT('',(-50.,38.,100.));
#4366 = SEAM_CURVE('',#4367,(#4371,#4378),.PCURVE_S1.);
#4367 = LINE('',#4368,#4369);
#4368 = CARTESIAN_POINT('',(-50.,51.,100.));
#4369 = VECTOR('',#4370,1.);
#4370 = DIRECTION('',(0.,-1.,2.22044604925E-16));
#4371 = PCURVE('',#4252,#4372);
#4372 = DEFINITIONAL_REPRESENTATION('',(#4373),#4377);
#4373 = LINE('',#4374,#4375);
#4374 = CARTESIAN_POINT('',(6.28318530718,-0.));
#4375 = VECTOR('',#4376,1.);
#4376 = DIRECTION('',(0.,1.));
#4377 = ( GEOMETRIC_REPRESENTATION_CONTEXT(2) 
PARAMETRIC_REPRESENTATION_CONTEXT() REPRESENTATION_CONTEXT('2D SPACE',''
  ) );
#4378 = PCURVE('',#4252,#4379);
#4379 = DEFINITIONAL_REPRESENTATION('',(#4380),#4384);
#4380 = LINE('',#4381,#4382);
#4381 = CARTESIAN_POINT('',(0.,-0.));
#4382 = VECTOR('',#4383,1.);
#4383 = DIRECTION('',(0.,1.));
#4384 = ( GEOMETRIC_REPRESENTATION_CONTEXT(2) 
PARAMETRIC_REPRESENTATION_CONTEXT() REPRESENTATION_CONTEXT('2D SPACE',''
  ) );
#4385 = ORIENTED_EDGE('',*,*,#4386,.F.);
#4386 = EDGE_CURVE('',#4364,#4364,#4387,.T.);
#4387 = SURFACE_CURVE('',#4388,(#4393,#4400),.PCURVE_S1.);
#4388 = CIRCLE('',#4389,2.);
#4389 = AXIS2_PLACEMENT_3D('',#4390,#4391,#4392);
#4390 = CARTESIAN_POINT('',(-52.,38.,100.));
#4391 = DIRECTION('',(0.,-1.,2.22044604925E-16));
#4392 = DIRECTION('',(1.,0.,0.));
#4393 = PCURVE('',#4252,#4394);
#4394 = DEFINITIONAL_REPRESENTATION('',(#4395),#4399);
#4395 = LINE('',#4396,#4397);
#4396 = CARTESIAN_POINT('',(0.,13.));
#4397 = VECTOR('',#4398,1.);
#4398 = DIRECTION('',(1.,0.));
#4399 = ( GEOMETRIC_REPRESENTATION_CONTEXT(2) 
PARAMETRIC_REPRESENTATION_CONTEXT() REPRESENTATION_CONTEXT('2D SPACE',''
  ) );
#4400 = PCURVE('',#4401,#4406);
#4401 = PLANE('',#4402);
#4402 = AXIS2_PLACEMENT_3D('',#4403,#4404,#4405);
#4403 = CARTESIAN_POINT('',(-52.,38.,100.));
#4404 = DIRECTION('',(0.,-1.,2.22044604925E-16));
#4405 = DIRECTION('',(1.,0.,0.));
#4406 = DEFINITIONAL_REPRESENTATION('',(#4407),#4411);
#4407 = CIRCLE('',#4408,2.);
#4408 = AXIS2_PLACEMENT_2D('',#4409,#4410);
#4409 = CARTESIAN_POINT('',(0.,0.));
#4410 = DIRECTION('',(1.,0.));
#4411 = ( GEOMETRIC_REPRESENTATION_CONTEXT(2) 
PARAMETRIC_REPRESENTATION_CONTEXT() REPRESENTATION_CONTEXT('2D SPACE',''
  ) );
#4412 = ORIENTED_EDGE('',*,*,#4363,.F.);
#4413 = ORIENTED_EDGE('',*,*,#4231,.T.);
#4414 = ADVANCED_FACE('',(#4415),#4287,.F.);
#4415 = FACE_BOUND('',#4416,.F.);
#4416 = EDGE_LOOP('',(#4417,#4440,#4467,#4468));
#4417 = ORIENTED_EDGE('',*,*,#4418,.T.);
#4418 = EDGE_CURVE('',#4267,#4419,#4421,.T.);
#4419 = VERTEX_POINT('',#4420);
#4420 = CARTESIAN_POINT('',(-50.,38.,200.));
#4421 = SEAM_CURVE('',#4422,(#4426,#4433),.PCURVE_S1.);
#4422 = LINE('',#4423,#4424);
#4423 = CARTESIAN_POINT('',(-50.,51.,200.));
#4424 = VECTOR('',#4425,1.);
#4425 = DIRECTION('',(0.,-1.,2.22044604925E-16));
#4426 = PCURVE('',#4287,#4427);
#4427 = DEFINITIONAL_REPRESENTATION('',(#4428),#4432);
#4428 = LINE('',#4429,#4430);
#4429 = CARTESIAN_POINT('',(6.28318530718,-0.));
#4430 = VECTOR('',#4431,1.);
#4431 = DIRECTION('',(0.,1.));
#4432 = ( GEOMETRIC_REPRESENTATION_CONTEXT(2) 
PARAMETRIC_REPRESENTATION_CONTEXT() REPRESENTATION_CONTEXT('2D SPACE',''
  ) );
#4433 = PCURVE('',#4287,#4434);
#4434 = DEFINITIONAL_REPRESENTATION('',(#4435),#4439);
#4435 = LINE('',#4436,#4437);
#4436 = CARTESIAN_POINT('',(0.,-0.));
#4437 = VECTOR('',#4438,1.);
#4438 = DIRECTION('',(0.,1.));
#4439 = ( GEOMETRIC_REPRESENTATION_CONTEXT(2) 
PARAMETRIC_REPRESENTATION_CONTEXT() REPRESENTATION_CONTEXT('2D SPACE',''
  ) );
#4440 = ORIENTED_EDGE('',*,*,#4441,.F.);
#4441 = EDGE_CURVE('',#4419,#4419,#4442,.T.);
#4442 = SURFACE_CURVE('',#4443,(#4448,#4455),.PCURVE_S1.);
#4443 = CIRCLE('',#4444,2.);
#4444 = AXIS2_PLACEMENT_3D('',#4445,#4446,#4447);
#4445 = CARTESIAN_POINT('',(-52.,38.,200.));
#4446 = DIRECTION('',(0.,-1.,2.22044604925E-16));
#4447 = DIRECTION('',(1.,0.,0.));
#4448 = PCURVE('',#4287,#4449);
#4449 = DEFINITIONAL_REPRESENTATION('',(#4450),#4454);
#4450 = LINE('',#4451,#4452);
#4451 = CARTESIAN_POINT('',(0.,13.));
#4452 = VECTOR('',#4453,1.);
#4453 = DIRECTION('',(1.,0.));
#4454 = ( GEOMETRIC_REPRESENTATION_CONTEXT(2) 
PARAMETRIC_REPRESENTATION_CONTEXT() REPRESENTATION_CONTEXT('2D SPACE',''
  ) );
#4455 = PCURVE('',#4456,#4461);
#4456 = PLANE('',#4457);
#4457 = AXIS2_PLACEMENT_3D('',#4458,#4459,#4460);
#4458 = CARTESIAN_POINT('',(-52.,38.,200.));
#4459 = DIRECTION('',(0.,-1.,2.22044604925E-16));
#4460 = DIRECTION('',(1.,0.,0.));
#4461 = DEFINITIONAL_REPRESENTATION('',(#4462),#4466);
#4462 = CIRCLE('',#4463,2.);
#4463 = AXIS2_PLACEMENT_2D('',#4464,#4465);
#4464 = CARTESIAN_POINT('',(0.,0.));
#4465 = DIRECTION('',(1.,0.));
#4466 = ( GEOMETRIC_REPRESENTATION_CONTEXT(2) 
PARAMETRIC_REPRESENTATION_CONTEXT() REPRESENTATION_CONTEXT('2D SPACE',''
  ) );
#4467 = ORIENTED_EDGE('',*,*,#4418,.F.);
#4468 = ORIENTED_EDGE('',*,*,#4266,.T.);
#4469 = ADVANCED_FACE('',(#4470),#4401,.F.);
#4470 = FACE_BOUND('',#4471,.F.);
#4471 = EDGE_LOOP('',(#4472));
#4472 = ORIENTED_EDGE('',*,*,#4386,.T.);
#4473 = ADVANCED_FACE('',(#4474),#4456,.F.);
#4474 = FACE_BOUND('',#4475,.F.);
#4475 = EDGE_LOOP('',(#4476));
#4476 = ORIENTED_EDGE('',*,*,#4441,.T.);
#4477 = MANIFOLD_SOLID_BREP('',#4478);
#4478 = CLOSED_SHELL('',(#4479,#4599,#4701,#4748,#4890,#4917,#4944,#4951
    ,#5006,#5061,#5065));
#4479 = ADVANCED_FACE('',(#4480),#4494,.F.);
#4480 = FACE_BOUND('',#4481,.F.);
#4481 = EDGE_LOOP('',(#4482,#4517,#4545,#4573));
#4482 = ORIENTED_EDGE('',*,*,#4483,.F.);
#4483 = EDGE_CURVE('',#4484,#4486,#4488,.T.);
#4484 = VERTEX_POINT('',#4485);
#4485 = CARTESIAN_POINT('',(46.,-20.,60.));
#4486 = VERTEX_POINT('',#4487);
#4487 = CARTESIAN_POINT('',(46.,-20.,230.00151011402));
#4488 = SURFACE_CURVE('',#4489,(#4493,#4505),.PCURVE_S1.);
#4489 = LINE('',#4490,#4491);
#4490 = CARTESIAN_POINT('',(46.,-20.,60.));
#4491 = VECTOR('',#4492,1.);
#4492 = DIRECTION('',(0.,0.,1.));
#4493 = PCURVE('',#4494,#4499);
#4494 = PLANE('',#4495);
#4495 = AXIS2_PLACEMENT_3D('',#4496,#4497,#4498);
#4496 = CARTESIAN_POINT('',(46.,-20.,60.));
#4497 = DIRECTION('',(1.,0.,-0.));
#4498 = DIRECTION('',(0.,0.,1.));
#4499 = DEFINITIONAL_REPRESENTATION('',(#4500),#4504);
#4500 = LINE('',#4501,#4502);
#4501 = CARTESIAN_POINT('',(0.,0.));
#4502 = VECTOR('',#4503,1.);
#4503 = DIRECTION('',(1.,0.));
#4504 = ( GEOMETRIC_REPRESENTATION_CONTEXT(2) 
PARAMETRIC_REPRESENTATION_CONTEXT() REPRESENTATION_CONTEXT('2D SPACE',''
  ) );
#4505 = PCURVE('',#4506,#4511);
#4506 = PLANE('',#4507);
#4507 = AXIS2_PLACEMENT_3D('',#4508,#4509,#4510);
#4508 = CARTESIAN_POINT('',(46.,-20.,60.));
#4509 = DIRECTION('',(-0.,1.,0.));
#4510 = DIRECTION('',(0.,0.,1.));
#4511 = DEFINITIONAL_REPRESENTATION('',(#4512),#4516);
#4512 = LINE('',#4513,#4514);
#4513 = CARTESIAN_POINT('',(0.,0.));
#4514 = VECTOR('',#4515,1.);
#4515 = DIRECTION('',(1.,0.));
#4516 = ( GEOMETRIC_REPRESENTATION_CONTEXT(2) 
PARAMETRIC_REPRESENTATION_CONTEXT() REPRESENTATION_CONTEXT('2D SPACE',''
  ) );
#4517 = ORIENTED_EDGE('',*,*,#4518,.T.);
#4518 = EDGE_CURVE('',#4484,#4519,#4521,.T.);
#4519 = VERTEX_POINT('',#4520);
#4520 = CARTESIAN_POINT('',(46.,50.,60.));
#4521 = SURFACE_CURVE('',#4522,(#4526,#4533),.PCURVE_S1.);
#4522 = LINE('',#4523,#4524);
#4523 = CARTESIAN_POINT('',(46.,-20.,60.));
#4524 = VECTOR('',#4525,1.);
#4525 = DIRECTION('',(-0.,1.,0.));
#4526 = PCURVE('',#4494,#4527);
#4527 = DEFINITIONAL_REPRESENTATION('',(#4528),#4532);
#4528 = LINE('',#4529,#4530);
#4529 = CARTESIAN_POINT('',(0.,0.));
#4530 = VECTOR('',#4531,1.);
#4531 = DIRECTION('',(0.,-1.));
#4532 = ( GEOMETRIC_REPRESENTATION_CONTEXT(2) 
PARAMETRIC_REPRESENTATION_CONTEXT() REPRESENTATION_CONTEXT('2D SPACE',''
  ) );
#4533 = PCURVE('',#4534,#4539);
#4534 = PLANE('',#4535);
#4535 = AXIS2_PLACEMENT_3D('',#4536,#4537,#4538);
#4536 = CARTESIAN_POINT('',(46.,-20.,60.));
#4537 = DIRECTION('',(0.,0.,1.));
#4538 = DIRECTION('',(1.,0.,-0.));
#4539 = DEFINITIONAL_REPRESENTATION('',(#4540),#4544);
#4540 = LINE('',#4541,#4542);
#4541 = CARTESIAN_POINT('',(0.,0.));
#4542 = VECTOR('',#4543,1.);
#4543 = DIRECTION('',(0.,1.));
#4544 = ( GEOMETRIC_REPRESENTATION_CONTEXT(2) 
PARAMETRIC_REPRESENTATION_CONTEXT() REPRESENTATION_CONTEXT('2D SPACE',''
  ) );
#4545 = ORIENTED_EDGE('',*,*,#4546,.T.);
#4546 = EDGE_CURVE('',#4519,#4547,#4549,.T.);
#4547 = VERTEX_POINT('',#4548);
#4548 = CARTESIAN_POINT('',(46.,50.,230.00151011402));
#4549 = SURFACE_CURVE('',#4550,(#4554,#4561),.PCURVE_S1.);
#4550 = LINE('',#4551,#4552);
#4551 = CARTESIAN_POINT('',(46.,50.,60.));
#4552 = VECTOR('',#4553,1.);
#4553 = DIRECTION('',(0.,0.,1.));
#4554 = PCURVE('',#4494,#4555);
#4555 = DEFINITIONAL_REPRESENTATION('',(#4556),#4560);
#4556 = LINE('',#4557,#4558);
#4557 = CARTESIAN_POINT('',(0.,-70.));
#4558 = VECTOR('',#4559,1.);
#4559 = DIRECTION('',(1.,0.));
#4560 = ( GEOMETRIC_REPRESENTATION_CONTEXT(2) 
PARAMETRIC_REPRESENTATION_CONTEXT() REPRESENTATION_CONTEXT('2D SPACE',''
  ) );
#4561 = PCURVE('',#4562,#4567);
#4562 = PLANE('',#4563);
#4563 = AXIS2_PLACEMENT_3D('',#4564,#4565,#4566);
#4564 = CARTESIAN_POINT('',(46.,50.,60.));
#4565 = DIRECTION('',(-0.,1.,0.));
#4566 = DIRECTION('',(0.,0.,1.));
#4567 = DEFINITIONAL_REPRESENTATION('',(#4568),#4572);
#4568 = LINE('',#4569,#4570);
#4569 = CARTESIAN_POINT('',(0.,0.));
#4570 = VECTOR('',#4571,1.);
#4571 = DIRECTION('',(1.,0.));
#4572 = ( GEOMETRIC_REPRESENTATION_CONTEXT(2) 
PARAMETRIC_REPRESENTATION_CONTEXT() REPRESENTATION_CONTEXT('2D SPACE',''
  ) );
#4573 = ORIENTED_EDGE('',*,*,#4574,.F.);
#4574 = EDGE_CURVE('',#4486,#4547,#4575,.T.);
#4575 = SURFACE_CURVE('',#4576,(#4580,#4587),.PCURVE_S1.);
#4576 = LINE('',#4577,#4578);
#4577 = CARTESIAN_POINT('',(46.,-21.,230.00151011402));
#4578 = VECTOR('',#4579,1.);
#4579 = DIRECTION('',(0.,1.,0.));
#4580 = PCURVE('',#4494,#4581);
#4581 = DEFINITIONAL_REPRESENTATION('',(#4582),#4586);
#4582 = LINE('',#4583,#4584);
#4583 = CARTESIAN_POINT('',(170.00151011402,1.));
#4584 = VECTOR('',#4585,1.);
#4585 = DIRECTION('',(0.,-1.));
#4586 = ( GEOMETRIC_REPRESENTATION_CONTEXT(2) 
PARAMETRIC_REPRESENTATION_CONTEXT() REPRESENTATION_CONTEXT('2D SPACE',''
  ) );
#4587 = PCURVE('',#4588,#4593);
#4588 = PLANE('',#4589);
#4589 = AXIS2_PLACEMENT_3D('',#4590,#4591,#4592);
#4590 = CARTESIAN_POINT('',(46.,-21.,230.00151011402));
#4591 = DIRECTION('',(0.707106781187,0.,-0.707106781187));
#4592 = DIRECTION('',(0.707106781187,0.,0.707106781187));
#4593 = DEFINITIONAL_REPRESENTATION('',(#4594),#4598);
#4594 = LINE('',#4595,#4596);
#4595 = CARTESIAN_POINT('',(0.,0.));
#4596 = VECTOR('',#4597,1.);
#4597 = DIRECTION('',(0.,-1.));
#4598 = ( GEOMETRIC_REPRESENTATION_CONTEXT(2) 
PARAMETRIC_REPRESENTATION_CONTEXT() REPRESENTATION_CONTEXT('2D SPACE',''
  ) );
#4599 = ADVANCED_FACE('',(#4600),#4506,.F.);
#4600 = FACE_BOUND('',#4601,.F.);
#4601 = EDGE_LOOP('',(#4602,#4632,#4653,#4654,#4675));
#4602 = ORIENTED_EDGE('',*,*,#4603,.F.);
#4603 = EDGE_CURVE('',#4604,#4606,#4608,.T.);
#4604 = VERTEX_POINT('',#4605);
#4605 = CARTESIAN_POINT('',(58.,-20.,60.));
#4606 = VERTEX_POINT('',#4607);
#4607 = CARTESIAN_POINT('',(58.,-20.,240.));
#4608 = SURFACE_CURVE('',#4609,(#4613,#4620),.PCURVE_S1.);
#4609 = LINE('',#4610,#4611);
#4610 = CARTESIAN_POINT('',(58.,-20.,60.));
#4611 = VECTOR('',#4612,1.);
#4612 = DIRECTION('',(0.,0.,1.));
#4613 = PCURVE('',#4506,#4614);
#4614 = DEFINITIONAL_REPRESENTATION('',(#4615),#4619);
#4615 = LINE('',#4616,#4617);
#4616 = CARTESIAN_POINT('',(0.,12.));
#4617 = VECTOR('',#4618,1.);
#4618 = DIRECTION('',(1.,0.));
#4619 = ( GEOMETRIC_REPRESENTATION_CONTEXT(2) 
PARAMETRIC_REPRESENTATION_CONTEXT() REPRESENTATION_CONTEXT('2D SPACE',''
  ) );
#4620 = PCURVE('',#4621,#4626);
#4621 = PLANE('',#4622);
#4622 = AXIS2_PLACEMENT_3D('',#4623,#4624,#4625);
#4623 = CARTESIAN_POINT('',(58.,-20.,60.));
#4624 = DIRECTION('',(1.,0.,-0.));
#4625 = DIRECTION('',(0.,0.,1.));
#4626 = DEFINITIONAL_REPRESENTATION('',(#4627),#4631);
#4627 = LINE('',#4628,#4629);
#4628 = CARTESIAN_POINT('',(0.,0.));
#4629 = VECTOR('',#4630,1.);
#4630 = DIRECTION('',(1.,0.));
#4631 = ( GEOMETRIC_REPRESENTATION_CONTEXT(2) 
PARAMETRIC_REPRESENTATION_CONTEXT() REPRESENTATION_CONTEXT('2D SPACE',''
  ) );
#4632 = ORIENTED_EDGE('',*,*,#4633,.F.);
#4633 = EDGE_CURVE('',#4484,#4604,#4634,.T.);
#4634 = SURFACE_CURVE('',#4635,(#4639,#4646),.PCURVE_S1.);
#4635 = LINE('',#4636,#4637);
#4636 = CARTESIAN_POINT('',(46.,-20.,60.));
#4637 = VECTOR('',#4638,1.);
#4638 = DIRECTION('',(1.,0.,-0.));
#4639 = PCURVE('',#4506,#4640);
#4640 = DEFINITIONAL_REPRESENTATION('',(#4641),#4645);
#4641 = LINE('',#4642,#4643);
#4642 = CARTESIAN_POINT('',(0.,0.));
#4643 = VECTOR('',#4644,1.);
#4644 = DIRECTION('',(0.,1.));
#4645 = ( GEOMETRIC_REPRESENTATION_CONTEXT(2) 
PARAMETRIC_REPRESENTATION_CONTEXT() REPRESENTATION_CONTEXT('2D SPACE',''
  ) );
#4646 = PCURVE('',#4534,#4647);
#4647 = DEFINITIONAL_REPRESENTATION('',(#4648),#4652);
#4648 = LINE('',#4649,#4650);
#4649 = CARTESIAN_POINT('',(0.,0.));
#4650 = VECTOR('',#4651,1.);
#4651 = DIRECTION('',(1.,0.));
#4652 = ( GEOMETRIC_REPRESENTATION_CONTEXT(2) 
PARAMETRIC_REPRESENTATION_CONTEXT() REPRESENTATION_CONTEXT('2D SPACE',''
  ) );
#4653 = ORIENTED_EDGE('',*,*,#4483,.T.);
#4654 = ORIENTED_EDGE('',*,*,#4655,.F.);
#4655 = EDGE_CURVE('',#4656,#4486,#4658,.T.);
#4656 = VERTEX_POINT('',#4657);
#4657 = CARTESIAN_POINT('',(55.998489885978,-20.,240.));
#4658 = SURFACE_CURVE('',#4659,(#4663,#4669),.PCURVE_S1.);
#4659 = LINE('',#4660,#4661);
#4660 = CARTESIAN_POINT('',(3.499622471494,-20.,187.50113258551));
#4661 = VECTOR('',#4662,1.);
#4662 = DIRECTION('',(-0.707106781187,0.,-0.707106781187));
#4663 = PCURVE('',#4506,#4664);
#4664 = DEFINITIONAL_REPRESENTATION('',(#4665),#4668);
#4665 = B_SPLINE_CURVE_WITH_KNOTS('',1,(#4666,#4667),.UNSPECIFIED.,.F.,
  .F.,(2,2),(-74.24461030678,-60.10461030678),.PIECEWISE_BEZIER_KNOTS.);
#4666 = CARTESIAN_POINT('',(180.,9.998489885978));
#4667 = CARTESIAN_POINT('',(170.00151011402,-7.105427357601E-15));
#4668 = ( GEOMETRIC_REPRESENTATION_CONTEXT(2) 
PARAMETRIC_REPRESENTATION_CONTEXT() REPRESENTATION_CONTEXT('2D SPACE',''
  ) );
#4669 = PCURVE('',#4588,#4670);
#4670 = DEFINITIONAL_REPRESENTATION('',(#4671),#4674);
#4671 = B_SPLINE_CURVE_WITH_KNOTS('',1,(#4672,#4673),.UNSPECIFIED.,.F.,
  .F.,(2,2),(-74.24461030678,-60.10461030678),.PIECEWISE_BEZIER_KNOTS.);
#4672 = CARTESIAN_POINT('',(14.14,-1.));
#4673 = CARTESIAN_POINT('',(0.,-1.));
#4674 = ( GEOMETRIC_REPRESENTATION_CONTEXT(2) 
PARAMETRIC_REPRESENTATION_CONTEXT() REPRESENTATION_CONTEXT('2D SPACE',''
  ) );
#4675 = ORIENTED_EDGE('',*,*,#4676,.T.);
#4676 = EDGE_CURVE('',#4656,#4606,#4677,.T.);
#4677 = SURFACE_CURVE('',#4678,(#4682,#4689),.PCURVE_S1.);
#4678 = LINE('',#4679,#4680);
#4679 = CARTESIAN_POINT('',(46.,-20.,240.));
#4680 = VECTOR('',#4681,1.);
#4681 = DIRECTION('',(1.,0.,-0.));
#4682 = PCURVE('',#4506,#4683);
#4683 = DEFINITIONAL_REPRESENTATION('',(#4684),#4688);
#4684 = LINE('',#4685,#4686);
#4685 = CARTESIAN_POINT('',(180.,0.));
#4686 = VECTOR('',#4687,1.);
#4687 = DIRECTION('',(0.,1.));
#4688 = ( GEOMETRIC_REPRESENTATION_CONTEXT(2) 
PARAMETRIC_REPRESENTATION_CONTEXT() REPRESENTATION_CONTEXT('2D SPACE',''
  ) );
#4689 = PCURVE('',#4690,#4695);
#4690 = PLANE('',#4691);
#4691 = AXIS2_PLACEMENT_3D('',#4692,#4693,#4694);
#4692 = CARTESIAN_POINT('',(46.,-20.,240.));
#4693 = DIRECTION('',(0.,0.,1.));
#4694 = DIRECTION('',(1.,0.,-0.));
#4695 = DEFINITIONAL_REPRESENTATION('',(#4696),#4700);
#4696 = LINE('',#4697,#4698);
#4697 = CARTESIAN_POINT('',(0.,0.));
#4698 = VECTOR('',#4699,1.);
#4699 = DIRECTION('',(1.,0.));
#4700 = ( GEOMETRIC_REPRESENTATION_CONTEXT(2) 
PARAMETRIC_REPRESENTATION_CONTEXT() REPRESENTATION_CONTEXT('2D SPACE',''
  ) );
#4701 = ADVANCED_FACE('',(#4702),#4588,.F.);
#4702 = FACE_BOUND('',#4703,.F.);
#4703 = EDGE_LOOP('',(#4704,#4727,#4728,#4729));
#4704 = ORIENTED_EDGE('',*,*,#4705,.F.);
#4705 = EDGE_CURVE('',#4656,#4706,#4708,.T.);
#4706 = VERTEX_POINT('',#4707);
#4707 = CARTESIAN_POINT('',(55.998489885978,50.,240.));
#4708 = SURFACE_CURVE('',#4709,(#4713,#4720),.PCURVE_S1.);
#4709 = LINE('',#4710,#4711);
#4710 = CARTESIAN_POINT('',(55.998489885978,-21.,240.));
#4711 = VECTOR('',#4712,1.);
#4712 = DIRECTION('',(0.,1.,0.));
#4713 = PCURVE('',#4588,#4714);
#4714 = DEFINITIONAL_REPRESENTATION('',(#4715),#4719);
#4715 = LINE('',#4716,#4717);
#4716 = CARTESIAN_POINT('',(14.14,0.));
#4717 = VECTOR('',#4718,1.);
#4718 = DIRECTION('',(0.,-1.));
#4719 = ( GEOMETRIC_REPRESENTATION_CONTEXT(2) 
PARAMETRIC_REPRESENTATION_CONTEXT() REPRESENTATION_CONTEXT('2D SPACE',''
  ) );
#4720 = PCURVE('',#4690,#4721);
#4721 = DEFINITIONAL_REPRESENTATION('',(#4722),#4726);
#4722 = LINE('',#4723,#4724);
#4723 = CARTESIAN_POINT('',(9.998489885978,-1.));
#4724 = VECTOR('',#4725,1.);
#4725 = DIRECTION('',(0.,1.));
#4726 = ( GEOMETRIC_REPRESENTATION_CONTEXT(2) 
PARAMETRIC_REPRESENTATION_CONTEXT() REPRESENTATION_CONTEXT('2D SPACE',''
  ) );
#4727 = ORIENTED_EDGE('',*,*,#4655,.T.);
#4728 = ORIENTED_EDGE('',*,*,#4574,.T.);
#4729 = ORIENTED_EDGE('',*,*,#4730,.F.);
#4730 = EDGE_CURVE('',#4706,#4547,#4731,.T.);
#4731 = SURFACE_CURVE('',#4732,(#4736,#4742),.PCURVE_S1.);
#4732 = LINE('',#4733,#4734);
#4733 = CARTESIAN_POINT('',(3.499622471494,50.,187.50113258551));
#4734 = VECTOR('',#4735,1.);
#4735 = DIRECTION('',(-0.707106781187,0.,-0.707106781187));
#4736 = PCURVE('',#4588,#4737);
#4737 = DEFINITIONAL_REPRESENTATION('',(#4738),#4741);
#4738 = B_SPLINE_CURVE_WITH_KNOTS('',1,(#4739,#4740),.UNSPECIFIED.,.F.,
  .F.,(2,2),(-74.24461030678,-60.10461030678),.PIECEWISE_BEZIER_KNOTS.);
#4739 = CARTESIAN_POINT('',(14.14,-71.));
#4740 = CARTESIAN_POINT('',(0.,-71.));
#4741 = ( GEOMETRIC_REPRESENTATION_CONTEXT(2) 
PARAMETRIC_REPRESENTATION_CONTEXT() REPRESENTATION_CONTEXT('2D SPACE',''
  ) );
#4742 = PCURVE('',#4562,#4743);
#4743 = DEFINITIONAL_REPRESENTATION('',(#4744),#4747);
#4744 = B_SPLINE_CURVE_WITH_KNOTS('',1,(#4745,#4746),.UNSPECIFIED.,.F.,
  .F.,(2,2),(-74.24461030678,-60.10461030678),.PIECEWISE_BEZIER_KNOTS.);
#4745 = CARTESIAN_POINT('',(180.,9.998489885978));
#4746 = CARTESIAN_POINT('',(170.00151011402,-7.105427357601E-15));
#4747 = ( GEOMETRIC_REPRESENTATION_CONTEXT(2) 
PARAMETRIC_REPRESENTATION_CONTEXT() REPRESENTATION_CONTEXT('2D SPACE',''
  ) );
#4748 = ADVANCED_FACE('',(#4749,#4820,#4855),#4562,.T.);
#4749 = FACE_BOUND('',#4750,.T.);
#4750 = EDGE_LOOP('',(#4751,#4776,#4797,#4798,#4799));
#4751 = ORIENTED_EDGE('',*,*,#4752,.F.);
#4752 = EDGE_CURVE('',#4753,#4755,#4757,.T.);
#4753 = VERTEX_POINT('',#4754);
#4754 = CARTESIAN_POINT('',(58.,50.,60.));
#4755 = VERTEX_POINT('',#4756);
#4756 = CARTESIAN_POINT('',(58.,50.,240.));
#4757 = SURFACE_CURVE('',#4758,(#4762,#4769),.PCURVE_S1.);
#4758 = LINE('',#4759,#4760);
#4759 = CARTESIAN_POINT('',(58.,50.,60.));
#4760 = VECTOR('',#4761,1.);
#4761 = DIRECTION('',(0.,0.,1.));
#4762 = PCURVE('',#4562,#4763);
#4763 = DEFINITIONAL_REPRESENTATION('',(#4764),#4768);
#4764 = LINE('',#4765,#4766);
#4765 = CARTESIAN_POINT('',(0.,12.));
#4766 = VECTOR('',#4767,1.);
#4767 = DIRECTION('',(1.,0.));
#4768 = ( GEOMETRIC_REPRESENTATION_CONTEXT(2) 
PARAMETRIC_REPRESENTATION_CONTEXT() REPRESENTATION_CONTEXT('2D SPACE',''
  ) );
#4769 = PCURVE('',#4621,#4770);
#4770 = DEFINITIONAL_REPRESENTATION('',(#4771),#4775);
#4771 = LINE('',#4772,#4773);
#4772 = CARTESIAN_POINT('',(0.,-70.));
#4773 = VECTOR('',#4774,1.);
#4774 = DIRECTION('',(1.,0.));
#4775 = ( GEOMETRIC_REPRESENTATION_CONTEXT(2) 
PARAMETRIC_REPRESENTATION_CONTEXT() REPRESENTATION_CONTEXT('2D SPACE',''
  ) );
#4776 = ORIENTED_EDGE('',*,*,#4777,.F.);
#4777 = EDGE_CURVE('',#4519,#4753,#4778,.T.);
#4778 = SURFACE_CURVE('',#4779,(#4783,#4790),.PCURVE_S1.);
#4779 = LINE('',#4780,#4781);
#4780 = CARTESIAN_POINT('',(46.,50.,60.));
#4781 = VECTOR('',#4782,1.);
#4782 = DIRECTION('',(1.,0.,-0.));
#4783 = PCURVE('',#4562,#4784);
#4784 = DEFINITIONAL_REPRESENTATION('',(#4785),#4789);
#4785 = LINE('',#4786,#4787);
#4786 = CARTESIAN_POINT('',(0.,0.));
#4787 = VECTOR('',#4788,1.);
#4788 = DIRECTION('',(0.,1.));
#4789 = ( GEOMETRIC_REPRESENTATION_CONTEXT(2) 
PARAMETRIC_REPRESENTATION_CONTEXT() REPRESENTATION_CONTEXT('2D SPACE',''
  ) );
#4790 = PCURVE('',#4534,#4791);
#4791 = DEFINITIONAL_REPRESENTATION('',(#4792),#4796);
#4792 = LINE('',#4793,#4794);
#4793 = CARTESIAN_POINT('',(0.,70.));
#4794 = VECTOR('',#4795,1.);
#4795 = DIRECTION('',(1.,0.));
#4796 = ( GEOMETRIC_REPRESENTATION_CONTEXT(2) 
PARAMETRIC_REPRESENTATION_CONTEXT() REPRESENTATION_CONTEXT('2D SPACE',''
  ) );
#4797 = ORIENTED_EDGE('',*,*,#4546,.T.);
#4798 = ORIENTED_EDGE('',*,*,#4730,.F.);
#4799 = ORIENTED_EDGE('',*,*,#4800,.T.);
#4800 = EDGE_CURVE('',#4706,#4755,#4801,.T.);
#4801 = SURFACE_CURVE('',#4802,(#4806,#4813),.PCURVE_S1.);
#4802 = LINE('',#4803,#4804);
#4803 = CARTESIAN_POINT('',(46.,50.,240.));
#4804 = VECTOR('',#4805,1.);
#4805 = DIRECTION('',(1.,0.,-0.));
#4806 = PCURVE('',#4562,#4807);
#4807 = DEFINITIONAL_REPRESENTATION('',(#4808),#4812);
#4808 = LINE('',#4809,#4810);
#4809 = CARTESIAN_POINT('',(180.,0.));
#4810 = VECTOR('',#4811,1.);
#4811 = DIRECTION('',(0.,1.));
#4812 = ( GEOMETRIC_REPRESENTATION_CONTEXT(2) 
PARAMETRIC_REPRESENTATION_CONTEXT() REPRESENTATION_CONTEXT('2D SPACE',''
  ) );
#4813 = PCURVE('',#4690,#4814);
#4814 = DEFINITIONAL_REPRESENTATION('',(#4815),#4819);
#4815 = LINE('',#4816,#4817);
#4816 = CARTESIAN_POINT('',(0.,70.));
#4817 = VECTOR('',#4818,1.);
#4818 = DIRECTION('',(1.,0.));
#4819 = ( GEOMETRIC_REPRESENTATION_CONTEXT(2) 
PARAMETRIC_REPRESENTATION_CONTEXT() REPRESENTATION_CONTEXT('2D SPACE',''
  ) );
#4820 = FACE_BOUND('',#4821,.T.);
#4821 = EDGE_LOOP('',(#4822));
#4822 = ORIENTED_EDGE('',*,*,#4823,.T.);
#4823 = EDGE_CURVE('',#4824,#4824,#4826,.T.);
#4824 = VERTEX_POINT('',#4825);
#4825 = CARTESIAN_POINT('',(54.,50.,100.));
#4826 = SURFACE_CURVE('',#4827,(#4832,#4843),.PCURVE_S1.);
#4827 = CIRCLE('',#4828,2.);
#4828 = AXIS2_PLACEMENT_3D('',#4829,#4830,#4831);
#4829 = CARTESIAN_POINT('',(52.,50.,100.));
#4830 = DIRECTION('',(0.,-1.,2.22044604925E-16));
#4831 = DIRECTION('',(1.,0.,0.));
#4832 = PCURVE('',#4562,#4833);
#4833 = DEFINITIONAL_REPRESENTATION('',(#4834),#4842);
#4834 = ( BOUNDED_CURVE() B_SPLINE_CURVE(2,(#4835,#4836,#4837,#4838,
#4839,#4840,#4841),.UNSPECIFIED.,.T.,.F.) B_SPLINE_CURVE_WITH_KNOTS((1,2
    ,2,2,2,1),(-2.094395102393,0.,2.094395102393,4.188790204786,
6.28318530718,8.377580409573),.UNSPECIFIED.) CURVE() 
GEOMETRIC_REPRESENTATION_ITEM() RATIONAL_B_SPLINE_CURVE((1.,0.5,1.,0.5,
1.,0.5,1.)) REPRESENTATION_ITEM('') );
#4835 = CARTESIAN_POINT('',(40.,8.));
#4836 = CARTESIAN_POINT('',(43.464101615138,8.));
#4837 = CARTESIAN_POINT('',(41.732050807569,5.));
#4838 = CARTESIAN_POINT('',(40.,2.));
#4839 = CARTESIAN_POINT('',(38.267949192431,5.));
#4840 = CARTESIAN_POINT('',(36.535898384862,8.));
#4841 = CARTESIAN_POINT('',(40.,8.));
#4842 = ( GEOMETRIC_REPRESENTATION_CONTEXT(2) 
PARAMETRIC_REPRESENTATION_CONTEXT() REPRESENTATION_CONTEXT('2D SPACE',''
  ) );
#4843 = PCURVE('',#4844,#4849);
#4844 = CYLINDRICAL_SURFACE('',#4845,2.);
#4845 = AXIS2_PLACEMENT_3D('',#4846,#4847,#4848);
#4846 = CARTESIAN_POINT('',(52.,51.,100.));
#4847 = DIRECTION('',(0.,-1.,2.22044604925E-16));
#4848 = DIRECTION('',(1.,0.,0.));
#4849 = DEFINITIONAL_REPRESENTATION('',(#4850),#4854);
#4850 = LINE('',#4851,#4852);
#4851 = CARTESIAN_POINT('',(0.,1.));
#4852 = VECTOR('',#4853,1.);
#4853 = DIRECTION('',(1.,0.));
#4854 = ( GEOMETRIC_REPRESENTATION_CONTEXT(2) 
PARAMETRIC_REPRESENTATION_CONTEXT() REPRESENTATION_CONTEXT('2D SPACE',''
  ) );
#4855 = FACE_BOUND('',#4856,.T.);
#4856 = EDGE_LOOP('',(#4857));
#4857 = ORIENTED_EDGE('',*,*,#4858,.T.);
#4858 = EDGE_CURVE('',#4859,#4859,#4861,.T.);
#4859 = VERTEX_POINT('',#4860);
#4860 = CARTESIAN_POINT('',(54.,50.,200.));
#4861 = SURFACE_CURVE('',#4862,(#4867,#4878),.PCURVE_S1.);
#4862 = CIRCLE('',#4863,2.);
#4863 = AXIS2_PLACEMENT_3D('',#4864,#4865,#4866);
#4864 = CARTESIAN_POINT('',(52.,50.,200.));
#4865 = DIRECTION('',(0.,-1.,2.22044604925E-16));
#4866 = DIRECTION('',(1.,0.,0.));
#4867 = PCURVE('',#4562,#4868);
#4868 = DEFINITIONAL_REPRESENTATION('',(#4869),#4877);
#4869 = ( BOUNDED_CURVE() B_SPLINE_CURVE(2,(#4870,#4871,#4872,#4873,
#4874,#4875,#4876),.UNSPECIFIED.,.T.,.F.) B_SPLINE_CURVE_WITH_KNOTS((1,2
    ,2,2,2,1),(-2.094395102393,0.,2.094395102393,4.188790204786,
6.28318530718,8.377580409573),.UNSPECIFIED.) CURVE() 
GEOMETRIC_REPRESENTATION_ITEM() RATIONAL_B_SPLINE_CURVE((1.,0.5,1.,0.5,
1.,0.5,1.)) REPRESENTATION_ITEM('') );
#4870 = CARTESIAN_POINT('',(140.,8.));
#4871 = CARTESIAN_POINT('',(143.46410161513,8.));
#4872 = CARTESIAN_POINT('',(141.73205080756,5.));
#4873 = CARTESIAN_POINT('',(140.,2.));
#4874 = CARTESIAN_POINT('',(138.26794919243,5.));
#4875 = CARTESIAN_POINT('',(136.53589838486,8.));
#4876 = CARTESIAN_POINT('',(140.,8.));
#4877 = ( GEOMETRIC_REPRESENTATION_CONTEXT(2) 
PARAMETRIC_REPRESENTATION_CONTEXT() REPRESENTATION_CONTEXT('2D SPACE',''
  ) );
#4878 = PCURVE('',#4879,#4884);
#4879 = CYLINDRICAL_SURFACE('',#4880,2.);
#4880 = AXIS2_PLACEMENT_3D('',#4881,#4882,#4883);
#4881 = CARTESIAN_POINT('',(52.,51.,200.));
#4882 = DIRECTION('',(0.,-1.,2.22044604925E-16));
#4883 = DIRECTION('',(1.,0.,0.));
#4884 = DEFINITIONAL_REPRESENTATION('',(#4885),#4889);
#4885 = LINE('',#4886,#4887);
#4886 = CARTESIAN_POINT('',(0.,1.));
#4887 = VECTOR('',#4888,1.);
#4888 = DIRECTION('',(1.,0.));
#4889 = ( GEOMETRIC_REPRESENTATION_CONTEXT(2) 
PARAMETRIC_REPRESENTATION_CONTEXT() REPRESENTATION_CONTEXT('2D SPACE',''
  ) );
#4890 = ADVANCED_FACE('',(#4891),#4534,.F.);
#4891 = FACE_BOUND('',#4892,.F.);
#4892 = EDGE_LOOP('',(#4893,#4894,#4895,#4916));
#4893 = ORIENTED_EDGE('',*,*,#4518,.F.);
#4894 = ORIENTED_EDGE('',*,*,#4633,.T.);
#4895 = ORIENTED_EDGE('',*,*,#4896,.T.);
#4896 = EDGE_CURVE('',#4604,#4753,#4897,.T.);
#4897 = SURFACE_CURVE('',#4898,(#4902,#4909),.PCURVE_S1.);
#4898 = LINE('',#4899,#4900);
#4899 = CARTESIAN_POINT('',(58.,-20.,60.));
#4900 = VECTOR('',#4901,1.);
#4901 = DIRECTION('',(-0.,1.,0.));
#4902 = PCURVE('',#4534,#4903);
#4903 = DEFINITIONAL_REPRESENTATION('',(#4904),#4908);
#4904 = LINE('',#4905,#4906);
#4905 = CARTESIAN_POINT('',(12.,0.));
#4906 = VECTOR('',#4907,1.);
#4907 = DIRECTION('',(0.,1.));
#4908 = ( GEOMETRIC_REPRESENTATION_CONTEXT(2) 
PARAMETRIC_REPRESENTATION_CONTEXT() REPRESENTATION_CONTEXT('2D SPACE',''
  ) );
#4909 = PCURVE('',#4621,#4910);
#4910 = DEFINITIONAL_REPRESENTATION('',(#4911),#4915);
#4911 = LINE('',#4912,#4913);
#4912 = CARTESIAN_POINT('',(0.,0.));
#4913 = VECTOR('',#4914,1.);
#4914 = DIRECTION('',(0.,-1.));
#4915 = ( GEOMETRIC_REPRESENTATION_CONTEXT(2) 
PARAMETRIC_REPRESENTATION_CONTEXT() REPRESENTATION_CONTEXT('2D SPACE',''
  ) );
#4916 = ORIENTED_EDGE('',*,*,#4777,.F.);
#4917 = ADVANCED_FACE('',(#4918),#4621,.T.);
#4918 = FACE_BOUND('',#4919,.T.);
#4919 = EDGE_LOOP('',(#4920,#4921,#4922,#4923));
#4920 = ORIENTED_EDGE('',*,*,#4603,.F.);
#4921 = ORIENTED_EDGE('',*,*,#4896,.T.);
#4922 = ORIENTED_EDGE('',*,*,#4752,.T.);
#4923 = ORIENTED_EDGE('',*,*,#4924,.F.);
#4924 = EDGE_CURVE('',#4606,#4755,#4925,.T.);
#4925 = SURFACE_CURVE('',#4926,(#4930,#4937),.PCURVE_S1.);
#4926 = LINE('',#4927,#4928);
#4927 = CARTESIAN_POINT('',(58.,-20.,240.));
#4928 = VECTOR('',#4929,1.);
#4929 = DIRECTION('',(-0.,1.,0.));
#4930 = PCURVE('',#4621,#4931);
#4931 = DEFINITIONAL_REPRESENTATION('',(#4932),#4936);
#4932 = LINE('',#4933,#4934);
#4933 = CARTESIAN_POINT('',(180.,0.));
#4934 = VECTOR('',#4935,1.);
#4935 = DIRECTION('',(0.,-1.));
#4936 = ( GEOMETRIC_REPRESENTATION_CONTEXT(2) 
PARAMETRIC_REPRESENTATION_CONTEXT() REPRESENTATION_CONTEXT('2D SPACE',''
  ) );
#4937 = PCURVE('',#4690,#4938);
#4938 = DEFINITIONAL_REPRESENTATION('',(#4939),#4943);
#4939 = LINE('',#4940,#4941);
#4940 = CARTESIAN_POINT('',(12.,0.));
#4941 = VECTOR('',#4942,1.);
#4942 = DIRECTION('',(0.,1.));
#4943 = ( GEOMETRIC_REPRESENTATION_CONTEXT(2) 
PARAMETRIC_REPRESENTATION_CONTEXT() REPRESENTATION_CONTEXT('2D SPACE',''
  ) );
#4944 = ADVANCED_FACE('',(#4945),#4690,.T.);
#4945 = FACE_BOUND('',#4946,.T.);
#4946 = EDGE_LOOP('',(#4947,#4948,#4949,#4950));
#4947 = ORIENTED_EDGE('',*,*,#4800,.F.);
#4948 = ORIENTED_EDGE('',*,*,#4705,.F.);
#4949 = ORIENTED_EDGE('',*,*,#4676,.T.);
#4950 = ORIENTED_EDGE('',*,*,#4924,.T.);
#4951 = ADVANCED_FACE('',(#4952),#4844,.F.);
#4952 = FACE_BOUND('',#4953,.F.);
#4953 = EDGE_LOOP('',(#4954,#4977,#5004,#5005));
#4954 = ORIENTED_EDGE('',*,*,#4955,.T.);
#4955 = EDGE_CURVE('',#4824,#4956,#4958,.T.);
#4956 = VERTEX_POINT('',#4957);
#4957 = CARTESIAN_POINT('',(54.,38.,100.));
#4958 = SEAM_CURVE('',#4959,(#4963,#4970),.PCURVE_S1.);
#4959 = LINE('',#4960,#4961);
#4960 = CARTESIAN_POINT('',(54.,51.,100.));
#4961 = VECTOR('',#4962,1.);
#4962 = DIRECTION('',(0.,-1.,2.22044604925E-16));
#4963 = PCURVE('',#4844,#4964);
#4964 = DEFINITIONAL_REPRESENTATION('',(#4965),#4969);
#4965 = LINE('',#4966,#4967);
#4966 = CARTESIAN_POINT('',(6.28318530718,-0.));
#4967 = VECTOR('',#4968,1.);
#4968 = DIRECTION('',(0.,1.));
#4969 = ( GEOMETRIC_REPRESENTATION_CONTEXT(2) 
PARAMETRIC_REPRESENTATION_CONTEXT() REPRESENTATION_CONTEXT('2D SPACE',''
  ) );
#4970 = PCURVE('',#4844,#4971);
#4971 = DEFINITIONAL_REPRESENTATION('',(#4972),#4976);
#4972 = LINE('',#4973,#4974);
#4973 = CARTESIAN_POINT('',(0.,-0.));
#4974 = VECTOR('',#4975,1.);
#4975 = DIRECTION('',(0.,1.));
#4976 = ( GEOMETRIC_REPRESENTATION_CONTEXT(2) 
PARAMETRIC_REPRESENTATION_CONTEXT() REPRESENTATION_CONTEXT('2D SPACE',''
  ) );
#4977 = ORIENTED_EDGE('',*,*,#4978,.F.);
#4978 = EDGE_CURVE('',#4956,#4956,#4979,.T.);
#4979 = SURFACE_CURVE('',#4980,(#4985,#4992),.PCURVE_S1.);
#4980 = CIRCLE('',#4981,2.);
#4981 = AXIS2_PLACEMENT_3D('',#4982,#4983,#4984);
#4982 = CARTESIAN_POINT('',(52.,38.,100.));
#4983 = DIRECTION('',(0.,-1.,2.22044604925E-16));
#4984 = DIRECTION('',(1.,0.,0.));
#4985 = PCURVE('',#4844,#4986);
#4986 = DEFINITIONAL_REPRESENTATION('',(#4987),#4991);
#4987 = LINE('',#4988,#4989);
#4988 = CARTESIAN_POINT('',(0.,13.));
#4989 = VECTOR('',#4990,1.);
#4990 = DIRECTION('',(1.,0.));
#4991 = ( GEOMETRIC_REPRESENTATION_CONTEXT(2) 
PARAMETRIC_REPRESENTATION_CONTEXT() REPRESENTATION_CONTEXT('2D SPACE',''
  ) );
#4992 = PCURVE('',#4993,#4998);
#4993 = PLANE('',#4994);
#4994 = AXIS2_PLACEMENT_3D('',#4995,#4996,#4997);
#4995 = CARTESIAN_POINT('',(52.,38.,100.));
#4996 = DIRECTION('',(0.,-1.,2.22044604925E-16));
#4997 = DIRECTION('',(1.,0.,0.));
#4998 = DEFINITIONAL_REPRESENTATION('',(#4999),#5003);
#4999 = CIRCLE('',#5000,2.);
#5000 = AXIS2_PLACEMENT_2D('',#5001,#5002);
#5001 = CARTESIAN_POINT('',(0.,0.));
#5002 = DIRECTION('',(1.,0.));
#5003 = ( GEOMETRIC_REPRESENTATION_CONTEXT(2) 
PARAMETRIC_REPRESENTATION_CONTEXT() REPRESENTATION_CONTEXT('2D SPACE',''
  ) );
#5004 = ORIENTED_EDGE('',*,*,#4955,.F.);
#5005 = ORIENTED_EDGE('',*,*,#4823,.T.);
#5006 = ADVANCED_FACE('',(#5007),#4879,.F.);
#5007 = FACE_BOUND('',#5008,.F.);
#5008 = EDGE_LOOP('',(#5009,#5032,#5059,#5060));
#5009 = ORIENTED_EDGE('',*,*,#5010,.T.);
#5010 = EDGE_CURVE('',#4859,#5011,#5013,.T.);
#5011 = VERTEX_POINT('',#5012);
#5012 = CARTESIAN_POINT('',(54.,38.,200.));
#5013 = SEAM_CURVE('',#5014,(#5018,#5025),.PCURVE_S1.);
#5014 = LINE('',#5015,#5016);
#5015 = CARTESIAN_POINT('',(54.,51.,200.));
#5016 = VECTOR('',#5017,1.);
#5017 = DIRECTION('',(0.,-1.,2.22044604925E-16));
#5018 = PCURVE('',#4879,#5019);
#5019 = DEFINITIONAL_REPRESENTATION('',(#5020),#5024);
#5020 = LINE('',#5021,#5022);
#5021 = CARTESIAN_POINT('',(6.28318530718,-0.));
#5022 = VECTOR('',#5023,1.);
#5023 = DIRECTION('',(0.,1.));
#5024 = ( GEOMETRIC_REPRESENTATION_CONTEXT(2) 
PARAMETRIC_REPRESENTATION_CONTEXT() REPRESENTATION_CONTEXT('2D SPACE',''
  ) );
#5025 = PCURVE('',#4879,#5026);
#5026 = DEFINITIONAL_REPRESENTATION('',(#5027),#5031);
#5027 = LINE('',#5028,#5029);
#5028 = CARTESIAN_POINT('',(0.,-0.));
#5029 = VECTOR('',#5030,1.);
#5030 = DIRECTION('',(0.,1.));
#5031 = ( GEOMETRIC_REPRESENTATION_CONTEXT(2) 
PARAMETRIC_REPRESENTATION_CONTEXT() REPRESENTATION_CONTEXT('2D SPACE',''
  ) );
#5032 = ORIENTED_EDGE('',*,*,#5033,.F.);
#5033 = EDGE_CURVE('',#5011,#5011,#5034,.T.);
#5034 = SURFACE_CURVE('',#5035,(#5040,#5047),.PCURVE_S1.);
#5035 = CIRCLE('',#5036,2.);
#5036 = AXIS2_PLACEMENT_3D('',#5037,#5038,#5039);
#5037 = CARTESIAN_POINT('',(52.,38.,200.));
#5038 = DIRECTION('',(0.,-1.,2.22044604925E-16));
#5039 = DIRECTION('',(1.,0.,0.));
#5040 = PCURVE('',#4879,#5041);
#5041 = DEFINITIONAL_REPRESENTATION('',(#5042),#5046);
#5042 = LINE('',#5043,#5044);
#5043 = CARTESIAN_POINT('',(0.,13.));
#5044 = VECTOR('',#5045,1.);
#5045 = DIRECTION('',(1.,0.));
#5046 = ( GEOMETRIC_REPRESENTATION_CONTEXT(2) 
PARAMETRIC_REPRESENTATION_CONTEXT() REPRESENTATION_CONTEXT('2D SPACE',''
  ) );
#5047 = PCURVE('',#5048,#5053);
#5048 = PLANE('',#5049);
#5049 = AXIS2_PLACEMENT_3D('',#5050,#5051,#5052);
#5050 = CARTESIAN_POINT('',(52.,38.,200.));
#5051 = DIRECTION('',(0.,-1.,2.22044604925E-16));
#5052 = DIRECTION('',(1.,0.,0.));
#5053 = DEFINITIONAL_REPRESENTATION('',(#5054),#5058);
#5054 = CIRCLE('',#5055,2.);
#5055 = AXIS2_PLACEMENT_2D('',#5056,#5057);
#5056 = CARTESIAN_POINT('',(0.,0.));
#5057 = DIRECTION('',(1.,0.));
#5058 = ( GEOMETRIC_REPRESENTATION_CONTEXT(2) 
PARAMETRIC_REPRESENTATION_CONTEXT() REPRESENTATION_CONTEXT('2D SPACE',''
  ) );
#5059 = ORIENTED_EDGE('',*,*,#5010,.F.);
#5060 = ORIENTED_EDGE('',*,*,#4858,.T.);
#5061 = ADVANCED_FACE('',(#5062),#4993,.F.);
#5062 = FACE_BOUND('',#5063,.F.);
#5063 = EDGE_LOOP('',(#5064));
#5064 = ORIENTED_EDGE('',*,*,#4978,.T.);
#5065 = ADVANCED_FACE('',(#5066),#5048,.F.);
#5066 = FACE_BOUND('',#5067,.F.);
#5067 = EDGE_LOOP('',(#5068));
#5068 = ORIENTED_EDGE('',*,*,#5033,.T.);
#5069 = MANIFOLD_SOLID_BREP('',#5070);
#5070 = CLOSED_SHELL('',(#5071,#5191,#5267,#5316,#5435,#5462,#5469,#5524
    ,#5579,#5583));
#5071 = ADVANCED_FACE('',(#5072),#5086,.F.);
#5072 = FACE_BOUND('',#5073,.F.);
#5073 = EDGE_LOOP('',(#5074,#5109,#5137,#5165));
#5074 = ORIENTED_EDGE('',*,*,#5075,.F.);
#5075 = EDGE_CURVE('',#5076,#5078,#5080,.T.);
#5076 = VERTEX_POINT('',#5077);
#5077 = CARTESIAN_POINT('',(-25.,42.,368.));
#5078 = VERTEX_POINT('',#5079);
#5079 = CARTESIAN_POINT('',(-25.,42.,380.));
#5080 = SURFACE_CURVE('',#5081,(#5085,#5097),.PCURVE_S1.);
#5081 = LINE('',#5082,#5083);
#5082 = CARTESIAN_POINT('',(-25.,42.,368.));
#5083 = VECTOR('',#5084,1.);
#5084 = DIRECTION('',(0.,0.,1.));
#5085 = PCURVE('',#5086,#5091);
#5086 = PLANE('',#5087);
#5087 = AXIS2_PLACEMENT_3D('',#5088,#5089,#5090);
#5088 = CARTESIAN_POINT('',(-25.,42.,368.));
#5089 = DIRECTION('',(1.,0.,-0.));
#5090 = DIRECTION('',(0.,0.,1.));
#5091 = DEFINITIONAL_REPRESENTATION('',(#5092),#5096);
#5092 = LINE('',#5093,#5094);
#5093 = CARTESIAN_POINT('',(0.,0.));
#5094 = VECTOR('',#5095,1.);
#5095 = DIRECTION('',(1.,0.));
#5096 = ( GEOMETRIC_REPRESENTATION_CONTEXT(2) 
PARAMETRIC_REPRESENTATION_CONTEXT() REPRESENTATION_CONTEXT('2D SPACE',''
  ) );
#5097 = PCURVE('',#5098,#5103);
#5098 = PLANE('',#5099);
#5099 = AXIS2_PLACEMENT_3D('',#5100,#5101,#5102);
#5100 = CARTESIAN_POINT('',(-25.,42.,368.));
#5101 = DIRECTION('',(-0.,1.,0.));
#5102 = DIRECTION('',(0.,0.,1.));
#5103 = DEFINITIONAL_REPRESENTATION('',(#5104),#5108);
#5104 = LINE('',#5105,#5106);
#5105 = CARTESIAN_POINT('',(0.,0.));
#5106 = VECTOR('',#5107,1.);
#5107 = DIRECTION('',(1.,0.));
#5108 = ( GEOMETRIC_REPRESENTATION_CONTEXT(2) 
PARAMETRIC_REPRESENTATION_CONTEXT() REPRESENTATION_CONTEXT('2D SPACE',''
  ) );
#5109 = ORIENTED_EDGE('',*,*,#5110,.T.);
#5110 = EDGE_CURVE('',#5076,#5111,#5113,.T.);
#5111 = VERTEX_POINT('',#5112);
#5112 = CARTESIAN_POINT('',(-25.,50.,368.));
#5113 = SURFACE_CURVE('',#5114,(#5118,#5125),.PCURVE_S1.);
#5114 = LINE('',#5115,#5116);
#5115 = CARTESIAN_POINT('',(-25.,42.,368.));
#5116 = VECTOR('',#5117,1.);
#5117 = DIRECTION('',(-0.,1.,0.));
#5118 = PCURVE('',#5086,#5119);
#5119 = DEFINITIONAL_REPRESENTATION('',(#5120),#5124);
#5120 = LINE('',#5121,#5122);
#5121 = CARTESIAN_POINT('',(0.,0.));
#5122 = VECTOR('',#5123,1.);
#5123 = DIRECTION('',(0.,-1.));
#5124 = ( GEOMETRIC_REPRESENTATION_CONTEXT(2) 
PARAMETRIC_REPRESENTATION_CONTEXT() REPRESENTATION_CONTEXT('2D SPACE',''
  ) );
#5125 = PCURVE('',#5126,#5131);
#5126 = PLANE('',#5127);
#5127 = AXIS2_PLACEMENT_3D('',#5128,#5129,#5130);
#5128 = CARTESIAN_POINT('',(-25.,42.,368.));
#5129 = DIRECTION('',(0.,0.,1.));
#5130 = DIRECTION('',(1.,0.,-0.));
#5131 = DEFINITIONAL_REPRESENTATION('',(#5132),#5136);
#5132 = LINE('',#5133,#5134);
#5133 = CARTESIAN_POINT('',(0.,0.));
#5134 = VECTOR('',#5135,1.);
#5135 = DIRECTION('',(0.,1.));
#5136 = ( GEOMETRIC_REPRESENTATION_CONTEXT(2) 
PARAMETRIC_REPRESENTATION_CONTEXT() REPRESENTATION_CONTEXT('2D SPACE',''
  ) );
#5137 = ORIENTED_EDGE('',*,*,#5138,.T.);
#5138 = EDGE_CURVE('',#5111,#5139,#5141,.T.);
#5139 = VERTEX_POINT('',#5140);
#5140 = CARTESIAN_POINT('',(-25.,50.,380.));
#5141 = SURFACE_CURVE('',#5142,(#5146,#5153),.PCURVE_S1.);
#5142 = LINE('',#5143,#5144);
#5143 = CARTESIAN_POINT('',(-25.,50.,368.));
#5144 = VECTOR('',#5145,1.);
#5145 = DIRECTION('',(0.,0.,1.));
#5146 = PCURVE('',#5086,#5147);
#5147 = DEFINITIONAL_REPRESENTATION('',(#5148),#5152);
#5148 = LINE('',#5149,#5150);
#5149 = CARTESIAN_POINT('',(0.,-8.));
#5150 = VECTOR('',#5151,1.);
#5151 = DIRECTION('',(1.,0.));
#5152 = ( GEOMETRIC_REPRESENTATION_CONTEXT(2) 
PARAMETRIC_REPRESENTATION_CONTEXT() REPRESENTATION_CONTEXT('2D SPACE',''
  ) );
#5153 = PCURVE('',#5154,#5159);
#5154 = PLANE('',#5155);
#5155 = AXIS2_PLACEMENT_3D('',#5156,#5157,#5158);
#5156 = CARTESIAN_POINT('',(-25.,50.,368.));
#5157 = DIRECTION('',(-0.,1.,0.));
#5158 = DIRECTION('',(0.,0.,1.));
#5159 = DEFINITIONAL_REPRESENTATION('',(#5160),#5164);
#5160 = LINE('',#5161,#5162);
#5161 = CARTESIAN_POINT('',(0.,0.));
#5162 = VECTOR('',#5163,1.);
#5163 = DIRECTION('',(1.,0.));
#5164 = ( GEOMETRIC_REPRESENTATION_CONTEXT(2) 
PARAMETRIC_REPRESENTATION_CONTEXT() REPRESENTATION_CONTEXT('2D SPACE',''
  ) );
#5165 = ORIENTED_EDGE('',*,*,#5166,.F.);
#5166 = EDGE_CURVE('',#5078,#5139,#5167,.T.);
#5167 = SURFACE_CURVE('',#5168,(#5172,#5179),.PCURVE_S1.);
#5168 = LINE('',#5169,#5170);
#5169 = CARTESIAN_POINT('',(-25.,42.,380.));
#5170 = VECTOR('',#5171,1.);
#5171 = DIRECTION('',(-0.,1.,0.));
#5172 = PCURVE('',#5086,#5173);
#5173 = DEFINITIONAL_REPRESENTATION('',(#5174),#5178);
#5174 = LINE('',#5175,#5176);
#5175 = CARTESIAN_POINT('',(12.,0.));
#5176 = VECTOR('',#5177,1.);
#5177 = DIRECTION('',(0.,-1.));
#5178 = ( GEOMETRIC_REPRESENTATION_CONTEXT(2) 
PARAMETRIC_REPRESENTATION_CONTEXT() REPRESENTATION_CONTEXT('2D SPACE',''
  ) );
#5179 = PCURVE('',#5180,#5185);
#5180 = PLANE('',#5181);
#5181 = AXIS2_PLACEMENT_3D('',#5182,#5183,#5184);
#5182 = CARTESIAN_POINT('',(-25.,42.,380.));
#5183 = DIRECTION('',(0.,0.,1.));
#5184 = DIRECTION('',(1.,0.,-0.));
#5185 = DEFINITIONAL_REPRESENTATION('',(#5186),#5190);
#5186 = LINE('',#5187,#5188);
#5187 = CARTESIAN_POINT('',(0.,0.));
#5188 = VECTOR('',#5189,1.);
#5189 = DIRECTION('',(0.,1.));
#5190 = ( GEOMETRIC_REPRESENTATION_CONTEXT(2) 
PARAMETRIC_REPRESENTATION_CONTEXT() REPRESENTATION_CONTEXT('2D SPACE',''
  ) );
#5191 = ADVANCED_FACE('',(#5192),#5098,.F.);
#5192 = FACE_BOUND('',#5193,.F.);
#5193 = EDGE_LOOP('',(#5194,#5217,#5218,#5241));
#5194 = ORIENTED_EDGE('',*,*,#5195,.F.);
#5195 = EDGE_CURVE('',#5076,#5196,#5198,.T.);
#5196 = VERTEX_POINT('',#5197);
#5197 = CARTESIAN_POINT('',(25.,42.,368.));
#5198 = SURFACE_CURVE('',#5199,(#5203,#5210),.PCURVE_S1.);
#5199 = LINE('',#5200,#5201);
#5200 = CARTESIAN_POINT('',(-25.,42.,368.));
#5201 = VECTOR('',#5202,1.);
#5202 = DIRECTION('',(1.,0.,-0.));
#5203 = PCURVE('',#5098,#5204);
#5204 = DEFINITIONAL_REPRESENTATION('',(#5205),#5209);
#5205 = LINE('',#5206,#5207);
#5206 = CARTESIAN_POINT('',(0.,0.));
#5207 = VECTOR('',#5208,1.);
#5208 = DIRECTION('',(0.,1.));
#5209 = ( GEOMETRIC_REPRESENTATION_CONTEXT(2) 
PARAMETRIC_REPRESENTATION_CONTEXT() REPRESENTATION_CONTEXT('2D SPACE',''
  ) );
#5210 = PCURVE('',#5126,#5211);
#5211 = DEFINITIONAL_REPRESENTATION('',(#5212),#5216);
#5212 = LINE('',#5213,#5214);
#5213 = CARTESIAN_POINT('',(0.,0.));
#5214 = VECTOR('',#5215,1.);
#5215 = DIRECTION('',(1.,0.));
#5216 = ( GEOMETRIC_REPRESENTATION_CONTEXT(2) 
PARAMETRIC_REPRESENTATION_CONTEXT() REPRESENTATION_CONTEXT('2D SPACE',''
  ) );
#5217 = ORIENTED_EDGE('',*,*,#5075,.T.);
#5218 = ORIENTED_EDGE('',*,*,#5219,.T.);
#5219 = EDGE_CURVE('',#5078,#5220,#5222,.T.);
#5220 = VERTEX_POINT('',#5221);
#5221 = CARTESIAN_POINT('',(25.,42.,380.));
#5222 = SURFACE_CURVE('',#5223,(#5227,#5234),.PCURVE_S1.);
#5223 = LINE('',#5224,#5225);
#5224 = CARTESIAN_POINT('',(-25.,42.,380.));
#5225 = VECTOR('',#5226,1.);
#5226 = DIRECTION('',(1.,0.,-0.));
#5227 = PCURVE('',#5098,#5228);
#5228 = DEFINITIONAL_REPRESENTATION('',(#5229),#5233);
#5229 = LINE('',#5230,#5231);
#5230 = CARTESIAN_POINT('',(12.,0.));
#5231 = VECTOR('',#5232,1.);
#5232 = DIRECTION('',(0.,1.));
#5233 = ( GEOMETRIC_REPRESENTATION_CONTEXT(2) 
PARAMETRIC_REPRESENTATION_CONTEXT() REPRESENTATION_CONTEXT('2D SPACE',''
  ) );
#5234 = PCURVE('',#5180,#5235);
#5235 = DEFINITIONAL_REPRESENTATION('',(#5236),#5240);
#5236 = LINE('',#5237,#5238);
#5237 = CARTESIAN_POINT('',(0.,0.));
#5238 = VECTOR('',#5239,1.);
#5239 = DIRECTION('',(1.,0.));
#5240 = ( GEOMETRIC_REPRESENTATION_CONTEXT(2) 
PARAMETRIC_REPRESENTATION_CONTEXT() REPRESENTATION_CONTEXT('2D SPACE',''
  ) );
#5241 = ORIENTED_EDGE('',*,*,#5242,.F.);
#5242 = EDGE_CURVE('',#5196,#5220,#5243,.T.);
#5243 = SURFACE_CURVE('',#5244,(#5248,#5255),.PCURVE_S1.);
#5244 = LINE('',#5245,#5246);
#5245 = CARTESIAN_POINT('',(25.,42.,368.));
#5246 = VECTOR('',#5247,1.);
#5247 = DIRECTION('',(0.,0.,1.));
#5248 = PCURVE('',#5098,#5249);
#5249 = DEFINITIONAL_REPRESENTATION('',(#5250),#5254);
#5250 = LINE('',#5251,#5252);
#5251 = CARTESIAN_POINT('',(0.,50.));
#5252 = VECTOR('',#5253,1.);
#5253 = DIRECTION('',(1.,0.));
#5254 = ( GEOMETRIC_REPRESENTATION_CONTEXT(2) 
PARAMETRIC_REPRESENTATION_CONTEXT() REPRESENTATION_CONTEXT('2D SPACE',''
  ) );
#5255 = PCURVE('',#5256,#5261);
#5256 = PLANE('',#5257);
#5257 = AXIS2_PLACEMENT_3D('',#5258,#5259,#5260);
#5258 = CARTESIAN_POINT('',(25.,42.,368.));
#5259 = DIRECTION('',(1.,0.,-0.));
#5260 = DIRECTION('',(0.,0.,1.));
#5261 = DEFINITIONAL_REPRESENTATION('',(#5262),#5266);
#5262 = LINE('',#5263,#5264);
#5263 = CARTESIAN_POINT('',(0.,0.));
#5264 = VECTOR('',#5265,1.);
#5265 = DIRECTION('',(1.,0.));
#5266 = ( GEOMETRIC_REPRESENTATION_CONTEXT(2) 
PARAMETRIC_REPRESENTATION_CONTEXT() REPRESENTATION_CONTEXT('2D SPACE',''
  ) );
#5267 = ADVANCED_FACE('',(#5268),#5180,.T.);
#5268 = FACE_BOUND('',#5269,.T.);
#5269 = EDGE_LOOP('',(#5270,#5271,#5272,#5295));
#5270 = ORIENTED_EDGE('',*,*,#5166,.F.);
#5271 = ORIENTED_EDGE('',*,*,#5219,.T.);
#5272 = ORIENTED_EDGE('',*,*,#5273,.T.);
#5273 = EDGE_CURVE('',#5220,#5274,#5276,.T.);
#5274 = VERTEX_POINT('',#5275);
#5275 = CARTESIAN_POINT('',(25.,50.,380.));
#5276 = SURFACE_CURVE('',#5277,(#5281,#5288),.PCURVE_S1.);
#5277 = LINE('',#5278,#5279);
#5278 = CARTESIAN_POINT('',(25.,42.,380.));
#5279 = VECTOR('',#5280,1.);
#5280 = DIRECTION('',(-0.,1.,0.));
#5281 = PCURVE('',#5180,#5282);
#5282 = DEFINITIONAL_REPRESENTATION('',(#5283),#5287);
#5283 = LINE('',#5284,#5285);
#5284 = CARTESIAN_POINT('',(50.,0.));
#5285 = VECTOR('',#5286,1.);
#5286 = DIRECTION('',(0.,1.));
#5287 = ( GEOMETRIC_REPRESENTATION_CONTEXT(2) 
PARAMETRIC_REPRESENTATION_CONTEXT() REPRESENTATION_CONTEXT('2D SPACE',''
  ) );
#5288 = PCURVE('',#5256,#5289);
#5289 = DEFINITIONAL_REPRESENTATION('',(#5290),#5294);
#5290 = LINE('',#5291,#5292);
#5291 = CARTESIAN_POINT('',(12.,0.));
#5292 = VECTOR('',#5293,1.);
#5293 = DIRECTION('',(0.,-1.));
#5294 = ( GEOMETRIC_REPRESENTATION_CONTEXT(2) 
PARAMETRIC_REPRESENTATION_CONTEXT() REPRESENTATION_CONTEXT('2D SPACE',''
  ) );
#5295 = ORIENTED_EDGE('',*,*,#5296,.F.);
#5296 = EDGE_CURVE('',#5139,#5274,#5297,.T.);
#5297 = SURFACE_CURVE('',#5298,(#5302,#5309),.PCURVE_S1.);
#5298 = LINE('',#5299,#5300);
#5299 = CARTESIAN_POINT('',(-25.,50.,380.));
#5300 = VECTOR('',#5301,1.);
#5301 = DIRECTION('',(1.,0.,-0.));
#5302 = PCURVE('',#5180,#5303);
#5303 = DEFINITIONAL_REPRESENTATION('',(#5304),#5308);
#5304 = LINE('',#5305,#5306);
#5305 = CARTESIAN_POINT('',(0.,8.));
#5306 = VECTOR('',#5307,1.);
#5307 = DIRECTION('',(1.,0.));
#5308 = ( GEOMETRIC_REPRESENTATION_CONTEXT(2) 
PARAMETRIC_REPRESENTATION_CONTEXT() REPRESENTATION_CONTEXT('2D SPACE',''
  ) );
#5309 = PCURVE('',#5154,#5310);
#5310 = DEFINITIONAL_REPRESENTATION('',(#5311),#5315);
#5311 = LINE('',#5312,#5313);
#5312 = CARTESIAN_POINT('',(12.,0.));
#5313 = VECTOR('',#5314,1.);
#5314 = DIRECTION('',(0.,1.));
#5315 = ( GEOMETRIC_REPRESENTATION_CONTEXT(2) 
PARAMETRIC_REPRESENTATION_CONTEXT() REPRESENTATION_CONTEXT('2D SPACE',''
  ) );
#5316 = ADVANCED_FACE('',(#5317,#5365,#5400),#5154,.T.);
#5317 = FACE_BOUND('',#5318,.T.);
#5318 = EDGE_LOOP('',(#5319,#5342,#5343,#5344));
#5319 = ORIENTED_EDGE('',*,*,#5320,.F.);
#5320 = EDGE_CURVE('',#5111,#5321,#5323,.T.);
#5321 = VERTEX_POINT('',#5322);
#5322 = CARTESIAN_POINT('',(25.,50.,368.));
#5323 = SURFACE_CURVE('',#5324,(#5328,#5335),.PCURVE_S1.);
#5324 = LINE('',#5325,#5326);
#5325 = CARTESIAN_POINT('',(-25.,50.,368.));
#5326 = VECTOR('',#5327,1.);
#5327 = DIRECTION('',(1.,0.,-0.));
#5328 = PCURVE('',#5154,#5329);
#5329 = DEFINITIONAL_REPRESENTATION('',(#5330),#5334);
#5330 = LINE('',#5331,#5332);
#5331 = CARTESIAN_POINT('',(0.,0.));
#5332 = VECTOR('',#5333,1.);
#5333 = DIRECTION('',(0.,1.));
#5334 = ( GEOMETRIC_REPRESENTATION_CONTEXT(2) 
PARAMETRIC_REPRESENTATION_CONTEXT() REPRESENTATION_CONTEXT('2D SPACE',''
  ) );
#5335 = PCURVE('',#5126,#5336);
#5336 = DEFINITIONAL_REPRESENTATION('',(#5337),#5341);
#5337 = LINE('',#5338,#5339);
#5338 = CARTESIAN_POINT('',(0.,8.));
#5339 = VECTOR('',#5340,1.);
#5340 = DIRECTION('',(1.,0.));
#5341 = ( GEOMETRIC_REPRESENTATION_CONTEXT(2) 
PARAMETRIC_REPRESENTATION_CONTEXT() REPRESENTATION_CONTEXT('2D SPACE',''
  ) );
#5342 = ORIENTED_EDGE('',*,*,#5138,.T.);
#5343 = ORIENTED_EDGE('',*,*,#5296,.T.);
#5344 = ORIENTED_EDGE('',*,*,#5345,.F.);
#5345 = EDGE_CURVE('',#5321,#5274,#5346,.T.);
#5346 = SURFACE_CURVE('',#5347,(#5351,#5358),.PCURVE_S1.);
#5347 = LINE('',#5348,#5349);
#5348 = CARTESIAN_POINT('',(25.,50.,368.));
#5349 = VECTOR('',#5350,1.);
#5350 = DIRECTION('',(0.,0.,1.));
#5351 = PCURVE('',#5154,#5352);
#5352 = DEFINITIONAL_REPRESENTATION('',(#5353),#5357);
#5353 = LINE('',#5354,#5355);
#5354 = CARTESIAN_POINT('',(0.,50.));
#5355 = VECTOR('',#5356,1.);
#5356 = DIRECTION('',(1.,0.));
#5357 = ( GEOMETRIC_REPRESENTATION_CONTEXT(2) 
PARAMETRIC_REPRESENTATION_CONTEXT() REPRESENTATION_CONTEXT('2D SPACE',''
  ) );
#5358 = PCURVE('',#5256,#5359);
#5359 = DEFINITIONAL_REPRESENTATION('',(#5360),#5364);
#5360 = LINE('',#5361,#5362);
#5361 = CARTESIAN_POINT('',(0.,-8.));
#5362 = VECTOR('',#5363,1.);
#5363 = DIRECTION('',(1.,0.));
#5364 = ( GEOMETRIC_REPRESENTATION_CONTEXT(2) 
PARAMETRIC_REPRESENTATION_CONTEXT() REPRESENTATION_CONTEXT('2D SPACE',''
  ) );
#5365 = FACE_BOUND('',#5366,.T.);
#5366 = EDGE_LOOP('',(#5367));
#5367 = ORIENTED_EDGE('',*,*,#5368,.T.);
#5368 = EDGE_CURVE('',#5369,#5369,#5371,.T.);
#5369 = VERTEX_POINT('',#5370);
#5370 = CARTESIAN_POINT('',(-13.9,50.,374.));
#5371 = SURFACE_CURVE('',#5372,(#5377,#5388),.PCURVE_S1.);
#5372 = CIRCLE('',#5373,2.1);
#5373 = AXIS2_PLACEMENT_3D('',#5374,#5375,#5376);
#5374 = CARTESIAN_POINT('',(-16.,50.,374.));
#5375 = DIRECTION('',(0.,-1.,2.22044604925E-16));
#5376 = DIRECTION('',(1.,0.,0.));
#5377 = PCURVE('',#5154,#5378);
#5378 = DEFINITIONAL_REPRESENTATION('',(#5379),#5387);
#5379 = ( BOUNDED_CURVE() B_SPLINE_CURVE(2,(#5380,#5381,#5382,#5383,
#5384,#5385,#5386),.UNSPECIFIED.,.T.,.F.) B_SPLINE_CURVE_WITH_KNOTS((1,2
    ,2,2,2,1),(-2.094395102393,0.,2.094395102393,4.188790204786,
6.28318530718,8.377580409573),.UNSPECIFIED.) CURVE() 
GEOMETRIC_REPRESENTATION_ITEM() RATIONAL_B_SPLINE_CURVE((1.,0.5,1.,0.5,
1.,0.5,1.)) REPRESENTATION_ITEM('') );
#5380 = CARTESIAN_POINT('',(6.,11.1));
#5381 = CARTESIAN_POINT('',(9.637306695895,11.1));
#5382 = CARTESIAN_POINT('',(7.818653347947,7.95));
#5383 = CARTESIAN_POINT('',(6.,4.8));
#5384 = CARTESIAN_POINT('',(4.181346652053,7.95));
#5385 = CARTESIAN_POINT('',(2.362693304105,11.1));
#5386 = CARTESIAN_POINT('',(6.,11.1));
#5387 = ( GEOMETRIC_REPRESENTATION_CONTEXT(2) 
PARAMETRIC_REPRESENTATION_CONTEXT() REPRESENTATION_CONTEXT('2D SPACE',''
  ) );
#5388 = PCURVE('',#5389,#5394);
#5389 = CYLINDRICAL_SURFACE('',#5390,2.1);
#5390 = AXIS2_PLACEMENT_3D('',#5391,#5392,#5393);
#5391 = CARTESIAN_POINT('',(-16.,51.,374.));
#5392 = DIRECTION('',(0.,-1.,2.22044604925E-16));
#5393 = DIRECTION('',(1.,0.,0.));
#5394 = DEFINITIONAL_REPRESENTATION('',(#5395),#5399);
#5395 = LINE('',#5396,#5397);
#5396 = CARTESIAN_POINT('',(0.,1.));
#5397 = VECTOR('',#5398,1.);
#5398 = DIRECTION('',(1.,0.));
#5399 = ( GEOMETRIC_REPRESENTATION_CONTEXT(2) 
PARAMETRIC_REPRESENTATION_CONTEXT() REPRESENTATION_CONTEXT('2D SPACE',''
  ) );
#5400 = FACE_BOUND('',#5401,.T.);
#5401 = EDGE_LOOP('',(#5402));
#5402 = ORIENTED_EDGE('',*,*,#5403,.T.);
#5403 = EDGE_CURVE('',#5404,#5404,#5406,.T.);
#5404 = VERTEX_POINT('',#5405);
#5405 = CARTESIAN_POINT('',(18.1,50.,374.));
#5406 = SURFACE_CURVE('',#5407,(#5412,#5423),.PCURVE_S1.);
#5407 = CIRCLE('',#5408,2.1);
#5408 = AXIS2_PLACEMENT_3D('',#5409,#5410,#5411);
#5409 = CARTESIAN_POINT('',(16.,50.,374.));
#5410 = DIRECTION('',(0.,-1.,2.22044604925E-16));
#5411 = DIRECTION('',(1.,0.,0.));
#5412 = PCURVE('',#5154,#5413);
#5413 = DEFINITIONAL_REPRESENTATION('',(#5414),#5422);
#5414 = ( BOUNDED_CURVE() B_SPLINE_CURVE(2,(#5415,#5416,#5417,#5418,
#5419,#5420,#5421),.UNSPECIFIED.,.T.,.F.) B_SPLINE_CURVE_WITH_KNOTS((1,2
    ,2,2,2,1),(-2.094395102393,0.,2.094395102393,4.188790204786,
6.28318530718,8.377580409573),.UNSPECIFIED.) CURVE() 
GEOMETRIC_REPRESENTATION_ITEM() RATIONAL_B_SPLINE_CURVE((1.,0.5,1.,0.5,
1.,0.5,1.)) REPRESENTATION_ITEM('') );
#5415 = CARTESIAN_POINT('',(6.,43.1));
#5416 = CARTESIAN_POINT('',(9.637306695895,43.1));
#5417 = CARTESIAN_POINT('',(7.818653347947,39.95));
#5418 = CARTESIAN_POINT('',(6.,36.8));
#5419 = CARTESIAN_POINT('',(4.181346652053,39.95));
#5420 = CARTESIAN_POINT('',(2.362693304105,43.1));
#5421 = CARTESIAN_POINT('',(6.,43.1));
#5422 = ( GEOMETRIC_REPRESENTATION_CONTEXT(2) 
PARAMETRIC_REPRESENTATION_CONTEXT() REPRESENTATION_CONTEXT('2D SPACE',''
  ) );
#5423 = PCURVE('',#5424,#5429);
#5424 = CYLINDRICAL_SURFACE('',#5425,2.1);
#5425 = AXIS2_PLACEMENT_3D('',#5426,#5427,#5428);
#5426 = CARTESIAN_POINT('',(16.,51.,374.));
#5427 = DIRECTION('',(0.,-1.,2.22044604925E-16));
#5428 = DIRECTION('',(1.,0.,0.));
#5429 = DEFINITIONAL_REPRESENTATION('',(#5430),#5434);
#5430 = LINE('',#5431,#5432);
#5431 = CARTESIAN_POINT('',(0.,1.));
#5432 = VECTOR('',#5433,1.);
#5433 = DIRECTION('',(1.,0.));
#5434 = ( GEOMETRIC_REPRESENTATION_CONTEXT(2) 
PARAMETRIC_REPRESENTATION_CONTEXT() REPRESENTATION_CONTEXT('2D SPACE',''
  ) );
#5435 = ADVANCED_FACE('',(#5436),#5126,.F.);
#5436 = FACE_BOUND('',#5437,.F.);
#5437 = EDGE_LOOP('',(#5438,#5439,#5440,#5461));
#5438 = ORIENTED_EDGE('',*,*,#5110,.F.);
#5439 = ORIENTED_EDGE('',*,*,#5195,.T.);
#5440 = ORIENTED_EDGE('',*,*,#5441,.T.);
#5441 = EDGE_CURVE('',#5196,#5321,#5442,.T.);
#5442 = SURFACE_CURVE('',#5443,(#5447,#5454),.PCURVE_S1.);
#5443 = LINE('',#5444,#5445);
#5444 = CARTESIAN_POINT('',(25.,42.,368.));
#5445 = VECTOR('',#5446,1.);
#5446 = DIRECTION('',(-0.,1.,0.));
#5447 = PCURVE('',#5126,#5448);
#5448 = DEFINITIONAL_REPRESENTATION('',(#5449),#5453);
#5449 = LINE('',#5450,#5451);
#5450 = CARTESIAN_POINT('',(50.,0.));
#5451 = VECTOR('',#5452,1.);
#5452 = DIRECTION('',(0.,1.));
#5453 = ( GEOMETRIC_REPRESENTATION_CONTEXT(2) 
PARAMETRIC_REPRESENTATION_CONTEXT() REPRESENTATION_CONTEXT('2D SPACE',''
  ) );
#5454 = PCURVE('',#5256,#5455);
#5455 = DEFINITIONAL_REPRESENTATION('',(#5456),#5460);
#5456 = LINE('',#5457,#5458);
#5457 = CARTESIAN_POINT('',(0.,0.));
#5458 = VECTOR('',#5459,1.);
#5459 = DIRECTION('',(0.,-1.));
#5460 = ( GEOMETRIC_REPRESENTATION_CONTEXT(2) 
PARAMETRIC_REPRESENTATION_CONTEXT() REPRESENTATION_CONTEXT('2D SPACE',''
  ) );
#5461 = ORIENTED_EDGE('',*,*,#5320,.F.);
#5462 = ADVANCED_FACE('',(#5463),#5256,.T.);
#5463 = FACE_BOUND('',#5464,.T.);
#5464 = EDGE_LOOP('',(#5465,#5466,#5467,#5468));
#5465 = ORIENTED_EDGE('',*,*,#5242,.F.);
#5466 = ORIENTED_EDGE('',*,*,#5441,.T.);
#5467 = ORIENTED_EDGE('',*,*,#5345,.T.);
#5468 = ORIENTED_EDGE('',*,*,#5273,.F.);
#5469 = ADVANCED_FACE('',(#5470),#5389,.F.);
#5470 = FACE_BOUND('',#5471,.F.);
#5471 = EDGE_LOOP('',(#5472,#5495,#5522,#5523));
#5472 = ORIENTED_EDGE('',*,*,#5473,.T.);
#5473 = EDGE_CURVE('',#5369,#5474,#5476,.T.);
#5474 = VERTEX_POINT('',#5475);
#5475 = CARTESIAN_POINT('',(-13.9,43.,374.));
#5476 = SEAM_CURVE('',#5477,(#5481,#5488),.PCURVE_S1.);
#5477 = LINE('',#5478,#5479);
#5478 = CARTESIAN_POINT('',(-13.9,51.,374.));
#5479 = VECTOR('',#5480,1.);
#5480 = DIRECTION('',(0.,-1.,2.22044604925E-16));
#5481 = PCURVE('',#5389,#5482);
#5482 = DEFINITIONAL_REPRESENTATION('',(#5483),#5487);
#5483 = LINE('',#5484,#5485);
#5484 = CARTESIAN_POINT('',(6.28318530718,-0.));
#5485 = VECTOR('',#5486,1.);
#5486 = DIRECTION('',(0.,1.));
#5487 = ( GEOMETRIC_REPRESENTATION_CONTEXT(2) 
PARAMETRIC_REPRESENTATION_CONTEXT() REPRESENTATION_CONTEXT('2D SPACE',''
  ) );
#5488 = PCURVE('',#5389,#5489);
#5489 = DEFINITIONAL_REPRESENTATION('',(#5490),#5494);
#5490 = LINE('',#5491,#5492);
#5491 = CARTESIAN_POINT('',(0.,-0.));
#5492 = VECTOR('',#5493,1.);
#5493 = DIRECTION('',(0.,1.));
#5494 = ( GEOMETRIC_REPRESENTATION_CONTEXT(2) 
PARAMETRIC_REPRESENTATION_CONTEXT() REPRESENTATION_CONTEXT('2D SPACE',''
  ) );
#5495 = ORIENTED_EDGE('',*,*,#5496,.F.);
#5496 = EDGE_CURVE('',#5474,#5474,#5497,.T.);
#5497 = SURFACE_CURVE('',#5498,(#5503,#5510),.PCURVE_S1.);
#5498 = CIRCLE('',#5499,2.1);
#5499 = AXIS2_PLACEMENT_3D('',#5500,#5501,#5502);
#5500 = CARTESIAN_POINT('',(-16.,43.,374.));
#5501 = DIRECTION('',(0.,-1.,2.22044604925E-16));
#5502 = DIRECTION('',(1.,0.,0.));
#5503 = PCURVE('',#5389,#5504);
#5504 = DEFINITIONAL_REPRESENTATION('',(#5505),#5509);
#5505 = LINE('',#5506,#5507);
#5506 = CARTESIAN_POINT('',(0.,8.));
#5507 = VECTOR('',#5508,1.);
#5508 = DIRECTION('',(1.,0.));
#5509 = ( GEOMETRIC_REPRESENTATION_CONTEXT(2) 
PARAMETRIC_REPRESENTATION_CONTEXT() REPRESENTATION_CONTEXT('2D SPACE',''
  ) );
#5510 = PCURVE('',#5511,#5516);
#5511 = PLANE('',#5512);
#5512 = AXIS2_PLACEMENT_3D('',#5513,#5514,#5515);
#5513 = CARTESIAN_POINT('',(-16.,43.,374.));
#5514 = DIRECTION('',(0.,-1.,2.22044604925E-16));
#5515 = DIRECTION('',(1.,0.,0.));
#5516 = DEFINITIONAL_REPRESENTATION('',(#5517),#5521);
#5517 = CIRCLE('',#5518,2.1);
#5518 = AXIS2_PLACEMENT_2D('',#5519,#5520);
#5519 = CARTESIAN_POINT('',(0.,0.));
#5520 = DIRECTION('',(1.,0.));
#5521 = ( GEOMETRIC_REPRESENTATION_CONTEXT(2) 
PARAMETRIC_REPRESENTATION_CONTEXT() REPRESENTATION_CONTEXT('2D SPACE',''
  ) );
#5522 = ORIENTED_EDGE('',*,*,#5473,.F.);
#5523 = ORIENTED_EDGE('',*,*,#5368,.T.);
#5524 = ADVANCED_FACE('',(#5525),#5424,.F.);
#5525 = FACE_BOUND('',#5526,.F.);
#5526 = EDGE_LOOP('',(#5527,#5550,#5577,#5578));
#5527 = ORIENTED_EDGE('',*,*,#5528,.T.);
#5528 = EDGE_CURVE('',#5404,#5529,#5531,.T.);
#5529 = VERTEX_POINT('',#5530);
#5530 = CARTESIAN_POINT('',(18.1,43.,374.));
#5531 = SEAM_CURVE('',#5532,(#5536,#5543),.PCURVE_S1.);
#5532 = LINE('',#5533,#5534);
#5533 = CARTESIAN_POINT('',(18.1,51.,374.));
#5534 = VECTOR('',#5535,1.);
#5535 = DIRECTION('',(0.,-1.,2.22044604925E-16));
#5536 = PCURVE('',#5424,#5537);
#5537 = DEFINITIONAL_REPRESENTATION('',(#5538),#5542);
#5538 = LINE('',#5539,#5540);
#5539 = CARTESIAN_POINT('',(6.28318530718,-0.));
#5540 = VECTOR('',#5541,1.);
#5541 = DIRECTION('',(0.,1.));
#5542 = ( GEOMETRIC_REPRESENTATION_CONTEXT(2) 
PARAMETRIC_REPRESENTATION_CONTEXT() REPRESENTATION_CONTEXT('2D SPACE',''
  ) );
#5543 = PCURVE('',#5424,#5544);
#5544 = DEFINITIONAL_REPRESENTATION('',(#5545),#5549);
#5545 = LINE('',#5546,#5547);
#5546 = CARTESIAN_POINT('',(0.,-0.));
#5547 = VECTOR('',#5548,1.);
#5548 = DIRECTION('',(0.,1.));
#5549 = ( GEOMETRIC_REPRESENTATION_CONTEXT(2) 
PARAMETRIC_REPRESENTATION_CONTEXT() REPRESENTATION_CONTEXT('2D SPACE',''
  ) );
#5550 = ORIENTED_EDGE('',*,*,#5551,.F.);
#5551 = EDGE_CURVE('',#5529,#5529,#5552,.T.);
#5552 = SURFACE_CURVE('',#5553,(#5558,#5565),.PCURVE_S1.);
#5553 = CIRCLE('',#5554,2.1);
#5554 = AXIS2_PLACEMENT_3D('',#5555,#5556,#5557);
#5555 = CARTESIAN_POINT('',(16.,43.,374.));
#5556 = DIRECTION('',(0.,-1.,2.22044604925E-16));
#5557 = DIRECTION('',(1.,0.,0.));
#5558 = PCURVE('',#5424,#5559);
#5559 = DEFINITIONAL_REPRESENTATION('',(#5560),#5564);
#5560 = LINE('',#5561,#5562);
#5561 = CARTESIAN_POINT('',(0.,8.));
#5562 = VECTOR('',#5563,1.);
#5563 = DIRECTION('',(1.,0.));
#5564 = ( GEOMETRIC_REPRESENTATION_CONTEXT(2) 
PARAMETRIC_REPRESENTATION_CONTEXT() REPRESENTATION_CONTEXT('2D SPACE',''
  ) );
#5565 = PCURVE('',#5566,#5571);
#5566 = PLANE('',#5567);
#5567 = AXIS2_PLACEMENT_3D('',#5568,#5569,#5570);
#5568 = CARTESIAN_POINT('',(16.,43.,374.));
#5569 = DIRECTION('',(0.,-1.,2.22044604925E-16));
#5570 = DIRECTION('',(1.,0.,0.));
#5571 = DEFINITIONAL_REPRESENTATION('',(#5572),#5576);
#5572 = CIRCLE('',#5573,2.1);
#5573 = AXIS2_PLACEMENT_2D('',#5574,#5575);
#5574 = CARTESIAN_POINT('',(0.,0.));
#5575 = DIRECTION('',(1.,0.));
#5576 = ( GEOMETRIC_REPRESENTATION_CONTEXT(2) 
PARAMETRIC_REPRESENTATION_CONTEXT() REPRESENTATION_CONTEXT('2D SPACE',''
  ) );
#5577 = ORIENTED_EDGE('',*,*,#5528,.F.);
#5578 = ORIENTED_EDGE('',*,*,#5403,.T.);
#5579 = ADVANCED_FACE('',(#5580),#5511,.F.);
#5580 = FACE_BOUND('',#5581,.F.);
#5581 = EDGE_LOOP('',(#5582));
#5582 = ORIENTED_EDGE('',*,*,#5496,.T.);
#5583 = ADVANCED_FACE('',(#5584),#5566,.F.);
#5584 = FACE_BOUND('',#5585,.F.);
#5585 = EDGE_LOOP('',(#5586));
#5586 = ORIENTED_EDGE('',*,*,#5551,.T.);
#5587 = MANIFOLD_SOLID_BREP('',#5588);
#5588 = CLOSED_SHELL('',(#5589,#5677,#5681));
#5589 = ADVANCED_FACE('',(#5590),#5603,.T.);
#5590 = FACE_BOUND('',#5591,.T.);
#5591 = EDGE_LOOP('',(#5592,#5626,#5649,#5676));
#5592 = ORIENTED_EDGE('',*,*,#5593,.F.);
#5593 = EDGE_CURVE('',#5594,#5594,#5596,.T.);
#5594 = VERTEX_POINT('',#5595);
#5595 = CARTESIAN_POINT('',(-42.5,40.,25.));
#5596 = SURFACE_CURVE('',#5597,(#5602,#5614),.PCURVE_S1.);
#5597 = CIRCLE('',#5598,2.5);
#5598 = AXIS2_PLACEMENT_3D('',#5599,#5600,#5601);
#5599 = CARTESIAN_POINT('',(-45.,40.,25.));
#5600 = DIRECTION('',(0.,-1.,2.22044604925E-16));
#5601 = DIRECTION('',(1.,0.,0.));
#5602 = PCURVE('',#5603,#5608);
#5603 = CYLINDRICAL_SURFACE('',#5604,2.5);
#5604 = AXIS2_PLACEMENT_3D('',#5605,#5606,#5607);
#5605 = CARTESIAN_POINT('',(-45.,62.,25.));
#5606 = DIRECTION('',(0.,-1.,2.22044604925E-16));
#5607 = DIRECTION('',(1.,0.,0.));
#5608 = DEFINITIONAL_REPRESENTATION('',(#5609),#5613);
#5609 = LINE('',#5610,#5611);
#5610 = CARTESIAN_POINT('',(0.,22.));
#5611 = VECTOR('',#5612,1.);
#5612 = DIRECTION('',(1.,0.));
#5613 = ( GEOMETRIC_REPRESENTATION_CONTEXT(2) 
PARAMETRIC_REPRESENTATION_CONTEXT() REPRESENTATION_CONTEXT('2D SPACE',''
  ) );
#5614 = PCURVE('',#5615,#5620);
#5615 = PLANE('',#5616);
#5616 = AXIS2_PLACEMENT_3D('',#5617,#5618,#5619);
#5617 = CARTESIAN_POINT('',(-45.,40.,25.));
#5618 = DIRECTION('',(0.,-1.,2.22044604925E-16));
#5619 = DIRECTION('',(1.,0.,0.));
#5620 = DEFINITIONAL_REPRESENTATION('',(#5621),#5625);
#5621 = CIRCLE('',#5622,2.5);
#5622 = AXIS2_PLACEMENT_2D('',#5623,#5624);
#5623 = CARTESIAN_POINT('',(0.,0.));
#5624 = DIRECTION('',(1.,0.));
#5625 = ( GEOMETRIC_REPRESENTATION_CONTEXT(2) 
PARAMETRIC_REPRESENTATION_CONTEXT() REPRESENTATION_CONTEXT('2D SPACE',''
  ) );
#5626 = ORIENTED_EDGE('',*,*,#5627,.F.);
#5627 = EDGE_CURVE('',#5628,#5594,#5630,.T.);
#5628 = VERTEX_POINT('',#5629);
#5629 = CARTESIAN_POINT('',(-42.5,62.,25.));
#5630 = SEAM_CURVE('',#5631,(#5635,#5642),.PCURVE_S1.);
#5631 = LINE('',#5632,#5633);
#5632 = CARTESIAN_POINT('',(-42.5,62.,25.));
#5633 = VECTOR('',#5634,1.);
#5634 = DIRECTION('',(0.,-1.,2.22044604925E-16));
#5635 = PCURVE('',#5603,#5636);
#5636 = DEFINITIONAL_REPRESENTATION('',(#5637),#5641);
#5637 = LINE('',#5638,#5639);
#5638 = CARTESIAN_POINT('',(6.28318530718,-0.));
#5639 = VECTOR('',#5640,1.);
#5640 = DIRECTION('',(0.,1.));
#5641 = ( GEOMETRIC_REPRESENTATION_CONTEXT(2) 
PARAMETRIC_REPRESENTATION_CONTEXT() REPRESENTATION_CONTEXT('2D SPACE',''
  ) );
#5642 = PCURVE('',#5603,#5643);
#5643 = DEFINITIONAL_REPRESENTATION('',(#5644),#5648);
#5644 = LINE('',#5645,#5646);
#5645 = CARTESIAN_POINT('',(0.,-0.));
#5646 = VECTOR('',#5647,1.);
#5647 = DIRECTION('',(0.,1.));
#5648 = ( GEOMETRIC_REPRESENTATION_CONTEXT(2) 
PARAMETRIC_REPRESENTATION_CONTEXT() REPRESENTATION_CONTEXT('2D SPACE',''
  ) );
#5649 = ORIENTED_EDGE('',*,*,#5650,.T.);
#5650 = EDGE_CURVE('',#5628,#5628,#5651,.T.);
#5651 = SURFACE_CURVE('',#5652,(#5657,#5664),.PCURVE_S1.);
#5652 = CIRCLE('',#5653,2.5);
#5653 = AXIS2_PLACEMENT_3D('',#5654,#5655,#5656);
#5654 = CARTESIAN_POINT('',(-45.,62.,25.));
#5655 = DIRECTION('',(0.,-1.,2.22044604925E-16));
#5656 = DIRECTION('',(1.,0.,0.));
#5657 = PCURVE('',#5603,#5658);
#5658 = DEFINITIONAL_REPRESENTATION('',(#5659),#5663);
#5659 = LINE('',#5660,#5661);
#5660 = CARTESIAN_POINT('',(0.,0.));
#5661 = VECTOR('',#5662,1.);
#5662 = DIRECTION('',(1.,0.));
#5663 = ( GEOMETRIC_REPRESENTATION_CONTEXT(2) 
PARAMETRIC_REPRESENTATION_CONTEXT() REPRESENTATION_CONTEXT('2D SPACE',''
  ) );
#5664 = PCURVE('',#5665,#5670);
#5665 = PLANE('',#5666);
#5666 = AXIS2_PLACEMENT_3D('',#5667,#5668,#5669);
#5667 = CARTESIAN_POINT('',(-45.,62.,25.));
#5668 = DIRECTION('',(0.,-1.,2.22044604925E-16));
#5669 = DIRECTION('',(1.,0.,0.));
#5670 = DEFINITIONAL_REPRESENTATION('',(#5671),#5675);
#5671 = CIRCLE('',#5672,2.5);
#5672 = AXIS2_PLACEMENT_2D('',#5673,#5674);
#5673 = CARTESIAN_POINT('',(0.,0.));
#5674 = DIRECTION('',(1.,0.));
#5675 = ( GEOMETRIC_REPRESENTATION_CONTEXT(2) 
PARAMETRIC_REPRESENTATION_CONTEXT() REPRESENTATION_CONTEXT('2D SPACE',''
  ) );
#5676 = ORIENTED_EDGE('',*,*,#5627,.T.);
#5677 = ADVANCED_FACE('',(#5678),#5615,.T.);
#5678 = FACE_BOUND('',#5679,.T.);
#5679 = EDGE_LOOP('',(#5680));
#5680 = ORIENTED_EDGE('',*,*,#5593,.T.);
#5681 = ADVANCED_FACE('',(#5682),#5665,.F.);
#5682 = FACE_BOUND('',#5683,.T.);
#5683 = EDGE_LOOP('',(#5684));
#5684 = ORIENTED_EDGE('',*,*,#5650,.F.);
#5685 = MANIFOLD_SOLID_BREP('',#5686);
#5686 = CLOSED_SHELL('',(#5687,#5775,#5779));
#5687 = ADVANCED_FACE('',(#5688),#5701,.T.);
#5688 = FACE_BOUND('',#5689,.T.);
#5689 = EDGE_LOOP('',(#5690,#5724,#5747,#5774));
#5690 = ORIENTED_EDGE('',*,*,#5691,.F.);
#5691 = EDGE_CURVE('',#5692,#5692,#5694,.T.);
#5692 = VERTEX_POINT('',#5693);
#5693 = CARTESIAN_POINT('',(47.5,40.,25.));
#5694 = SURFACE_CURVE('',#5695,(#5700,#5712),.PCURVE_S1.);
#5695 = CIRCLE('',#5696,2.5);
#5696 = AXIS2_PLACEMENT_3D('',#5697,#5698,#5699);
#5697 = CARTESIAN_POINT('',(45.,40.,25.));
#5698 = DIRECTION('',(0.,-1.,2.22044604925E-16));
#5699 = DIRECTION('',(1.,0.,0.));
#5700 = PCURVE('',#5701,#5706);
#5701 = CYLINDRICAL_SURFACE('',#5702,2.5);
#5702 = AXIS2_PLACEMENT_3D('',#5703,#5704,#5705);
#5703 = CARTESIAN_POINT('',(45.,62.,25.));
#5704 = DIRECTION('',(0.,-1.,2.22044604925E-16));
#5705 = DIRECTION('',(1.,0.,0.));
#5706 = DEFINITIONAL_REPRESENTATION('',(#5707),#5711);
#5707 = LINE('',#5708,#5709);
#5708 = CARTESIAN_POINT('',(0.,22.));
#5709 = VECTOR('',#5710,1.);
#5710 = DIRECTION('',(1.,0.));
#5711 = ( GEOMETRIC_REPRESENTATION_CONTEXT(2) 
PARAMETRIC_REPRESENTATION_CONTEXT() REPRESENTATION_CONTEXT('2D SPACE',''
  ) );
#5712 = PCURVE('',#5713,#5718);
#5713 = PLANE('',#5714);
#5714 = AXIS2_PLACEMENT_3D('',#5715,#5716,#5717);
#5715 = CARTESIAN_POINT('',(45.,40.,25.));
#5716 = DIRECTION('',(0.,-1.,2.22044604925E-16));
#5717 = DIRECTION('',(1.,0.,0.));
#5718 = DEFINITIONAL_REPRESENTATION('',(#5719),#5723);
#5719 = CIRCLE('',#5720,2.5);
#5720 = AXIS2_PLACEMENT_2D('',#5721,#5722);
#5721 = CARTESIAN_POINT('',(0.,0.));
#5722 = DIRECTION('',(1.,0.));
#5723 = ( GEOMETRIC_REPRESENTATION_CONTEXT(2) 
PARAMETRIC_REPRESENTATION_CONTEXT() REPRESENTATION_CONTEXT('2D SPACE',''
  ) );
#5724 = ORIENTED_EDGE('',*,*,#5725,.F.);
#5725 = EDGE_CURVE('',#5726,#5692,#5728,.T.);
#5726 = VERTEX_POINT('',#5727);
#5727 = CARTESIAN_POINT('',(47.5,62.,25.));
#5728 = SEAM_CURVE('',#5729,(#5733,#5740),.PCURVE_S1.);
#5729 = LINE('',#5730,#5731);
#5730 = CARTESIAN_POINT('',(47.5,62.,25.));
#5731 = VECTOR('',#5732,1.);
#5732 = DIRECTION('',(0.,-1.,2.22044604925E-16));
#5733 = PCURVE('',#5701,#5734);
#5734 = DEFINITIONAL_REPRESENTATION('',(#5735),#5739);
#5735 = LINE('',#5736,#5737);
#5736 = CARTESIAN_POINT('',(6.28318530718,-0.));
#5737 = VECTOR('',#5738,1.);
#5738 = DIRECTION('',(0.,1.));
#5739 = ( GEOMETRIC_REPRESENTATION_CONTEXT(2) 
PARAMETRIC_REPRESENTATION_CONTEXT() REPRESENTATION_CONTEXT('2D SPACE',''
  ) );
#5740 = PCURVE('',#5701,#5741);
#5741 = DEFINITIONAL_REPRESENTATION('',(#5742),#5746);
#5742 = LINE('',#5743,#5744);
#5743 = CARTESIAN_POINT('',(0.,-0.));
#5744 = VECTOR('',#5745,1.);
#5745 = DIRECTION('',(0.,1.));
#5746 = ( GEOMETRIC_REPRESENTATION_CONTEXT(2) 
PARAMETRIC_REPRESENTATION_CONTEXT() REPRESENTATION_CONTEXT('2D SPACE',''
  ) );
#5747 = ORIENTED_EDGE('',*,*,#5748,.T.);
#5748 = EDGE_CURVE('',#5726,#5726,#5749,.T.);
#5749 = SURFACE_CURVE('',#5750,(#5755,#5762),.PCURVE_S1.);
#5750 = CIRCLE('',#5751,2.5);
#5751 = AXIS2_PLACEMENT_3D('',#5752,#5753,#5754);
#5752 = CARTESIAN_POINT('',(45.,62.,25.));
#5753 = DIRECTION('',(0.,-1.,2.22044604925E-16));
#5754 = DIRECTION('',(1.,0.,0.));
#5755 = PCURVE('',#5701,#5756);
#5756 = DEFINITIONAL_REPRESENTATION('',(#5757),#5761);
#5757 = LINE('',#5758,#5759);
#5758 = CARTESIAN_POINT('',(0.,0.));
#5759 = VECTOR('',#5760,1.);
#5760 = DIRECTION('',(1.,0.));
#5761 = ( GEOMETRIC_REPRESENTATION_CONTEXT(2) 
PARAMETRIC_REPRESENTATION_CONTEXT() REPRESENTATION_CONTEXT('2D SPACE',''
  ) );
#5762 = PCURVE('',#5763,#5768);
#5763 = PLANE('',#5764);
#5764 = AXIS2_PLACEMENT_3D('',#5765,#5766,#5767);
#5765 = CARTESIAN_POINT('',(45.,62.,25.));
#5766 = DIRECTION('',(0.,-1.,2.22044604925E-16));
#5767 = DIRECTION('',(1.,0.,0.));
#5768 = DEFINITIONAL_REPRESENTATION('',(#5769),#5773);
#5769 = CIRCLE('',#5770,2.5);
#5770 = AXIS2_PLACEMENT_2D('',#5771,#5772);
#5771 = CARTESIAN_POINT('',(0.,0.));
#5772 = DIRECTION('',(1.,0.));
#5773 = ( GEOMETRIC_REPRESENTATION_CONTEXT(2) 
PARAMETRIC_REPRESENTATION_CONTEXT() REPRESENTATION_CONTEXT('2D SPACE',''
  ) );
#5774 = ORIENTED_EDGE('',*,*,#5725,.T.);
#5775 = ADVANCED_FACE('',(#5776),#5713,.T.);
#5776 = FACE_BOUND('',#5777,.T.);
#5777 = EDGE_LOOP('',(#5778));
#5778 = ORIENTED_EDGE('',*,*,#5691,.T.);
#5779 = ADVANCED_FACE('',(#5780),#5763,.F.);
#5780 = FACE_BOUND('',#5781,.T.);
#5781 = EDGE_LOOP('',(#5782));
#5782 = ORIENTED_EDGE('',*,*,#5748,.F.);
#5783 = MANIFOLD_SOLID_BREP('',#5784);
#5784 = CLOSED_SHELL('',(#5785,#5873,#5877));
#5785 = ADVANCED_FACE('',(#5786),#5799,.T.);
#5786 = FACE_BOUND('',#5787,.T.);
#5787 = EDGE_LOOP('',(#5788,#5822,#5845,#5872));
#5788 = ORIENTED_EDGE('',*,*,#5789,.F.);
#5789 = EDGE_CURVE('',#5790,#5790,#5792,.T.);
#5790 = VERTEX_POINT('',#5791);
#5791 = CARTESIAN_POINT('',(-42.5,40.,50.));
#5792 = SURFACE_CURVE('',#5793,(#5798,#5810),.PCURVE_S1.);
#5793 = CIRCLE('',#5794,2.5);
#5794 = AXIS2_PLACEMENT_3D('',#5795,#5796,#5797);
#5795 = CARTESIAN_POINT('',(-45.,40.,50.));
#5796 = DIRECTION('',(0.,-1.,2.22044604925E-16));
#5797 = DIRECTION('',(1.,0.,0.));
#5798 = PCURVE('',#5799,#5804);
#5799 = CYLINDRICAL_SURFACE('',#5800,2.5);
#5800 = AXIS2_PLACEMENT_3D('',#5801,#5802,#5803);
#5801 = CARTESIAN_POINT('',(-45.,62.,50.));
#5802 = DIRECTION('',(0.,-1.,2.22044604925E-16));
#5803 = DIRECTION('',(1.,0.,0.));
#5804 = DEFINITIONAL_REPRESENTATION('',(#5805),#5809);
#5805 = LINE('',#5806,#5807);
#5806 = CARTESIAN_POINT('',(0.,22.));
#5807 = VECTOR('',#5808,1.);
#5808 = DIRECTION('',(1.,0.));
#5809 = ( GEOMETRIC_REPRESENTATION_CONTEXT(2) 
PARAMETRIC_REPRESENTATION_CONTEXT() REPRESENTATION_CONTEXT('2D SPACE',''
  ) );
#5810 = PCURVE('',#5811,#5816);
#5811 = PLANE('',#5812);
#5812 = AXIS2_PLACEMENT_3D('',#5813,#5814,#5815);
#5813 = CARTESIAN_POINT('',(-45.,40.,50.));
#5814 = DIRECTION('',(0.,-1.,2.22044604925E-16));
#5815 = DIRECTION('',(1.,0.,0.));
#5816 = DEFINITIONAL_REPRESENTATION('',(#5817),#5821);
#5817 = CIRCLE('',#5818,2.5);
#5818 = AXIS2_PLACEMENT_2D('',#5819,#5820);
#5819 = CARTESIAN_POINT('',(0.,0.));
#5820 = DIRECTION('',(1.,0.));
#5821 = ( GEOMETRIC_REPRESENTATION_CONTEXT(2) 
PARAMETRIC_REPRESENTATION_CONTEXT() REPRESENTATION_CONTEXT('2D SPACE',''
  ) );
#5822 = ORIENTED_EDGE('',*,*,#5823,.F.);
#5823 = EDGE_CURVE('',#5824,#5790,#5826,.T.);
#5824 = VERTEX_POINT('',#5825);
#5825 = CARTESIAN_POINT('',(-42.5,62.,50.));
#5826 = SEAM_CURVE('',#5827,(#5831,#5838),.PCURVE_S1.);
#5827 = LINE('',#5828,#5829);
#5828 = CARTESIAN_POINT('',(-42.5,62.,50.));
#5829 = VECTOR('',#5830,1.);
#5830 = DIRECTION('',(0.,-1.,2.22044604925E-16));
#5831 = PCURVE('',#5799,#5832);
#5832 = DEFINITIONAL_REPRESENTATION('',(#5833),#5837);
#5833 = LINE('',#5834,#5835);
#5834 = CARTESIAN_POINT('',(6.28318530718,-0.));
#5835 = VECTOR('',#5836,1.);
#5836 = DIRECTION('',(0.,1.));
#5837 = ( GEOMETRIC_REPRESENTATION_CONTEXT(2) 
PARAMETRIC_REPRESENTATION_CONTEXT() REPRESENTATION_CONTEXT('2D SPACE',''
  ) );
#5838 = PCURVE('',#5799,#5839);
#5839 = DEFINITIONAL_REPRESENTATION('',(#5840),#5844);
#5840 = LINE('',#5841,#5842);
#5841 = CARTESIAN_POINT('',(0.,-0.));
#5842 = VECTOR('',#5843,1.);
#5843 = DIRECTION('',(0.,1.));
#5844 = ( GEOMETRIC_REPRESENTATION_CONTEXT(2) 
PARAMETRIC_REPRESENTATION_CONTEXT() REPRESENTATION_CONTEXT('2D SPACE',''
  ) );
#5845 = ORIENTED_EDGE('',*,*,#5846,.T.);
#5846 = EDGE_CURVE('',#5824,#5824,#5847,.T.);
#5847 = SURFACE_CURVE('',#5848,(#5853,#5860),.PCURVE_S1.);
#5848 = CIRCLE('',#5849,2.5);
#5849 = AXIS2_PLACEMENT_3D('',#5850,#5851,#5852);
#5850 = CARTESIAN_POINT('',(-45.,62.,50.));
#5851 = DIRECTION('',(0.,-1.,2.22044604925E-16));
#5852 = DIRECTION('',(1.,0.,0.));
#5853 = PCURVE('',#5799,#5854);
#5854 = DEFINITIONAL_REPRESENTATION('',(#5855),#5859);
#5855 = LINE('',#5856,#5857);
#5856 = CARTESIAN_POINT('',(0.,0.));
#5857 = VECTOR('',#5858,1.);
#5858 = DIRECTION('',(1.,0.));
#5859 = ( GEOMETRIC_REPRESENTATION_CONTEXT(2) 
PARAMETRIC_REPRESENTATION_CONTEXT() REPRESENTATION_CONTEXT('2D SPACE',''
  ) );
#5860 = PCURVE('',#5861,#5866);
#5861 = PLANE('',#5862);
#5862 = AXIS2_PLACEMENT_3D('',#5863,#5864,#5865);
#5863 = CARTESIAN_POINT('',(-45.,62.,50.));
#5864 = DIRECTION('',(0.,-1.,2.22044604925E-16));
#5865 = DIRECTION('',(1.,0.,0.));
#5866 = DEFINITIONAL_REPRESENTATION('',(#5867),#5871);
#5867 = CIRCLE('',#5868,2.5);
#5868 = AXIS2_PLACEMENT_2D('',#5869,#5870);
#5869 = CARTESIAN_POINT('',(0.,0.));
#5870 = DIRECTION('',(1.,0.));
#5871 = ( GEOMETRIC_REPRESENTATION_CONTEXT(2) 
PARAMETRIC_REPRESENTATION_CONTEXT() REPRESENTATION_CONTEXT('2D SPACE',''
  ) );
#5872 = ORIENTED_EDGE('',*,*,#5823,.T.);
#5873 = ADVANCED_FACE('',(#5874),#5811,.T.);
#5874 = FACE_BOUND('',#5875,.T.);
#5875 = EDGE_LOOP('',(#5876));
#5876 = ORIENTED_EDGE('',*,*,#5789,.T.);
#5877 = ADVANCED_FACE('',(#5878),#5861,.F.);
#5878 = FACE_BOUND('',#5879,.T.);
#5879 = EDGE_LOOP('',(#5880));
#5880 = ORIENTED_EDGE('',*,*,#5846,.F.);
#5881 = MANIFOLD_SOLID_BREP('',#5882);
#5882 = CLOSED_SHELL('',(#5883,#5971,#5975));
#5883 = ADVANCED_FACE('',(#5884),#5897,.T.);
#5884 = FACE_BOUND('',#5885,.T.);
#5885 = EDGE_LOOP('',(#5886,#5920,#5943,#5970));
#5886 = ORIENTED_EDGE('',*,*,#5887,.F.);
#5887 = EDGE_CURVE('',#5888,#5888,#5890,.T.);
#5888 = VERTEX_POINT('',#5889);
#5889 = CARTESIAN_POINT('',(47.5,40.,50.));
#5890 = SURFACE_CURVE('',#5891,(#5896,#5908),.PCURVE_S1.);
#5891 = CIRCLE('',#5892,2.5);
#5892 = AXIS2_PLACEMENT_3D('',#5893,#5894,#5895);
#5893 = CARTESIAN_POINT('',(45.,40.,50.));
#5894 = DIRECTION('',(0.,-1.,2.22044604925E-16));
#5895 = DIRECTION('',(1.,0.,0.));
#5896 = PCURVE('',#5897,#5902);
#5897 = CYLINDRICAL_SURFACE('',#5898,2.5);
#5898 = AXIS2_PLACEMENT_3D('',#5899,#5900,#5901);
#5899 = CARTESIAN_POINT('',(45.,62.,50.));
#5900 = DIRECTION('',(0.,-1.,2.22044604925E-16));
#5901 = DIRECTION('',(1.,0.,0.));
#5902 = DEFINITIONAL_REPRESENTATION('',(#5903),#5907);
#5903 = LINE('',#5904,#5905);
#5904 = CARTESIAN_POINT('',(0.,22.));
#5905 = VECTOR('',#5906,1.);
#5906 = DIRECTION('',(1.,0.));
#5907 = ( GEOMETRIC_REPRESENTATION_CONTEXT(2) 
PARAMETRIC_REPRESENTATION_CONTEXT() REPRESENTATION_CONTEXT('2D SPACE',''
  ) );
#5908 = PCURVE('',#5909,#5914);
#5909 = PLANE('',#5910);
#5910 = AXIS2_PLACEMENT_3D('',#5911,#5912,#5913);
#5911 = CARTESIAN_POINT('',(45.,40.,50.));
#5912 = DIRECTION('',(0.,-1.,2.22044604925E-16));
#5913 = DIRECTION('',(1.,0.,0.));
#5914 = DEFINITIONAL_REPRESENTATION('',(#5915),#5919);
#5915 = CIRCLE('',#5916,2.5);
#5916 = AXIS2_PLACEMENT_2D('',#5917,#5918);
#5917 = CARTESIAN_POINT('',(0.,0.));
#5918 = DIRECTION('',(1.,0.));
#5919 = ( GEOMETRIC_REPRESENTATION_CONTEXT(2) 
PARAMETRIC_REPRESENTATION_CONTEXT() REPRESENTATION_CONTEXT('2D SPACE',''
  ) );
#5920 = ORIENTED_EDGE('',*,*,#5921,.F.);
#5921 = EDGE_CURVE('',#5922,#5888,#5924,.T.);
#5922 = VERTEX_POINT('',#5923);
#5923 = CARTESIAN_POINT('',(47.5,62.,50.));
#5924 = SEAM_CURVE('',#5925,(#5929,#5936),.PCURVE_S1.);
#5925 = LINE('',#5926,#5927);
#5926 = CARTESIAN_POINT('',(47.5,62.,50.));
#5927 = VECTOR('',#5928,1.);
#5928 = DIRECTION('',(0.,-1.,2.22044604925E-16));
#5929 = PCURVE('',#5897,#5930);
#5930 = DEFINITIONAL_REPRESENTATION('',(#5931),#5935);
#5931 = LINE('',#5932,#5933);
#5932 = CARTESIAN_POINT('',(6.28318530718,-0.));
#5933 = VECTOR('',#5934,1.);
#5934 = DIRECTION('',(0.,1.));
#5935 = ( GEOMETRIC_REPRESENTATION_CONTEXT(2) 
PARAMETRIC_REPRESENTATION_CONTEXT() REPRESENTATION_CONTEXT('2D SPACE',''
  ) );
#5936 = PCURVE('',#5897,#5937);
#5937 = DEFINITIONAL_REPRESENTATION('',(#5938),#5942);
#5938 = LINE('',#5939,#5940);
#5939 = CARTESIAN_POINT('',(0.,-0.));
#5940 = VECTOR('',#5941,1.);
#5941 = DIRECTION('',(0.,1.));
#5942 = ( GEOMETRIC_REPRESENTATION_CONTEXT(2) 
PARAMETRIC_REPRESENTATION_CONTEXT() REPRESENTATION_CONTEXT('2D SPACE',''
  ) );
#5943 = ORIENTED_EDGE('',*,*,#5944,.T.);
#5944 = EDGE_CURVE('',#5922,#5922,#5945,.T.);
#5945 = SURFACE_CURVE('',#5946,(#5951,#5958),.PCURVE_S1.);
#5946 = CIRCLE('',#5947,2.5);
#5947 = AXIS2_PLACEMENT_3D('',#5948,#5949,#5950);
#5948 = CARTESIAN_POINT('',(45.,62.,50.));
#5949 = DIRECTION('',(0.,-1.,2.22044604925E-16));
#5950 = DIRECTION('',(1.,0.,0.));
#5951 = PCURVE('',#5897,#5952);
#5952 = DEFINITIONAL_REPRESENTATION('',(#5953),#5957);
#5953 = LINE('',#5954,#5955);
#5954 = CARTESIAN_POINT('',(0.,0.));
#5955 = VECTOR('',#5956,1.);
#5956 = DIRECTION('',(1.,0.));
#5957 = ( GEOMETRIC_REPRESENTATION_CONTEXT(2) 
PARAMETRIC_REPRESENTATION_CONTEXT() REPRESENTATION_CONTEXT('2D SPACE',''
  ) );
#5958 = PCURVE('',#5959,#5964);
#5959 = PLANE('',#5960);
#5960 = AXIS2_PLACEMENT_3D('',#5961,#5962,#5963);
#5961 = CARTESIAN_POINT('',(45.,62.,50.));
#5962 = DIRECTION('',(0.,-1.,2.22044604925E-16));
#5963 = DIRECTION('',(1.,0.,0.));
#5964 = DEFINITIONAL_REPRESENTATION('',(#5965),#5969);
#5965 = CIRCLE('',#5966,2.5);
#5966 = AXIS2_PLACEMENT_2D('',#5967,#5968);
#5967 = CARTESIAN_POINT('',(0.,0.));
#5968 = DIRECTION('',(1.,0.));
#5969 = ( GEOMETRIC_REPRESENTATION_CONTEXT(2) 
PARAMETRIC_REPRESENTATION_CONTEXT() REPRESENTATION_CONTEXT('2D SPACE',''
  ) );
#5970 = ORIENTED_EDGE('',*,*,#5921,.T.);
#5971 = ADVANCED_FACE('',(#5972),#5909,.T.);
#5972 = FACE_BOUND('',#5973,.T.);
#5973 = EDGE_LOOP('',(#5974));
#5974 = ORIENTED_EDGE('',*,*,#5887,.T.);
#5975 = ADVANCED_FACE('',(#5976),#5959,.F.);
#5976 = FACE_BOUND('',#5977,.T.);
#5977 = EDGE_LOOP('',(#5978));
#5978 = ORIENTED_EDGE('',*,*,#5944,.F.);
#5979 = MANIFOLD_SOLID_BREP('',#5980);
#5980 = CLOSED_SHELL('',(#5981,#6069,#6073));
#5981 = ADVANCED_FACE('',(#5982),#5995,.T.);
#5982 = FACE_BOUND('',#5983,.T.);
#5983 = EDGE_LOOP('',(#5984,#6018,#6041,#6068));
#5984 = ORIENTED_EDGE('',*,*,#5985,.F.);
#5985 = EDGE_CURVE('',#5986,#5986,#5988,.T.);
#5986 = VERTEX_POINT('',#5987);
#5987 = CARTESIAN_POINT('',(-49.5,40.,100.));
#5988 = SURFACE_CURVE('',#5989,(#5994,#6006),.PCURVE_S1.);
#5989 = CIRCLE('',#5990,2.5);
#5990 = AXIS2_PLACEMENT_3D('',#5991,#5992,#5993);
#5991 = CARTESIAN_POINT('',(-52.,40.,100.));
#5992 = DIRECTION('',(0.,-1.,2.22044604925E-16));
#5993 = DIRECTION('',(1.,0.,0.));
#5994 = PCURVE('',#5995,#6000);
#5995 = CYLINDRICAL_SURFACE('',#5996,2.5);
#5996 = AXIS2_PLACEMENT_3D('',#5997,#5998,#5999);
#5997 = CARTESIAN_POINT('',(-52.,62.,100.));
#5998 = DIRECTION('',(0.,-1.,2.22044604925E-16));
#5999 = DIRECTION('',(1.,0.,0.));
#6000 = DEFINITIONAL_REPRESENTATION('',(#6001),#6005);
#6001 = LINE('',#6002,#6003);
#6002 = CARTESIAN_POINT('',(0.,22.));
#6003 = VECTOR('',#6004,1.);
#6004 = DIRECTION('',(1.,0.));
#6005 = ( GEOMETRIC_REPRESENTATION_CONTEXT(2) 
PARAMETRIC_REPRESENTATION_CONTEXT() REPRESENTATION_CONTEXT('2D SPACE',''
  ) );
#6006 = PCURVE('',#6007,#6012);
#6007 = PLANE('',#6008);
#6008 = AXIS2_PLACEMENT_3D('',#6009,#6010,#6011);
#6009 = CARTESIAN_POINT('',(-52.,40.,100.));
#6010 = DIRECTION('',(0.,-1.,2.22044604925E-16));
#6011 = DIRECTION('',(1.,0.,0.));
#6012 = DEFINITIONAL_REPRESENTATION('',(#6013),#6017);
#6013 = CIRCLE('',#6014,2.5);
#6014 = AXIS2_PLACEMENT_2D('',#6015,#6016);
#6015 = CARTESIAN_POINT('',(0.,0.));
#6016 = DIRECTION('',(1.,0.));
#6017 = ( GEOMETRIC_REPRESENTATION_CONTEXT(2) 
PARAMETRIC_REPRESENTATION_CONTEXT() REPRESENTATION_CONTEXT('2D SPACE',''
  ) );
#6018 = ORIENTED_EDGE('',*,*,#6019,.F.);
#6019 = EDGE_CURVE('',#6020,#5986,#6022,.T.);
#6020 = VERTEX_POINT('',#6021);
#6021 = CARTESIAN_POINT('',(-49.5,62.,100.));
#6022 = SEAM_CURVE('',#6023,(#6027,#6034),.PCURVE_S1.);
#6023 = LINE('',#6024,#6025);
#6024 = CARTESIAN_POINT('',(-49.5,62.,100.));
#6025 = VECTOR('',#6026,1.);
#6026 = DIRECTION('',(0.,-1.,2.22044604925E-16));
#6027 = PCURVE('',#5995,#6028);
#6028 = DEFINITIONAL_REPRESENTATION('',(#6029),#6033);
#6029 = LINE('',#6030,#6031);
#6030 = CARTESIAN_POINT('',(6.28318530718,-0.));
#6031 = VECTOR('',#6032,1.);
#6032 = DIRECTION('',(0.,1.));
#6033 = ( GEOMETRIC_REPRESENTATION_CONTEXT(2) 
PARAMETRIC_REPRESENTATION_CONTEXT() REPRESENTATION_CONTEXT('2D SPACE',''
  ) );
#6034 = PCURVE('',#5995,#6035);
#6035 = DEFINITIONAL_REPRESENTATION('',(#6036),#6040);
#6036 = LINE('',#6037,#6038);
#6037 = CARTESIAN_POINT('',(0.,-0.));
#6038 = VECTOR('',#6039,1.);
#6039 = DIRECTION('',(0.,1.));
#6040 = ( GEOMETRIC_REPRESENTATION_CONTEXT(2) 
PARAMETRIC_REPRESENTATION_CONTEXT() REPRESENTATION_CONTEXT('2D SPACE',''
  ) );
#6041 = ORIENTED_EDGE('',*,*,#6042,.T.);
#6042 = EDGE_CURVE('',#6020,#6020,#6043,.T.);
#6043 = SURFACE_CURVE('',#6044,(#6049,#6056),.PCURVE_S1.);
#6044 = CIRCLE('',#6045,2.5);
#6045 = AXIS2_PLACEMENT_3D('',#6046,#6047,#6048);
#6046 = CARTESIAN_POINT('',(-52.,62.,100.));
#6047 = DIRECTION('',(0.,-1.,2.22044604925E-16));
#6048 = DIRECTION('',(1.,0.,0.));
#6049 = PCURVE('',#5995,#6050);
#6050 = DEFINITIONAL_REPRESENTATION('',(#6051),#6055);
#6051 = LINE('',#6052,#6053);
#6052 = CARTESIAN_POINT('',(0.,0.));
#6053 = VECTOR('',#6054,1.);
#6054 = DIRECTION('',(1.,0.));
#6055 = ( GEOMETRIC_REPRESENTATION_CONTEXT(2) 
PARAMETRIC_REPRESENTATION_CONTEXT() REPRESENTATION_CONTEXT('2D SPACE',''
  ) );
#6056 = PCURVE('',#6057,#6062);
#6057 = PLANE('',#6058);
#6058 = AXIS2_PLACEMENT_3D('',#6059,#6060,#6061);
#6059 = CARTESIAN_POINT('',(-52.,62.,100.));
#6060 = DIRECTION('',(0.,-1.,2.22044604925E-16));
#6061 = DIRECTION('',(1.,0.,0.));
#6062 = DEFINITIONAL_REPRESENTATION('',(#6063),#6067);
#6063 = CIRCLE('',#6064,2.5);
#6064 = AXIS2_PLACEMENT_2D('',#6065,#6066);
#6065 = CARTESIAN_POINT('',(0.,0.));
#6066 = DIRECTION('',(1.,0.));
#6067 = ( GEOMETRIC_REPRESENTATION_CONTEXT(2) 
PARAMETRIC_REPRESENTATION_CONTEXT() REPRESENTATION_CONTEXT('2D SPACE',''
  ) );
#6068 = ORIENTED_EDGE('',*,*,#6019,.T.);
#6069 = ADVANCED_FACE('',(#6070),#6007,.T.);
#6070 = FACE_BOUND('',#6071,.T.);
#6071 = EDGE_LOOP('',(#6072));
#6072 = ORIENTED_EDGE('',*,*,#5985,.T.);
#6073 = ADVANCED_FACE('',(#6074),#6057,.F.);
#6074 = FACE_BOUND('',#6075,.T.);
#6075 = EDGE_LOOP('',(#6076));
#6076 = ORIENTED_EDGE('',*,*,#6042,.F.);
#6077 = MANIFOLD_SOLID_BREP('',#6078);
#6078 = CLOSED_SHELL('',(#6079,#6167,#6171));
#6079 = ADVANCED_FACE('',(#6080),#6093,.T.);
#6080 = FACE_BOUND('',#6081,.T.);
#6081 = EDGE_LOOP('',(#6082,#6116,#6139,#6166));
#6082 = ORIENTED_EDGE('',*,*,#6083,.F.);
#6083 = EDGE_CURVE('',#6084,#6084,#6086,.T.);
#6084 = VERTEX_POINT('',#6085);
#6085 = CARTESIAN_POINT('',(-49.5,40.,200.));
#6086 = SURFACE_CURVE('',#6087,(#6092,#6104),.PCURVE_S1.);
#6087 = CIRCLE('',#6088,2.5);
#6088 = AXIS2_PLACEMENT_3D('',#6089,#6090,#6091);
#6089 = CARTESIAN_POINT('',(-52.,40.,200.));
#6090 = DIRECTION('',(0.,-1.,2.22044604925E-16));
#6091 = DIRECTION('',(1.,0.,0.));
#6092 = PCURVE('',#6093,#6098);
#6093 = CYLINDRICAL_SURFACE('',#6094,2.5);
#6094 = AXIS2_PLACEMENT_3D('',#6095,#6096,#6097);
#6095 = CARTESIAN_POINT('',(-52.,62.,200.));
#6096 = DIRECTION('',(0.,-1.,2.22044604925E-16));
#6097 = DIRECTION('',(1.,0.,0.));
#6098 = DEFINITIONAL_REPRESENTATION('',(#6099),#6103);
#6099 = LINE('',#6100,#6101);
#6100 = CARTESIAN_POINT('',(0.,22.));
#6101 = VECTOR('',#6102,1.);
#6102 = DIRECTION('',(1.,0.));
#6103 = ( GEOMETRIC_REPRESENTATION_CONTEXT(2) 
PARAMETRIC_REPRESENTATION_CONTEXT() REPRESENTATION_CONTEXT('2D SPACE',''
  ) );
#6104 = PCURVE('',#6105,#6110);
#6105 = PLANE('',#6106);
#6106 = AXIS2_PLACEMENT_3D('',#6107,#6108,#6109);
#6107 = CARTESIAN_POINT('',(-52.,40.,200.));
#6108 = DIRECTION('',(0.,-1.,2.22044604925E-16));
#6109 = DIRECTION('',(1.,0.,0.));
#6110 = DEFINITIONAL_REPRESENTATION('',(#6111),#6115);
#6111 = CIRCLE('',#6112,2.5);
#6112 = AXIS2_PLACEMENT_2D('',#6113,#6114);
#6113 = CARTESIAN_POINT('',(0.,0.));
#6114 = DIRECTION('',(1.,0.));
#6115 = ( GEOMETRIC_REPRESENTATION_CONTEXT(2) 
PARAMETRIC_REPRESENTATION_CONTEXT() REPRESENTATION_CONTEXT('2D SPACE',''
  ) );
#6116 = ORIENTED_EDGE('',*,*,#6117,.F.);
#6117 = EDGE_CURVE('',#6118,#6084,#6120,.T.);
#6118 = VERTEX_POINT('',#6119);
#6119 = CARTESIAN_POINT('',(-49.5,62.,200.));
#6120 = SEAM_CURVE('',#6121,(#6125,#6132),.PCURVE_S1.);
#6121 = LINE('',#6122,#6123);
#6122 = CARTESIAN_POINT('',(-49.5,62.,200.));
#6123 = VECTOR('',#6124,1.);
#6124 = DIRECTION('',(0.,-1.,2.22044604925E-16));
#6125 = PCURVE('',#6093,#6126);
#6126 = DEFINITIONAL_REPRESENTATION('',(#6127),#6131);
#6127 = LINE('',#6128,#6129);
#6128 = CARTESIAN_POINT('',(6.28318530718,-0.));
#6129 = VECTOR('',#6130,1.);
#6130 = DIRECTION('',(0.,1.));
#6131 = ( GEOMETRIC_REPRESENTATION_CONTEXT(2) 
PARAMETRIC_REPRESENTATION_CONTEXT() REPRESENTATION_CONTEXT('2D SPACE',''
  ) );
#6132 = PCURVE('',#6093,#6133);
#6133 = DEFINITIONAL_REPRESENTATION('',(#6134),#6138);
#6134 = LINE('',#6135,#6136);
#6135 = CARTESIAN_POINT('',(0.,-0.));
#6136 = VECTOR('',#6137,1.);
#6137 = DIRECTION('',(0.,1.));
#6138 = ( GEOMETRIC_REPRESENTATION_CONTEXT(2) 
PARAMETRIC_REPRESENTATION_CONTEXT() REPRESENTATION_CONTEXT('2D SPACE',''
  ) );
#6139 = ORIENTED_EDGE('',*,*,#6140,.T.);
#6140 = EDGE_CURVE('',#6118,#6118,#6141,.T.);
#6141 = SURFACE_CURVE('',#6142,(#6147,#6154),.PCURVE_S1.);
#6142 = CIRCLE('',#6143,2.5);
#6143 = AXIS2_PLACEMENT_3D('',#6144,#6145,#6146);
#6144 = CARTESIAN_POINT('',(-52.,62.,200.));
#6145 = DIRECTION('',(0.,-1.,2.22044604925E-16));
#6146 = DIRECTION('',(1.,0.,0.));
#6147 = PCURVE('',#6093,#6148);
#6148 = DEFINITIONAL_REPRESENTATION('',(#6149),#6153);
#6149 = LINE('',#6150,#6151);
#6150 = CARTESIAN_POINT('',(0.,0.));
#6151 = VECTOR('',#6152,1.);
#6152 = DIRECTION('',(1.,0.));
#6153 = ( GEOMETRIC_REPRESENTATION_CONTEXT(2) 
PARAMETRIC_REPRESENTATION_CONTEXT() REPRESENTATION_CONTEXT('2D SPACE',''
  ) );
#6154 = PCURVE('',#6155,#6160);
#6155 = PLANE('',#6156);
#6156 = AXIS2_PLACEMENT_3D('',#6157,#6158,#6159);
#6157 = CARTESIAN_POINT('',(-52.,62.,200.));
#6158 = DIRECTION('',(0.,-1.,2.22044604925E-16));
#6159 = DIRECTION('',(1.,0.,0.));
#6160 = DEFINITIONAL_REPRESENTATION('',(#6161),#6165);
#6161 = CIRCLE('',#6162,2.5);
#6162 = AXIS2_PLACEMENT_2D('',#6163,#6164);
#6163 = CARTESIAN_POINT('',(0.,0.));
#6164 = DIRECTION('',(1.,0.));
#6165 = ( GEOMETRIC_REPRESENTATION_CONTEXT(2) 
PARAMETRIC_REPRESENTATION_CONTEXT() REPRESENTATION_CONTEXT('2D SPACE',''
  ) );
#6166 = ORIENTED_EDGE('',*,*,#6117,.T.);
#6167 = ADVANCED_FACE('',(#6168),#6105,.T.);
#6168 = FACE_BOUND('',#6169,.T.);
#6169 = EDGE_LOOP('',(#6170));
#6170 = ORIENTED_EDGE('',*,*,#6083,.T.);
#6171 = ADVANCED_FACE('',(#6172),#6155,.F.);
#6172 = FACE_BOUND('',#6173,.T.);
#6173 = EDGE_LOOP('',(#6174));
#6174 = ORIENTED_EDGE('',*,*,#6140,.F.);
#6175 = MANIFOLD_SOLID_BREP('',#6176);
#6176 = CLOSED_SHELL('',(#6177,#6265,#6269));
#6177 = ADVANCED_FACE('',(#6178),#6191,.T.);
#6178 = FACE_BOUND('',#6179,.T.);
#6179 = EDGE_LOOP('',(#6180,#6214,#6237,#6264));
#6180 = ORIENTED_EDGE('',*,*,#6181,.F.);
#6181 = EDGE_CURVE('',#6182,#6182,#6184,.T.);
#6182 = VERTEX_POINT('',#6183);
#6183 = CARTESIAN_POINT('',(54.5,40.,100.));
#6184 = SURFACE_CURVE('',#6185,(#6190,#6202),.PCURVE_S1.);
#6185 = CIRCLE('',#6186,2.5);
#6186 = AXIS2_PLACEMENT_3D('',#6187,#6188,#6189);
#6187 = CARTESIAN_POINT('',(52.,40.,100.));
#6188 = DIRECTION('',(0.,-1.,2.22044604925E-16));
#6189 = DIRECTION('',(1.,0.,0.));
#6190 = PCURVE('',#6191,#6196);
#6191 = CYLINDRICAL_SURFACE('',#6192,2.5);
#6192 = AXIS2_PLACEMENT_3D('',#6193,#6194,#6195);
#6193 = CARTESIAN_POINT('',(52.,62.,100.));
#6194 = DIRECTION('',(0.,-1.,2.22044604925E-16));
#6195 = DIRECTION('',(1.,0.,0.));
#6196 = DEFINITIONAL_REPRESENTATION('',(#6197),#6201);
#6197 = LINE('',#6198,#6199);
#6198 = CARTESIAN_POINT('',(0.,22.));
#6199 = VECTOR('',#6200,1.);
#6200 = DIRECTION('',(1.,0.));
#6201 = ( GEOMETRIC_REPRESENTATION_CONTEXT(2) 
PARAMETRIC_REPRESENTATION_CONTEXT() REPRESENTATION_CONTEXT('2D SPACE',''
  ) );
#6202 = PCURVE('',#6203,#6208);
#6203 = PLANE('',#6204);
#6204 = AXIS2_PLACEMENT_3D('',#6205,#6206,#6207);
#6205 = CARTESIAN_POINT('',(52.,40.,100.));
#6206 = DIRECTION('',(0.,-1.,2.22044604925E-16));
#6207 = DIRECTION('',(1.,0.,0.));
#6208 = DEFINITIONAL_REPRESENTATION('',(#6209),#6213);
#6209 = CIRCLE('',#6210,2.5);
#6210 = AXIS2_PLACEMENT_2D('',#6211,#6212);
#6211 = CARTESIAN_POINT('',(0.,0.));
#6212 = DIRECTION('',(1.,0.));
#6213 = ( GEOMETRIC_REPRESENTATION_CONTEXT(2) 
PARAMETRIC_REPRESENTATION_CONTEXT() REPRESENTATION_CONTEXT('2D SPACE',''
  ) );
#6214 = ORIENTED_EDGE('',*,*,#6215,.F.);
#6215 = EDGE_CURVE('',#6216,#6182,#6218,.T.);
#6216 = VERTEX_POINT('',#6217);
#6217 = CARTESIAN_POINT('',(54.5,62.,100.));
#6218 = SEAM_CURVE('',#6219,(#6223,#6230),.PCURVE_S1.);
#6219 = LINE('',#6220,#6221);
#6220 = CARTESIAN_POINT('',(54.5,62.,100.));
#6221 = VECTOR('',#6222,1.);
#6222 = DIRECTION('',(0.,-1.,2.22044604925E-16));
#6223 = PCURVE('',#6191,#6224);
#6224 = DEFINITIONAL_REPRESENTATION('',(#6225),#6229);
#6225 = LINE('',#6226,#6227);
#6226 = CARTESIAN_POINT('',(6.28318530718,-0.));
#6227 = VECTOR('',#6228,1.);
#6228 = DIRECTION('',(0.,1.));
#6229 = ( GEOMETRIC_REPRESENTATION_CONTEXT(2) 
PARAMETRIC_REPRESENTATION_CONTEXT() REPRESENTATION_CONTEXT('2D SPACE',''
  ) );
#6230 = PCURVE('',#6191,#6231);
#6231 = DEFINITIONAL_REPRESENTATION('',(#6232),#6236);
#6232 = LINE('',#6233,#6234);
#6233 = CARTESIAN_POINT('',(0.,-0.));
#6234 = VECTOR('',#6235,1.);
#6235 = DIRECTION('',(0.,1.));
#6236 = ( GEOMETRIC_REPRESENTATION_CONTEXT(2) 
PARAMETRIC_REPRESENTATION_CONTEXT() REPRESENTATION_CONTEXT('2D SPACE',''
  ) );
#6237 = ORIENTED_EDGE('',*,*,#6238,.T.);
#6238 = EDGE_CURVE('',#6216,#6216,#6239,.T.);
#6239 = SURFACE_CURVE('',#6240,(#6245,#6252),.PCURVE_S1.);
#6240 = CIRCLE('',#6241,2.5);
#6241 = AXIS2_PLACEMENT_3D('',#6242,#6243,#6244);
#6242 = CARTESIAN_POINT('',(52.,62.,100.));
#6243 = DIRECTION('',(0.,-1.,2.22044604925E-16));
#6244 = DIRECTION('',(1.,0.,0.));
#6245 = PCURVE('',#6191,#6246);
#6246 = DEFINITIONAL_REPRESENTATION('',(#6247),#6251);
#6247 = LINE('',#6248,#6249);
#6248 = CARTESIAN_POINT('',(0.,0.));
#6249 = VECTOR('',#6250,1.);
#6250 = DIRECTION('',(1.,0.));
#6251 = ( GEOMETRIC_REPRESENTATION_CONTEXT(2) 
PARAMETRIC_REPRESENTATION_CONTEXT() REPRESENTATION_CONTEXT('2D SPACE',''
  ) );
#6252 = PCURVE('',#6253,#6258);
#6253 = PLANE('',#6254);
#6254 = AXIS2_PLACEMENT_3D('',#6255,#6256,#6257);
#6255 = CARTESIAN_POINT('',(52.,62.,100.));
#6256 = DIRECTION('',(0.,-1.,2.22044604925E-16));
#6257 = DIRECTION('',(1.,0.,0.));
#6258 = DEFINITIONAL_REPRESENTATION('',(#6259),#6263);
#6259 = CIRCLE('',#6260,2.5);
#6260 = AXIS2_PLACEMENT_2D('',#6261,#6262);
#6261 = CARTESIAN_POINT('',(0.,0.));
#6262 = DIRECTION('',(1.,0.));
#6263 = ( GEOMETRIC_REPRESENTATION_CONTEXT(2) 
PARAMETRIC_REPRESENTATION_CONTEXT() REPRESENTATION_CONTEXT('2D SPACE',''
  ) );
#6264 = ORIENTED_EDGE('',*,*,#6215,.T.);
#6265 = ADVANCED_FACE('',(#6266),#6203,.T.);
#6266 = FACE_BOUND('',#6267,.T.);
#6267 = EDGE_LOOP('',(#6268));
#6268 = ORIENTED_EDGE('',*,*,#6181,.T.);
#6269 = ADVANCED_FACE('',(#6270),#6253,.F.);
#6270 = FACE_BOUND('',#6271,.T.);
#6271 = EDGE_LOOP('',(#6272));
#6272 = ORIENTED_EDGE('',*,*,#6238,.F.);
#6273 = MANIFOLD_SOLID_BREP('',#6274);
#6274 = CLOSED_SHELL('',(#6275,#6363,#6367));
#6275 = ADVANCED_FACE('',(#6276),#6289,.T.);
#6276 = FACE_BOUND('',#6277,.T.);
#6277 = EDGE_LOOP('',(#6278,#6312,#6335,#6362));
#6278 = ORIENTED_EDGE('',*,*,#6279,.F.);
#6279 = EDGE_CURVE('',#6280,#6280,#6282,.T.);
#6280 = VERTEX_POINT('',#6281);
#6281 = CARTESIAN_POINT('',(54.5,40.,200.));
#6282 = SURFACE_CURVE('',#6283,(#6288,#6300),.PCURVE_S1.);
#6283 = CIRCLE('',#6284,2.5);
#6284 = AXIS2_PLACEMENT_3D('',#6285,#6286,#6287);
#6285 = CARTESIAN_POINT('',(52.,40.,200.));
#6286 = DIRECTION('',(0.,-1.,2.22044604925E-16));
#6287 = DIRECTION('',(1.,0.,0.));
#6288 = PCURVE('',#6289,#6294);
#6289 = CYLINDRICAL_SURFACE('',#6290,2.5);
#6290 = AXIS2_PLACEMENT_3D('',#6291,#6292,#6293);
#6291 = CARTESIAN_POINT('',(52.,62.,200.));
#6292 = DIRECTION('',(0.,-1.,2.22044604925E-16));
#6293 = DIRECTION('',(1.,0.,0.));
#6294 = DEFINITIONAL_REPRESENTATION('',(#6295),#6299);
#6295 = LINE('',#6296,#6297);
#6296 = CARTESIAN_POINT('',(0.,22.));
#6297 = VECTOR('',#6298,1.);
#6298 = DIRECTION('',(1.,0.));
#6299 = ( GEOMETRIC_REPRESENTATION_CONTEXT(2) 
PARAMETRIC_REPRESENTATION_CONTEXT() REPRESENTATION_CONTEXT('2D SPACE',''
  ) );
#6300 = PCURVE('',#6301,#6306);
#6301 = PLANE('',#6302);
#6302 = AXIS2_PLACEMENT_3D('',#6303,#6304,#6305);
#6303 = CARTESIAN_POINT('',(52.,40.,200.));
#6304 = DIRECTION('',(0.,-1.,2.22044604925E-16));
#6305 = DIRECTION('',(1.,0.,0.));
#6306 = DEFINITIONAL_REPRESENTATION('',(#6307),#6311);
#6307 = CIRCLE('',#6308,2.5);
#6308 = AXIS2_PLACEMENT_2D('',#6309,#6310);
#6309 = CARTESIAN_POINT('',(0.,0.));
#6310 = DIRECTION('',(1.,0.));
#6311 = ( GEOMETRIC_REPRESENTATION_CONTEXT(2) 
PARAMETRIC_REPRESENTATION_CONTEXT() REPRESENTATION_CONTEXT('2D SPACE',''
  ) );
#6312 = ORIENTED_EDGE('',*,*,#6313,.F.);
#6313 = EDGE_CURVE('',#6314,#6280,#6316,.T.);
#6314 = VERTEX_POINT('',#6315);
#6315 = CARTESIAN_POINT('',(54.5,62.,200.));
#6316 = SEAM_CURVE('',#6317,(#6321,#6328),.PCURVE_S1.);
#6317 = LINE('',#6318,#6319);
#6318 = CARTESIAN_POINT('',(54.5,62.,200.));
#6319 = VECTOR('',#6320,1.);
#6320 = DIRECTION('',(0.,-1.,2.22044604925E-16));
#6321 = PCURVE('',#6289,#6322);
#6322 = DEFINITIONAL_REPRESENTATION('',(#6323),#6327);
#6323 = LINE('',#6324,#6325);
#6324 = CARTESIAN_POINT('',(6.28318530718,-0.));
#6325 = VECTOR('',#6326,1.);
#6326 = DIRECTION('',(0.,1.));
#6327 = ( GEOMETRIC_REPRESENTATION_CONTEXT(2) 
PARAMETRIC_REPRESENTATION_CONTEXT() REPRESENTATION_CONTEXT('2D SPACE',''
  ) );
#6328 = PCURVE('',#6289,#6329);
#6329 = DEFINITIONAL_REPRESENTATION('',(#6330),#6334);
#6330 = LINE('',#6331,#6332);
#6331 = CARTESIAN_POINT('',(0.,-0.));
#6332 = VECTOR('',#6333,1.);
#6333 = DIRECTION('',(0.,1.));
#6334 = ( GEOMETRIC_REPRESENTATION_CONTEXT(2) 
PARAMETRIC_REPRESENTATION_CONTEXT() REPRESENTATION_CONTEXT('2D SPACE',''
  ) );
#6335 = ORIENTED_EDGE('',*,*,#6336,.T.);
#6336 = EDGE_CURVE('',#6314,#6314,#6337,.T.);
#6337 = SURFACE_CURVE('',#6338,(#6343,#6350),.PCURVE_S1.);
#6338 = CIRCLE('',#6339,2.5);
#6339 = AXIS2_PLACEMENT_3D('',#6340,#6341,#6342);
#6340 = CARTESIAN_POINT('',(52.,62.,200.));
#6341 = DIRECTION('',(0.,-1.,2.22044604925E-16));
#6342 = DIRECTION('',(1.,0.,0.));
#6343 = PCURVE('',#6289,#6344);
#6344 = DEFINITIONAL_REPRESENTATION('',(#6345),#6349);
#6345 = LINE('',#6346,#6347);
#6346 = CARTESIAN_POINT('',(0.,0.));
#6347 = VECTOR('',#6348,1.);
#6348 = DIRECTION('',(1.,0.));
#6349 = ( GEOMETRIC_REPRESENTATION_CONTEXT(2) 
PARAMETRIC_REPRESENTATION_CONTEXT() REPRESENTATION_CONTEXT('2D SPACE',''
  ) );
#6350 = PCURVE('',#6351,#6356);
#6351 = PLANE('',#6352);
#6352 = AXIS2_PLACEMENT_3D('',#6353,#6354,#6355);
#6353 = CARTESIAN_POINT('',(52.,62.,200.));
#6354 = DIRECTION('',(0.,-1.,2.22044604925E-16));
#6355 = DIRECTION('',(1.,0.,0.));
#6356 = DEFINITIONAL_REPRESENTATION('',(#6357),#6361);
#6357 = CIRCLE('',#6358,2.5);
#6358 = AXIS2_PLACEMENT_2D('',#6359,#6360);
#6359 = CARTESIAN_POINT('',(0.,0.));
#6360 = DIRECTION('',(1.,0.));
#6361 = ( GEOMETRIC_REPRESENTATION_CONTEXT(2) 
PARAMETRIC_REPRESENTATION_CONTEXT() REPRESENTATION_CONTEXT('2D SPACE',''
  ) );
#6362 = ORIENTED_EDGE('',*,*,#6313,.T.);
#6363 = ADVANCED_FACE('',(#6364),#6301,.T.);
#6364 = FACE_BOUND('',#6365,.T.);
#6365 = EDGE_LOOP('',(#6366));
#6366 = ORIENTED_EDGE('',*,*,#6279,.T.);
#6367 = ADVANCED_FACE('',(#6368),#6351,.F.);
#6368 = FACE_BOUND('',#6369,.T.);
#6369 = EDGE_LOOP('',(#6370));
#6370 = ORIENTED_EDGE('',*,*,#6336,.F.);
#6371 = MANIFOLD_SOLID_BREP('',#6372);
#6372 = CLOSED_SHELL('',(#6373,#6461,#6465));
#6373 = ADVANCED_FACE('',(#6374),#6387,.T.);
#6374 = FACE_BOUND('',#6375,.T.);
#6375 = EDGE_LOOP('',(#6376,#6410,#6433,#6460));
#6376 = ORIENTED_EDGE('',*,*,#6377,.F.);
#6377 = EDGE_CURVE('',#6378,#6378,#6380,.T.);
#6378 = VERTEX_POINT('',#6379);
#6379 = CARTESIAN_POINT('',(-13.5,44.,374.));
#6380 = SURFACE_CURVE('',#6381,(#6386,#6398),.PCURVE_S1.);
#6381 = CIRCLE('',#6382,2.5);
#6382 = AXIS2_PLACEMENT_3D('',#6383,#6384,#6385);
#6383 = CARTESIAN_POINT('',(-16.,44.,374.));
#6384 = DIRECTION('',(0.,-1.,2.22044604925E-16));
#6385 = DIRECTION('',(1.,0.,0.));
#6386 = PCURVE('',#6387,#6392);
#6387 = CYLINDRICAL_SURFACE('',#6388,2.5);
#6388 = AXIS2_PLACEMENT_3D('',#6389,#6390,#6391);
#6389 = CARTESIAN_POINT('',(-16.,62.,374.));
#6390 = DIRECTION('',(0.,-1.,2.22044604925E-16));
#6391 = DIRECTION('',(1.,0.,0.));
#6392 = DEFINITIONAL_REPRESENTATION('',(#6393),#6397);
#6393 = LINE('',#6394,#6395);
#6394 = CARTESIAN_POINT('',(0.,18.));
#6395 = VECTOR('',#6396,1.);
#6396 = DIRECTION('',(1.,0.));
#6397 = ( GEOMETRIC_REPRESENTATION_CONTEXT(2) 
PARAMETRIC_REPRESENTATION_CONTEXT() REPRESENTATION_CONTEXT('2D SPACE',''
  ) );
#6398 = PCURVE('',#6399,#6404);
#6399 = PLANE('',#6400);
#6400 = AXIS2_PLACEMENT_3D('',#6401,#6402,#6403);
#6401 = CARTESIAN_POINT('',(-16.,44.,374.));
#6402 = DIRECTION('',(0.,-1.,2.22044604925E-16));
#6403 = DIRECTION('',(1.,0.,0.));
#6404 = DEFINITIONAL_REPRESENTATION('',(#6405),#6409);
#6405 = CIRCLE('',#6406,2.5);
#6406 = AXIS2_PLACEMENT_2D('',#6407,#6408);
#6407 = CARTESIAN_POINT('',(0.,0.));
#6408 = DIRECTION('',(1.,0.));
#6409 = ( GEOMETRIC_REPRESENTATION_CONTEXT(2) 
PARAMETRIC_REPRESENTATION_CONTEXT() REPRESENTATION_CONTEXT('2D SPACE',''
  ) );
#6410 = ORIENTED_EDGE('',*,*,#6411,.F.);
#6411 = EDGE_CURVE('',#6412,#6378,#6414,.T.);
#6412 = VERTEX_POINT('',#6413);
#6413 = CARTESIAN_POINT('',(-13.5,62.,374.));
#6414 = SEAM_CURVE('',#6415,(#6419,#6426),.PCURVE_S1.);
#6415 = LINE('',#6416,#6417);
#6416 = CARTESIAN_POINT('',(-13.5,62.,374.));
#6417 = VECTOR('',#6418,1.);
#6418 = DIRECTION('',(0.,-1.,2.22044604925E-16));
#6419 = PCURVE('',#6387,#6420);
#6420 = DEFINITIONAL_REPRESENTATION('',(#6421),#6425);
#6421 = LINE('',#6422,#6423);
#6422 = CARTESIAN_POINT('',(6.28318530718,-0.));
#6423 = VECTOR('',#6424,1.);
#6424 = DIRECTION('',(0.,1.));
#6425 = ( GEOMETRIC_REPRESENTATION_CONTEXT(2) 
PARAMETRIC_REPRESENTATION_CONTEXT() REPRESENTATION_CONTEXT('2D SPACE',''
  ) );
#6426 = PCURVE('',#6387,#6427);
#6427 = DEFINITIONAL_REPRESENTATION('',(#6428),#6432);
#6428 = LINE('',#6429,#6430);
#6429 = CARTESIAN_POINT('',(0.,-0.));
#6430 = VECTOR('',#6431,1.);
#6431 = DIRECTION('',(0.,1.));
#6432 = ( GEOMETRIC_REPRESENTATION_CONTEXT(2) 
PARAMETRIC_REPRESENTATION_CONTEXT() REPRESENTATION_CONTEXT('2D SPACE',''
  ) );
#6433 = ORIENTED_EDGE('',*,*,#6434,.T.);
#6434 = EDGE_CURVE('',#6412,#6412,#6435,.T.);
#6435 = SURFACE_CURVE('',#6436,(#6441,#6448),.PCURVE_S1.);
#6436 = CIRCLE('',#6437,2.5);
#6437 = AXIS2_PLACEMENT_3D('',#6438,#6439,#6440);
#6438 = CARTESIAN_POINT('',(-16.,62.,374.));
#6439 = DIRECTION('',(0.,-1.,2.22044604925E-16));
#6440 = DIRECTION('',(1.,0.,0.));
#6441 = PCURVE('',#6387,#6442);
#6442 = DEFINITIONAL_REPRESENTATION('',(#6443),#6447);
#6443 = LINE('',#6444,#6445);
#6444 = CARTESIAN_POINT('',(0.,0.));
#6445 = VECTOR('',#6446,1.);
#6446 = DIRECTION('',(1.,0.));
#6447 = ( GEOMETRIC_REPRESENTATION_CONTEXT(2) 
PARAMETRIC_REPRESENTATION_CONTEXT() REPRESENTATION_CONTEXT('2D SPACE',''
  ) );
#6448 = PCURVE('',#6449,#6454);
#6449 = PLANE('',#6450);
#6450 = AXIS2_PLACEMENT_3D('',#6451,#6452,#6453);
#6451 = CARTESIAN_POINT('',(-16.,62.,374.));
#6452 = DIRECTION('',(0.,-1.,2.22044604925E-16));
#6453 = DIRECTION('',(1.,0.,0.));
#6454 = DEFINITIONAL_REPRESENTATION('',(#6455),#6459);
#6455 = CIRCLE('',#6456,2.5);
#6456 = AXIS2_PLACEMENT_2D('',#6457,#6458);
#6457 = CARTESIAN_POINT('',(0.,0.));
#6458 = DIRECTION('',(1.,0.));
#6459 = ( GEOMETRIC_REPRESENTATION_CONTEXT(2) 
PARAMETRIC_REPRESENTATION_CONTEXT() REPRESENTATION_CONTEXT('2D SPACE',''
  ) );
#6460 = ORIENTED_EDGE('',*,*,#6411,.T.);
#6461 = ADVANCED_FACE('',(#6462),#6399,.T.);
#6462 = FACE_BOUND('',#6463,.T.);
#6463 = EDGE_LOOP('',(#6464));
#6464 = ORIENTED_EDGE('',*,*,#6377,.T.);
#6465 = ADVANCED_FACE('',(#6466),#6449,.F.);
#6466 = FACE_BOUND('',#6467,.T.);
#6467 = EDGE_LOOP('',(#6468));
#6468 = ORIENTED_EDGE('',*,*,#6434,.F.);
#6469 = MANIFOLD_SOLID_BREP('',#6470);
#6470 = CLOSED_SHELL('',(#6471,#6559,#6563));
#6471 = ADVANCED_FACE('',(#6472),#6485,.T.);
#6472 = FACE_BOUND('',#6473,.T.);
#6473 = EDGE_LOOP('',(#6474,#6508,#6531,#6558));
#6474 = ORIENTED_EDGE('',*,*,#6475,.F.);
#6475 = EDGE_CURVE('',#6476,#6476,#6478,.T.);
#6476 = VERTEX_POINT('',#6477);
#6477 = CARTESIAN_POINT('',(18.5,44.,374.));
#6478 = SURFACE_CURVE('',#6479,(#6484,#6496),.PCURVE_S1.);
#6479 = CIRCLE('',#6480,2.5);
#6480 = AXIS2_PLACEMENT_3D('',#6481,#6482,#6483);
#6481 = CARTESIAN_POINT('',(16.,44.,374.));
#6482 = DIRECTION('',(0.,-1.,2.22044604925E-16));
#6483 = DIRECTION('',(1.,0.,0.));
#6484 = PCURVE('',#6485,#6490);
#6485 = CYLINDRICAL_SURFACE('',#6486,2.5);
#6486 = AXIS2_PLACEMENT_3D('',#6487,#6488,#6489);
#6487 = CARTESIAN_POINT('',(16.,62.,374.));
#6488 = DIRECTION('',(0.,-1.,2.22044604925E-16));
#6489 = DIRECTION('',(1.,0.,0.));
#6490 = DEFINITIONAL_REPRESENTATION('',(#6491),#6495);
#6491 = LINE('',#6492,#6493);
#6492 = CARTESIAN_POINT('',(0.,18.));
#6493 = VECTOR('',#6494,1.);
#6494 = DIRECTION('',(1.,0.));
#6495 = ( GEOMETRIC_REPRESENTATION_CONTEXT(2) 
PARAMETRIC_REPRESENTATION_CONTEXT() REPRESENTATION_CONTEXT('2D SPACE',''
  ) );
#6496 = PCURVE('',#6497,#6502);
#6497 = PLANE('',#6498);
#6498 = AXIS2_PLACEMENT_3D('',#6499,#6500,#6501);
#6499 = CARTESIAN_POINT('',(16.,44.,374.));
#6500 = DIRECTION('',(0.,-1.,2.22044604925E-16));
#6501 = DIRECTION('',(1.,0.,0.));
#6502 = DEFINITIONAL_REPRESENTATION('',(#6503),#6507);
#6503 = CIRCLE('',#6504,2.5);
#6504 = AXIS2_PLACEMENT_2D('',#6505,#6506);
#6505 = CARTESIAN_POINT('',(0.,0.));
#6506 = DIRECTION('',(1.,0.));
#6507 = ( GEOMETRIC_REPRESENTATION_CONTEXT(2) 
PARAMETRIC_REPRESENTATION_CONTEXT() REPRESENTATION_CONTEXT('2D SPACE',''
  ) );
#6508 = ORIENTED_EDGE('',*,*,#6509,.F.);
#6509 = EDGE_CURVE('',#6510,#6476,#6512,.T.);
#6510 = VERTEX_POINT('',#6511);
#6511 = CARTESIAN_POINT('',(18.5,62.,374.));
#6512 = SEAM_CURVE('',#6513,(#6517,#6524),.PCURVE_S1.);
#6513 = LINE('',#6514,#6515);
#6514 = CARTESIAN_POINT('',(18.5,62.,374.));
#6515 = VECTOR('',#6516,1.);
#6516 = DIRECTION('',(0.,-1.,2.22044604925E-16));
#6517 = PCURVE('',#6485,#6518);
#6518 = DEFINITIONAL_REPRESENTATION('',(#6519),#6523);
#6519 = LINE('',#6520,#6521);
#6520 = CARTESIAN_POINT('',(6.28318530718,-0.));
#6521 = VECTOR('',#6522,1.);
#6522 = DIRECTION('',(0.,1.));
#6523 = ( GEOMETRIC_REPRESENTATION_CONTEXT(2) 
PARAMETRIC_REPRESENTATION_CONTEXT() REPRESENTATION_CONTEXT('2D SPACE',''
  ) );
#6524 = PCURVE('',#6485,#6525);
#6525 = DEFINITIONAL_REPRESENTATION('',(#6526),#6530);
#6526 = LINE('',#6527,#6528);
#6527 = CARTESIAN_POINT('',(0.,-0.));
#6528 = VECTOR('',#6529,1.);
#6529 = DIRECTION('',(0.,1.));
#6530 = ( GEOMETRIC_REPRESENTATION_CONTEXT(2) 
PARAMETRIC_REPRESENTATION_CONTEXT() REPRESENTATION_CONTEXT('2D SPACE',''
  ) );
#6531 = ORIENTED_EDGE('',*,*,#6532,.T.);
#6532 = EDGE_CURVE('',#6510,#6510,#6533,.T.);
#6533 = SURFACE_CURVE('',#6534,(#6539,#6546),.PCURVE_S1.);
#6534 = CIRCLE('',#6535,2.5);
#6535 = AXIS2_PLACEMENT_3D('',#6536,#6537,#6538);
#6536 = CARTESIAN_POINT('',(16.,62.,374.));
#6537 = DIRECTION('',(0.,-1.,2.22044604925E-16));
#6538 = DIRECTION('',(1.,0.,0.));
#6539 = PCURVE('',#6485,#6540);
#6540 = DEFINITIONAL_REPRESENTATION('',(#6541),#6545);
#6541 = LINE('',#6542,#6543);
#6542 = CARTESIAN_POINT('',(0.,0.));
#6543 = VECTOR('',#6544,1.);
#6544 = DIRECTION('',(1.,0.));
#6545 = ( GEOMETRIC_REPRESENTATION_CONTEXT(2) 
PARAMETRIC_REPRESENTATION_CONTEXT() REPRESENTATION_CONTEXT('2D SPACE',''
  ) );
#6546 = PCURVE('',#6547,#6552);
#6547 = PLANE('',#6548);
#6548 = AXIS2_PLACEMENT_3D('',#6549,#6550,#6551);
#6549 = CARTESIAN_POINT('',(16.,62.,374.));
#6550 = DIRECTION('',(0.,-1.,2.22044604925E-16));
#6551 = DIRECTION('',(1.,0.,0.));
#6552 = DEFINITIONAL_REPRESENTATION('',(#6553),#6557);
#6553 = CIRCLE('',#6554,2.5);
#6554 = AXIS2_PLACEMENT_2D('',#6555,#6556);
#6555 = CARTESIAN_POINT('',(0.,0.));
#6556 = DIRECTION('',(1.,0.));
#6557 = ( GEOMETRIC_REPRESENTATION_CONTEXT(2) 
PARAMETRIC_REPRESENTATION_CONTEXT() REPRESENTATION_CONTEXT('2D SPACE',''
  ) );
#6558 = ORIENTED_EDGE('',*,*,#6509,.T.);
#6559 = ADVANCED_FACE('',(#6560),#6497,.T.);
#6560 = FACE_BOUND('',#6561,.T.);
#6561 = EDGE_LOOP('',(#6562));
#6562 = ORIENTED_EDGE('',*,*,#6475,.T.);
#6563 = ADVANCED_FACE('',(#6564),#6547,.F.);
#6564 = FACE_BOUND('',#6565,.T.);
#6565 = EDGE_LOOP('',(#6566));
#6566 = ORIENTED_EDGE('',*,*,#6532,.F.);
#6567 = MANIFOLD_SOLID_BREP('',#6568);
#6568 = CLOSED_SHELL('',(#6569,#6657,#6661));
#6569 = ADVANCED_FACE('',(#6570),#6583,.T.);
#6570 = FACE_BOUND('',#6571,.T.);
#6571 = EDGE_LOOP('',(#6572,#6606,#6629,#6656));
#6572 = ORIENTED_EDGE('',*,*,#6573,.F.);
#6573 = EDGE_CURVE('',#6574,#6574,#6576,.T.);
#6574 = VERTEX_POINT('',#6575);
#6575 = CARTESIAN_POINT('',(-38.5,-21.,21.));
#6576 = SURFACE_CURVE('',#6577,(#6582,#6594),.PCURVE_S1.);
#6577 = CIRCLE('',#6578,1.5);
#6578 = AXIS2_PLACEMENT_3D('',#6579,#6580,#6581);
#6579 = CARTESIAN_POINT('',(-40.,-21.,21.));
#6580 = DIRECTION('',(0.,0.,1.));
#6581 = DIRECTION('',(1.,0.,-0.));
#6582 = PCURVE('',#6583,#6588);
#6583 = CYLINDRICAL_SURFACE('',#6584,1.5);
#6584 = AXIS2_PLACEMENT_3D('',#6585,#6586,#6587);
#6585 = CARTESIAN_POINT('',(-40.,-21.,10.));
#6586 = DIRECTION('',(0.,0.,1.));
#6587 = DIRECTION('',(1.,0.,-0.));
#6588 = DEFINITIONAL_REPRESENTATION('',(#6589),#6593);
#6589 = LINE('',#6590,#6591);
#6590 = CARTESIAN_POINT('',(0.,11.));
#6591 = VECTOR('',#6592,1.);
#6592 = DIRECTION('',(1.,0.));
#6593 = ( GEOMETRIC_REPRESENTATION_CONTEXT(2) 
PARAMETRIC_REPRESENTATION_CONTEXT() REPRESENTATION_CONTEXT('2D SPACE',''
  ) );
#6594 = PCURVE('',#6595,#6600);
#6595 = PLANE('',#6596);
#6596 = AXIS2_PLACEMENT_3D('',#6597,#6598,#6599);
#6597 = CARTESIAN_POINT('',(-40.,-21.,21.));
#6598 = DIRECTION('',(0.,0.,1.));
#6599 = DIRECTION('',(1.,0.,-0.));
#6600 = DEFINITIONAL_REPRESENTATION('',(#6601),#6605);
#6601 = CIRCLE('',#6602,1.5);
#6602 = AXIS2_PLACEMENT_2D('',#6603,#6604);
#6603 = CARTESIAN_POINT('',(0.,0.));
#6604 = DIRECTION('',(1.,0.));
#6605 = ( GEOMETRIC_REPRESENTATION_CONTEXT(2) 
PARAMETRIC_REPRESENTATION_CONTEXT() REPRESENTATION_CONTEXT('2D SPACE',''
  ) );
#6606 = ORIENTED_EDGE('',*,*,#6607,.F.);
#6607 = EDGE_CURVE('',#6608,#6574,#6610,.T.);
#6608 = VERTEX_POINT('',#6609);
#6609 = CARTESIAN_POINT('',(-38.5,-21.,10.));
#6610 = SEAM_CURVE('',#6611,(#6615,#6622),.PCURVE_S1.);
#6611 = LINE('',#6612,#6613);
#6612 = CARTESIAN_POINT('',(-38.5,-21.,10.));
#6613 = VECTOR('',#6614,1.);
#6614 = DIRECTION('',(0.,0.,1.));
#6615 = PCURVE('',#6583,#6616);
#6616 = DEFINITIONAL_REPRESENTATION('',(#6617),#6621);
#6617 = LINE('',#6618,#6619);
#6618 = CARTESIAN_POINT('',(6.28318530718,-0.));
#6619 = VECTOR('',#6620,1.);
#6620 = DIRECTION('',(0.,1.));
#6621 = ( GEOMETRIC_REPRESENTATION_CONTEXT(2) 
PARAMETRIC_REPRESENTATION_CONTEXT() REPRESENTATION_CONTEXT('2D SPACE',''
  ) );
#6622 = PCURVE('',#6583,#6623);
#6623 = DEFINITIONAL_REPRESENTATION('',(#6624),#6628);
#6624 = LINE('',#6625,#6626);
#6625 = CARTESIAN_POINT('',(0.,-0.));
#6626 = VECTOR('',#6627,1.);
#6627 = DIRECTION('',(0.,1.));
#6628 = ( GEOMETRIC_REPRESENTATION_CONTEXT(2) 
PARAMETRIC_REPRESENTATION_CONTEXT() REPRESENTATION_CONTEXT('2D SPACE',''
  ) );
#6629 = ORIENTED_EDGE('',*,*,#6630,.T.);
#6630 = EDGE_CURVE('',#6608,#6608,#6631,.T.);
#6631 = SURFACE_CURVE('',#6632,(#6637,#6644),.PCURVE_S1.);
#6632 = CIRCLE('',#6633,1.5);
#6633 = AXIS2_PLACEMENT_3D('',#6634,#6635,#6636);
#6634 = CARTESIAN_POINT('',(-40.,-21.,10.));
#6635 = DIRECTION('',(0.,0.,1.));
#6636 = DIRECTION('',(1.,0.,-0.));
#6637 = PCURVE('',#6583,#6638);
#6638 = DEFINITIONAL_REPRESENTATION('',(#6639),#6643);
#6639 = LINE('',#6640,#6641);
#6640 = CARTESIAN_POINT('',(0.,0.));
#6641 = VECTOR('',#6642,1.);
#6642 = DIRECTION('',(1.,0.));
#6643 = ( GEOMETRIC_REPRESENTATION_CONTEXT(2) 
PARAMETRIC_REPRESENTATION_CONTEXT() REPRESENTATION_CONTEXT('2D SPACE',''
  ) );
#6644 = PCURVE('',#6645,#6650);
#6645 = PLANE('',#6646);
#6646 = AXIS2_PLACEMENT_3D('',#6647,#6648,#6649);
#6647 = CARTESIAN_POINT('',(-40.,-21.,10.));
#6648 = DIRECTION('',(0.,0.,1.));
#6649 = DIRECTION('',(1.,0.,-0.));
#6650 = DEFINITIONAL_REPRESENTATION('',(#6651),#6655);
#6651 = CIRCLE('',#6652,1.5);
#6652 = AXIS2_PLACEMENT_2D('',#6653,#6654);
#6653 = CARTESIAN_POINT('',(0.,0.));
#6654 = DIRECTION('',(1.,0.));
#6655 = ( GEOMETRIC_REPRESENTATION_CONTEXT(2) 
PARAMETRIC_REPRESENTATION_CONTEXT() REPRESENTATION_CONTEXT('2D SPACE',''
  ) );
#6656 = ORIENTED_EDGE('',*,*,#6607,.T.);
#6657 = ADVANCED_FACE('',(#6658),#6595,.T.);
#6658 = FACE_BOUND('',#6659,.T.);
#6659 = EDGE_LOOP('',(#6660));
#6660 = ORIENTED_EDGE('',*,*,#6573,.T.);
#6661 = ADVANCED_FACE('',(#6662),#6645,.F.);
#6662 = FACE_BOUND('',#6663,.T.);
#6663 = EDGE_LOOP('',(#6664));
#6664 = ORIENTED_EDGE('',*,*,#6630,.F.);
#6665 = MANIFOLD_SOLID_BREP('',#6666);
#6666 = CLOSED_SHELL('',(#6667,#6755,#6759));
#6667 = ADVANCED_FACE('',(#6668),#6681,.T.);
#6668 = FACE_BOUND('',#6669,.T.);
#6669 = EDGE_LOOP('',(#6670,#6704,#6727,#6754));
#6670 = ORIENTED_EDGE('',*,*,#6671,.F.);
#6671 = EDGE_CURVE('',#6672,#6672,#6674,.T.);
#6672 = VERTEX_POINT('',#6673);
#6673 = CARTESIAN_POINT('',(41.5,-21.,21.));
#6674 = SURFACE_CURVE('',#6675,(#6680,#6692),.PCURVE_S1.);
#6675 = CIRCLE('',#6676,1.5);
#6676 = AXIS2_PLACEMENT_3D('',#6677,#6678,#6679);
#6677 = CARTESIAN_POINT('',(40.,-21.,21.));
#6678 = DIRECTION('',(0.,0.,1.));
#6679 = DIRECTION('',(1.,0.,-0.));
#6680 = PCURVE('',#6681,#6686);
#6681 = CYLINDRICAL_SURFACE('',#6682,1.5);
#6682 = AXIS2_PLACEMENT_3D('',#6683,#6684,#6685);
#6683 = CARTESIAN_POINT('',(40.,-21.,10.));
#6684 = DIRECTION('',(0.,0.,1.));
#6685 = DIRECTION('',(1.,0.,-0.));
#6686 = DEFINITIONAL_REPRESENTATION('',(#6687),#6691);
#6687 = LINE('',#6688,#6689);
#6688 = CARTESIAN_POINT('',(0.,11.));
#6689 = VECTOR('',#6690,1.);
#6690 = DIRECTION('',(1.,0.));
#6691 = ( GEOMETRIC_REPRESENTATION_CONTEXT(2) 
PARAMETRIC_REPRESENTATION_CONTEXT() REPRESENTATION_CONTEXT('2D SPACE',''
  ) );
#6692 = PCURVE('',#6693,#6698);
#6693 = PLANE('',#6694);
#6694 = AXIS2_PLACEMENT_3D('',#6695,#6696,#6697);
#6695 = CARTESIAN_POINT('',(40.,-21.,21.));
#6696 = DIRECTION('',(0.,0.,1.));
#6697 = DIRECTION('',(1.,0.,-0.));
#6698 = DEFINITIONAL_REPRESENTATION('',(#6699),#6703);
#6699 = CIRCLE('',#6700,1.5);
#6700 = AXIS2_PLACEMENT_2D('',#6701,#6702);
#6701 = CARTESIAN_POINT('',(0.,0.));
#6702 = DIRECTION('',(1.,0.));
#6703 = ( GEOMETRIC_REPRESENTATION_CONTEXT(2) 
PARAMETRIC_REPRESENTATION_CONTEXT() REPRESENTATION_CONTEXT('2D SPACE',''
  ) );
#6704 = ORIENTED_EDGE('',*,*,#6705,.F.);
#6705 = EDGE_CURVE('',#6706,#6672,#6708,.T.);
#6706 = VERTEX_POINT('',#6707);
#6707 = CARTESIAN_POINT('',(41.5,-21.,10.));
#6708 = SEAM_CURVE('',#6709,(#6713,#6720),.PCURVE_S1.);
#6709 = LINE('',#6710,#6711);
#6710 = CARTESIAN_POINT('',(41.5,-21.,10.));
#6711 = VECTOR('',#6712,1.);
#6712 = DIRECTION('',(0.,0.,1.));
#6713 = PCURVE('',#6681,#6714);
#6714 = DEFINITIONAL_REPRESENTATION('',(#6715),#6719);
#6715 = LINE('',#6716,#6717);
#6716 = CARTESIAN_POINT('',(6.28318530718,-0.));
#6717 = VECTOR('',#6718,1.);
#6718 = DIRECTION('',(0.,1.));
#6719 = ( GEOMETRIC_REPRESENTATION_CONTEXT(2) 
PARAMETRIC_REPRESENTATION_CONTEXT() REPRESENTATION_CONTEXT('2D SPACE',''
  ) );
#6720 = PCURVE('',#6681,#6721);
#6721 = DEFINITIONAL_REPRESENTATION('',(#6722),#6726);
#6722 = LINE('',#6723,#6724);
#6723 = CARTESIAN_POINT('',(0.,-0.));
#6724 = VECTOR('',#6725,1.);
#6725 = DIRECTION('',(0.,1.));
#6726 = ( GEOMETRIC_REPRESENTATION_CONTEXT(2) 
PARAMETRIC_REPRESENTATION_CONTEXT() REPRESENTATION_CONTEXT('2D SPACE',''
  ) );
#6727 = ORIENTED_EDGE('',*,*,#6728,.T.);
#6728 = EDGE_CURVE('',#6706,#6706,#6729,.T.);
#6729 = SURFACE_CURVE('',#6730,(#6735,#6742),.PCURVE_S1.);
#6730 = CIRCLE('',#6731,1.5);
#6731 = AXIS2_PLACEMENT_3D('',#6732,#6733,#6734);
#6732 = CARTESIAN_POINT('',(40.,-21.,10.));
#6733 = DIRECTION('',(0.,0.,1.));
#6734 = DIRECTION('',(1.,0.,-0.));
#6735 = PCURVE('',#6681,#6736);
#6736 = DEFINITIONAL_REPRESENTATION('',(#6737),#6741);
#6737 = LINE('',#6738,#6739);
#6738 = CARTESIAN_POINT('',(0.,0.));
#6739 = VECTOR('',#6740,1.);
#6740 = DIRECTION('',(1.,0.));
#6741 = ( GEOMETRIC_REPRESENTATION_CONTEXT(2) 
PARAMETRIC_REPRESENTATION_CONTEXT() REPRESENTATION_CONTEXT('2D SPACE',''
  ) );
#6742 = PCURVE('',#6743,#6748);
#6743 = PLANE('',#6744);
#6744 = AXIS2_PLACEMENT_3D('',#6745,#6746,#6747);
#6745 = CARTESIAN_POINT('',(40.,-21.,10.));
#6746 = DIRECTION('',(0.,0.,1.));
#6747 = DIRECTION('',(1.,0.,-0.));
#6748 = DEFINITIONAL_REPRESENTATION('',(#6749),#6753);
#6749 = CIRCLE('',#6750,1.5);
#6750 = AXIS2_PLACEMENT_2D('',#6751,#6752);
#6751 = CARTESIAN_POINT('',(0.,0.));
#6752 = DIRECTION('',(1.,0.));
#6753 = ( GEOMETRIC_REPRESENTATION_CONTEXT(2) 
PARAMETRIC_REPRESENTATION_CONTEXT() REPRESENTATION_CONTEXT('2D SPACE',''
  ) );
#6754 = ORIENTED_EDGE('',*,*,#6705,.T.);
#6755 = ADVANCED_FACE('',(#6756),#6693,.T.);
#6756 = FACE_BOUND('',#6757,.T.);
#6757 = EDGE_LOOP('',(#6758));
#6758 = ORIENTED_EDGE('',*,*,#6671,.T.);
#6759 = ADVANCED_FACE('',(#6760),#6743,.F.);
#6760 = FACE_BOUND('',#6761,.T.);
#6761 = EDGE_LOOP('',(#6762));
#6762 = ORIENTED_EDGE('',*,*,#6728,.F.);
#6763 = MANIFOLD_SOLID_BREP('',#6764);
#6764 = CLOSED_SHELL('',(#6765,#6853,#6857));
#6765 = ADVANCED_FACE('',(#6766),#6779,.T.);
#6766 = FACE_BOUND('',#6767,.T.);
#6767 = EDGE_LOOP('',(#6768,#6802,#6825,#6852));
#6768 = ORIENTED_EDGE('',*,*,#6769,.F.);
#6769 = EDGE_CURVE('',#6770,#6770,#6772,.T.);
#6770 = VERTEX_POINT('',#6771);
#6771 = CARTESIAN_POINT('',(-38.5,37.,21.));
#6772 = SURFACE_CURVE('',#6773,(#6778,#6790),.PCURVE_S1.);
#6773 = CIRCLE('',#6774,1.5);
#6774 = AXIS2_PLACEMENT_3D('',#6775,#6776,#6777);
#6775 = CARTESIAN_POINT('',(-40.,37.,21.));
#6776 = DIRECTION('',(0.,0.,1.));
#6777 = DIRECTION('',(1.,0.,-0.));
#6778 = PCURVE('',#6779,#6784);
#6779 = CYLINDRICAL_SURFACE('',#6780,1.5);
#6780 = AXIS2_PLACEMENT_3D('',#6781,#6782,#6783);
#6781 = CARTESIAN_POINT('',(-40.,37.,10.));
#6782 = DIRECTION('',(0.,0.,1.));
#6783 = DIRECTION('',(1.,0.,-0.));
#6784 = DEFINITIONAL_REPRESENTATION('',(#6785),#6789);
#6785 = LINE('',#6786,#6787);
#6786 = CARTESIAN_POINT('',(0.,11.));
#6787 = VECTOR('',#6788,1.);
#6788 = DIRECTION('',(1.,0.));
#6789 = ( GEOMETRIC_REPRESENTATION_CONTEXT(2) 
PARAMETRIC_REPRESENTATION_CONTEXT() REPRESENTATION_CONTEXT('2D SPACE',''
  ) );
#6790 = PCURVE('',#6791,#6796);
#6791 = PLANE('',#6792);
#6792 = AXIS2_PLACEMENT_3D('',#6793,#6794,#6795);
#6793 = CARTESIAN_POINT('',(-40.,37.,21.));
#6794 = DIRECTION('',(0.,0.,1.));
#6795 = DIRECTION('',(1.,0.,-0.));
#6796 = DEFINITIONAL_REPRESENTATION('',(#6797),#6801);
#6797 = CIRCLE('',#6798,1.5);
#6798 = AXIS2_PLACEMENT_2D('',#6799,#6800);
#6799 = CARTESIAN_POINT('',(0.,0.));
#6800 = DIRECTION('',(1.,0.));
#6801 = ( GEOMETRIC_REPRESENTATION_CONTEXT(2) 
PARAMETRIC_REPRESENTATION_CONTEXT() REPRESENTATION_CONTEXT('2D SPACE',''
  ) );
#6802 = ORIENTED_EDGE('',*,*,#6803,.F.);
#6803 = EDGE_CURVE('',#6804,#6770,#6806,.T.);
#6804 = VERTEX_POINT('',#6805);
#6805 = CARTESIAN_POINT('',(-38.5,37.,10.));
#6806 = SEAM_CURVE('',#6807,(#6811,#6818),.PCURVE_S1.);
#6807 = LINE('',#6808,#6809);
#6808 = CARTESIAN_POINT('',(-38.5,37.,10.));
#6809 = VECTOR('',#6810,1.);
#6810 = DIRECTION('',(0.,0.,1.));
#6811 = PCURVE('',#6779,#6812);
#6812 = DEFINITIONAL_REPRESENTATION('',(#6813),#6817);
#6813 = LINE('',#6814,#6815);
#6814 = CARTESIAN_POINT('',(6.28318530718,-0.));
#6815 = VECTOR('',#6816,1.);
#6816 = DIRECTION('',(0.,1.));
#6817 = ( GEOMETRIC_REPRESENTATION_CONTEXT(2) 
PARAMETRIC_REPRESENTATION_CONTEXT() REPRESENTATION_CONTEXT('2D SPACE',''
  ) );
#6818 = PCURVE('',#6779,#6819);
#6819 = DEFINITIONAL_REPRESENTATION('',(#6820),#6824);
#6820 = LINE('',#6821,#6822);
#6821 = CARTESIAN_POINT('',(0.,-0.));
#6822 = VECTOR('',#6823,1.);
#6823 = DIRECTION('',(0.,1.));
#6824 = ( GEOMETRIC_REPRESENTATION_CONTEXT(2) 
PARAMETRIC_REPRESENTATION_CONTEXT() REPRESENTATION_CONTEXT('2D SPACE',''
  ) );
#6825 = ORIENTED_EDGE('',*,*,#6826,.T.);
#6826 = EDGE_CURVE('',#6804,#6804,#6827,.T.);
#6827 = SURFACE_CURVE('',#6828,(#6833,#6840),.PCURVE_S1.);
#6828 = CIRCLE('',#6829,1.5);
#6829 = AXIS2_PLACEMENT_3D('',#6830,#6831,#6832);
#6830 = CARTESIAN_POINT('',(-40.,37.,10.));
#6831 = DIRECTION('',(0.,0.,1.));
#6832 = DIRECTION('',(1.,0.,-0.));
#6833 = PCURVE('',#6779,#6834);
#6834 = DEFINITIONAL_REPRESENTATION('',(#6835),#6839);
#6835 = LINE('',#6836,#6837);
#6836 = CARTESIAN_POINT('',(0.,0.));
#6837 = VECTOR('',#6838,1.);
#6838 = DIRECTION('',(1.,0.));
#6839 = ( GEOMETRIC_REPRESENTATION_CONTEXT(2) 
PARAMETRIC_REPRESENTATION_CONTEXT() REPRESENTATION_CONTEXT('2D SPACE',''
  ) );
#6840 = PCURVE('',#6841,#6846);
#6841 = PLANE('',#6842);
#6842 = AXIS2_PLACEMENT_3D('',#6843,#6844,#6845);
#6843 = CARTESIAN_POINT('',(-40.,37.,10.));
#6844 = DIRECTION('',(0.,0.,1.));
#6845 = DIRECTION('',(1.,0.,-0.));
#6846 = DEFINITIONAL_REPRESENTATION('',(#6847),#6851);
#6847 = CIRCLE('',#6848,1.5);
#6848 = AXIS2_PLACEMENT_2D('',#6849,#6850);
#6849 = CARTESIAN_POINT('',(0.,0.));
#6850 = DIRECTION('',(1.,0.));
#6851 = ( GEOMETRIC_REPRESENTATION_CONTEXT(2) 
PARAMETRIC_REPRESENTATION_CONTEXT() REPRESENTATION_CONTEXT('2D SPACE',''
  ) );
#6852 = ORIENTED_EDGE('',*,*,#6803,.T.);
#6853 = ADVANCED_FACE('',(#6854),#6791,.T.);
#6854 = FACE_BOUND('',#6855,.T.);
#6855 = EDGE_LOOP('',(#6856));
#6856 = ORIENTED_EDGE('',*,*,#6769,.T.);
#6857 = ADVANCED_FACE('',(#6858),#6841,.F.);
#6858 = FACE_BOUND('',#6859,.T.);
#6859 = EDGE_LOOP('',(#6860));
#6860 = ORIENTED_EDGE('',*,*,#6826,.F.);
#6861 = MANIFOLD_SOLID_BREP('',#6862);
#6862 = CLOSED_SHELL('',(#6863,#6951,#6955));
#6863 = ADVANCED_FACE('',(#6864),#6877,.T.);
#6864 = FACE_BOUND('',#6865,.T.);
#6865 = EDGE_LOOP('',(#6866,#6900,#6923,#6950));
#6866 = ORIENTED_EDGE('',*,*,#6867,.F.);
#6867 = EDGE_CURVE('',#6868,#6868,#6870,.T.);
#6868 = VERTEX_POINT('',#6869);
#6869 = CARTESIAN_POINT('',(41.5,37.,21.));
#6870 = SURFACE_CURVE('',#6871,(#6876,#6888),.PCURVE_S1.);
#6871 = CIRCLE('',#6872,1.5);
#6872 = AXIS2_PLACEMENT_3D('',#6873,#6874,#6875);
#6873 = CARTESIAN_POINT('',(40.,37.,21.));
#6874 = DIRECTION('',(0.,0.,1.));
#6875 = DIRECTION('',(1.,0.,-0.));
#6876 = PCURVE('',#6877,#6882);
#6877 = CYLINDRICAL_SURFACE('',#6878,1.5);
#6878 = AXIS2_PLACEMENT_3D('',#6879,#6880,#6881);
#6879 = CARTESIAN_POINT('',(40.,37.,10.));
#6880 = DIRECTION('',(0.,0.,1.));
#6881 = DIRECTION('',(1.,0.,-0.));
#6882 = DEFINITIONAL_REPRESENTATION('',(#6883),#6887);
#6883 = LINE('',#6884,#6885);
#6884 = CARTESIAN_POINT('',(0.,11.));
#6885 = VECTOR('',#6886,1.);
#6886 = DIRECTION('',(1.,0.));
#6887 = ( GEOMETRIC_REPRESENTATION_CONTEXT(2) 
PARAMETRIC_REPRESENTATION_CONTEXT() REPRESENTATION_CONTEXT('2D SPACE',''
  ) );
#6888 = PCURVE('',#6889,#6894);
#6889 = PLANE('',#6890);
#6890 = AXIS2_PLACEMENT_3D('',#6891,#6892,#6893);
#6891 = CARTESIAN_POINT('',(40.,37.,21.));
#6892 = DIRECTION('',(0.,0.,1.));
#6893 = DIRECTION('',(1.,0.,-0.));
#6894 = DEFINITIONAL_REPRESENTATION('',(#6895),#6899);
#6895 = CIRCLE('',#6896,1.5);
#6896 = AXIS2_PLACEMENT_2D('',#6897,#6898);
#6897 = CARTESIAN_POINT('',(0.,0.));
#6898 = DIRECTION('',(1.,0.));
#6899 = ( GEOMETRIC_REPRESENTATION_CONTEXT(2) 
PARAMETRIC_REPRESENTATION_CONTEXT() REPRESENTATION_CONTEXT('2D SPACE',''
  ) );
#6900 = ORIENTED_EDGE('',*,*,#6901,.F.);
#6901 = EDGE_CURVE('',#6902,#6868,#6904,.T.);
#6902 = VERTEX_POINT('',#6903);
#6903 = CARTESIAN_POINT('',(41.5,37.,10.));
#6904 = SEAM_CURVE('',#6905,(#6909,#6916),.PCURVE_S1.);
#6905 = LINE('',#6906,#6907);
#6906 = CARTESIAN_POINT('',(41.5,37.,10.));
#6907 = VECTOR('',#6908,1.);
#6908 = DIRECTION('',(0.,0.,1.));
#6909 = PCURVE('',#6877,#6910);
#6910 = DEFINITIONAL_REPRESENTATION('',(#6911),#6915);
#6911 = LINE('',#6912,#6913);
#6912 = CARTESIAN_POINT('',(6.28318530718,-0.));
#6913 = VECTOR('',#6914,1.);
#6914 = DIRECTION('',(0.,1.));
#6915 = ( GEOMETRIC_REPRESENTATION_CONTEXT(2) 
PARAMETRIC_REPRESENTATION_CONTEXT() REPRESENTATION_CONTEXT('2D SPACE',''
  ) );
#6916 = PCURVE('',#6877,#6917);
#6917 = DEFINITIONAL_REPRESENTATION('',(#6918),#6922);
#6918 = LINE('',#6919,#6920);
#6919 = CARTESIAN_POINT('',(0.,-0.));
#6920 = VECTOR('',#6921,1.);
#6921 = DIRECTION('',(0.,1.));
#6922 = ( GEOMETRIC_REPRESENTATION_CONTEXT(2) 
PARAMETRIC_REPRESENTATION_CONTEXT() REPRESENTATION_CONTEXT('2D SPACE',''
  ) );
#6923 = ORIENTED_EDGE('',*,*,#6924,.T.);
#6924 = EDGE_CURVE('',#6902,#6902,#6925,.T.);
#6925 = SURFACE_CURVE('',#6926,(#6931,#6938),.PCURVE_S1.);
#6926 = CIRCLE('',#6927,1.5);
#6927 = AXIS2_PLACEMENT_3D('',#6928,#6929,#6930);
#6928 = CARTESIAN_POINT('',(40.,37.,10.));
#6929 = DIRECTION('',(0.,0.,1.));
#6930 = DIRECTION('',(1.,0.,-0.));
#6931 = PCURVE('',#6877,#6932);
#6932 = DEFINITIONAL_REPRESENTATION('',(#6933),#6937);
#6933 = LINE('',#6934,#6935);
#6934 = CARTESIAN_POINT('',(0.,0.));
#6935 = VECTOR('',#6936,1.);
#6936 = DIRECTION('',(1.,0.));
#6937 = ( GEOMETRIC_REPRESENTATION_CONTEXT(2) 
PARAMETRIC_REPRESENTATION_CONTEXT() REPRESENTATION_CONTEXT('2D SPACE',''
  ) );
#6938 = PCURVE('',#6939,#6944);
#6939 = PLANE('',#6940);
#6940 = AXIS2_PLACEMENT_3D('',#6941,#6942,#6943);
#6941 = CARTESIAN_POINT('',(40.,37.,10.));
#6942 = DIRECTION('',(0.,0.,1.));
#6943 = DIRECTION('',(1.,0.,-0.));
#6944 = DEFINITIONAL_REPRESENTATION('',(#6945),#6949);
#6945 = CIRCLE('',#6946,1.5);
#6946 = AXIS2_PLACEMENT_2D('',#6947,#6948);
#6947 = CARTESIAN_POINT('',(0.,0.));
#6948 = DIRECTION('',(1.,0.));
#6949 = ( GEOMETRIC_REPRESENTATION_CONTEXT(2) 
PARAMETRIC_REPRESENTATION_CONTEXT() REPRESENTATION_CONTEXT('2D SPACE',''
  ) );
#6950 = ORIENTED_EDGE('',*,*,#6901,.T.);
#6951 = ADVANCED_FACE('',(#6952),#6889,.T.);
#6952 = FACE_BOUND('',#6953,.T.);
#6953 = EDGE_LOOP('',(#6954));
#6954 = ORIENTED_EDGE('',*,*,#6867,.T.);
#6955 = ADVANCED_FACE('',(#6956),#6939,.F.);
#6956 = FACE_BOUND('',#6957,.T.);
#6957 = EDGE_LOOP('',(#6958));
#6958 = ORIENTED_EDGE('',*,*,#6924,.F.);
#6959 = MANIFOLD_SOLID_BREP('',#6960);
#6960 = CLOSED_SHELL('',(#6961,#7049,#7053,#7088,#7143));
#6961 = ADVANCED_FACE('',(#6962),#6975,.T.);
#6962 = FACE_BOUND('',#6963,.T.);
#6963 = EDGE_LOOP('',(#6964,#6998,#7021,#7048));
#6964 = ORIENTED_EDGE('',*,*,#6965,.F.);
#6965 = EDGE_CURVE('',#6966,#6966,#6968,.T.);
#6966 = VERTEX_POINT('',#6967);
#6967 = CARTESIAN_POINT('',(-57.75,45.5,-19.));
#6968 = SURFACE_CURVE('',#6969,(#6974,#6986),.PCURVE_S1.);
#6969 = CIRCLE('',#6970,4.25);
#6970 = AXIS2_PLACEMENT_3D('',#6971,#6972,#6973);
#6971 = CARTESIAN_POINT('',(-62.,45.5,-19.));
#6972 = DIRECTION('',(0.,-1.,2.22044604925E-16));
#6973 = DIRECTION('',(1.,0.,0.));
#6974 = PCURVE('',#6975,#6980);
#6975 = CYLINDRICAL_SURFACE('',#6976,4.25);
#6976 = AXIS2_PLACEMENT_3D('',#6977,#6978,#6979);
#6977 = CARTESIAN_POINT('',(-62.,48.5,-19.));
#6978 = DIRECTION('',(0.,-1.,2.22044604925E-16));
#6979 = DIRECTION('',(1.,0.,0.));
#6980 = DEFINITIONAL_REPRESENTATION('',(#6981),#6985);
#6981 = LINE('',#6982,#6983);
#6982 = CARTESIAN_POINT('',(0.,3.));
#6983 = VECTOR('',#6984,1.);
#6984 = DIRECTION('',(1.,0.));
#6985 = ( GEOMETRIC_REPRESENTATION_CONTEXT(2) 
PARAMETRIC_REPRESENTATION_CONTEXT() REPRESENTATION_CONTEXT('2D SPACE',''
  ) );
#6986 = PCURVE('',#6987,#6992);
#6987 = PLANE('',#6988);
#6988 = AXIS2_PLACEMENT_3D('',#6989,#6990,#6991);
#6989 = CARTESIAN_POINT('',(-62.,45.5,-19.));
#6990 = DIRECTION('',(0.,-1.,2.22044604925E-16));
#6991 = DIRECTION('',(1.,0.,0.));
#6992 = DEFINITIONAL_REPRESENTATION('',(#6993),#6997);
#6993 = CIRCLE('',#6994,4.25);
#6994 = AXIS2_PLACEMENT_2D('',#6995,#6996);
#6995 = CARTESIAN_POINT('',(0.,0.));
#6996 = DIRECTION('',(1.,0.));
#6997 = ( GEOMETRIC_REPRESENTATION_CONTEXT(2) 
PARAMETRIC_REPRESENTATION_CONTEXT() REPRESENTATION_CONTEXT('2D SPACE',''
  ) );
#6998 = ORIENTED_EDGE('',*,*,#6999,.F.);
#6999 = EDGE_CURVE('',#7000,#6966,#7002,.T.);
#7000 = VERTEX_POINT('',#7001);
#7001 = CARTESIAN_POINT('',(-57.75,48.5,-19.));
#7002 = SEAM_CURVE('',#7003,(#7007,#7014),.PCURVE_S1.);
#7003 = LINE('',#7004,#7005);
#7004 = CARTESIAN_POINT('',(-57.75,48.5,-19.));
#7005 = VECTOR('',#7006,1.);
#7006 = DIRECTION('',(0.,-1.,2.22044604925E-16));
#7007 = PCURVE('',#6975,#7008);
#7008 = DEFINITIONAL_REPRESENTATION('',(#7009),#7013);
#7009 = LINE('',#7010,#7011);
#7010 = CARTESIAN_POINT('',(6.28318530718,-0.));
#7011 = VECTOR('',#7012,1.);
#7012 = DIRECTION('',(0.,1.));
#7013 = ( GEOMETRIC_REPRESENTATION_CONTEXT(2) 
PARAMETRIC_REPRESENTATION_CONTEXT() REPRESENTATION_CONTEXT('2D SPACE',''
  ) );
#7014 = PCURVE('',#6975,#7015);
#7015 = DEFINITIONAL_REPRESENTATION('',(#7016),#7020);
#7016 = LINE('',#7017,#7018);
#7017 = CARTESIAN_POINT('',(0.,-0.));
#7018 = VECTOR('',#7019,1.);
#7019 = DIRECTION('',(0.,1.));
#7020 = ( GEOMETRIC_REPRESENTATION_CONTEXT(2) 
PARAMETRIC_REPRESENTATION_CONTEXT() REPRESENTATION_CONTEXT('2D SPACE',''
  ) );
#7021 = ORIENTED_EDGE('',*,*,#7022,.T.);
#7022 = EDGE_CURVE('',#7000,#7000,#7023,.T.);
#7023 = SURFACE_CURVE('',#7024,(#7029,#7036),.PCURVE_S1.);
#7024 = CIRCLE('',#7025,4.25);
#7025 = AXIS2_PLACEMENT_3D('',#7026,#7027,#7028);
#7026 = CARTESIAN_POINT('',(-62.,48.5,-19.));
#7027 = DIRECTION('',(0.,-1.,2.22044604925E-16));
#7028 = DIRECTION('',(1.,0.,0.));
#7029 = PCURVE('',#6975,#7030);
#7030 = DEFINITIONAL_REPRESENTATION('',(#7031),#7035);
#7031 = LINE('',#7032,#7033);
#7032 = CARTESIAN_POINT('',(0.,0.));
#7033 = VECTOR('',#7034,1.);
#7034 = DIRECTION('',(1.,0.));
#7035 = ( GEOMETRIC_REPRESENTATION_CONTEXT(2) 
PARAMETRIC_REPRESENTATION_CONTEXT() REPRESENTATION_CONTEXT('2D SPACE',''
  ) );
#7036 = PCURVE('',#7037,#7042);
#7037 = PLANE('',#7038);
#7038 = AXIS2_PLACEMENT_3D('',#7039,#7040,#7041);
#7039 = CARTESIAN_POINT('',(-62.,48.5,-19.));
#7040 = DIRECTION('',(0.,-1.,2.22044604925E-16));
#7041 = DIRECTION('',(1.,0.,0.));
#7042 = DEFINITIONAL_REPRESENTATION('',(#7043),#7047);
#7043 = CIRCLE('',#7044,4.25);
#7044 = AXIS2_PLACEMENT_2D('',#7045,#7046);
#7045 = CARTESIAN_POINT('',(0.,0.));
#7046 = DIRECTION('',(1.,0.));
#7047 = ( GEOMETRIC_REPRESENTATION_CONTEXT(2) 
PARAMETRIC_REPRESENTATION_CONTEXT() REPRESENTATION_CONTEXT('2D SPACE',''
  ) );
#7048 = ORIENTED_EDGE('',*,*,#6999,.T.);
#7049 = ADVANCED_FACE('',(#7050),#6987,.T.);
#7050 = FACE_BOUND('',#7051,.T.);
#7051 = EDGE_LOOP('',(#7052));
#7052 = ORIENTED_EDGE('',*,*,#6965,.T.);
#7053 = ADVANCED_FACE('',(#7054,#7057),#7037,.F.);
#7054 = FACE_BOUND('',#7055,.F.);
#7055 = EDGE_LOOP('',(#7056));
#7056 = ORIENTED_EDGE('',*,*,#7022,.T.);
#7057 = FACE_BOUND('',#7058,.F.);
#7058 = EDGE_LOOP('',(#7059));
#7059 = ORIENTED_EDGE('',*,*,#7060,.F.);
#7060 = EDGE_CURVE('',#7061,#7061,#7063,.T.);
#7061 = VERTEX_POINT('',#7062);
#7062 = CARTESIAN_POINT('',(-60.,48.5,-19.));
#7063 = SURFACE_CURVE('',#7064,(#7069,#7076),.PCURVE_S1.);
#7064 = CIRCLE('',#7065,2.);
#7065 = AXIS2_PLACEMENT_3D('',#7066,#7067,#7068);
#7066 = CARTESIAN_POINT('',(-62.,48.5,-19.));
#7067 = DIRECTION('',(0.,-1.,2.22044604925E-16));
#7068 = DIRECTION('',(1.,0.,0.));
#7069 = PCURVE('',#7037,#7070);
#7070 = DEFINITIONAL_REPRESENTATION('',(#7071),#7075);
#7071 = CIRCLE('',#7072,2.);
#7072 = AXIS2_PLACEMENT_2D('',#7073,#7074);
#7073 = CARTESIAN_POINT('',(0.,0.));
#7074 = DIRECTION('',(1.,0.));
#7075 = ( GEOMETRIC_REPRESENTATION_CONTEXT(2) 
PARAMETRIC_REPRESENTATION_CONTEXT() REPRESENTATION_CONTEXT('2D SPACE',''
  ) );
#7076 = PCURVE('',#7077,#7082);
#7077 = CYLINDRICAL_SURFACE('',#7078,2.);
#7078 = AXIS2_PLACEMENT_3D('',#7079,#7080,#7081);
#7079 = CARTESIAN_POINT('',(-62.,58.,-19.));
#7080 = DIRECTION('',(0.,-1.,2.22044604925E-16));
#7081 = DIRECTION('',(1.,0.,0.));
#7082 = DEFINITIONAL_REPRESENTATION('',(#7083),#7087);
#7083 = LINE('',#7084,#7085);
#7084 = CARTESIAN_POINT('',(0.,9.5));
#7085 = VECTOR('',#7086,1.);
#7086 = DIRECTION('',(1.,0.));
#7087 = ( GEOMETRIC_REPRESENTATION_CONTEXT(2) 
PARAMETRIC_REPRESENTATION_CONTEXT() REPRESENTATION_CONTEXT('2D SPACE',''
  ) );
#7088 = ADVANCED_FACE('',(#7089),#7077,.T.);
#7089 = FACE_BOUND('',#7090,.T.);
#7090 = EDGE_LOOP('',(#7091,#7092,#7115,#7142));
#7091 = ORIENTED_EDGE('',*,*,#7060,.F.);
#7092 = ORIENTED_EDGE('',*,*,#7093,.F.);
#7093 = EDGE_CURVE('',#7094,#7061,#7096,.T.);
#7094 = VERTEX_POINT('',#7095);
#7095 = CARTESIAN_POINT('',(-60.,58.,-19.));
#7096 = SEAM_CURVE('',#7097,(#7101,#7108),.PCURVE_S1.);
#7097 = LINE('',#7098,#7099);
#7098 = CARTESIAN_POINT('',(-60.,58.,-19.));
#7099 = VECTOR('',#7100,1.);
#7100 = DIRECTION('',(0.,-1.,2.22044604925E-16));
#7101 = PCURVE('',#7077,#7102);
#7102 = DEFINITIONAL_REPRESENTATION('',(#7103),#7107);
#7103 = LINE('',#7104,#7105);
#7104 = CARTESIAN_POINT('',(6.28318530718,-0.));
#7105 = VECTOR('',#7106,1.);
#7106 = DIRECTION('',(0.,1.));
#7107 = ( GEOMETRIC_REPRESENTATION_CONTEXT(2) 
PARAMETRIC_REPRESENTATION_CONTEXT() REPRESENTATION_CONTEXT('2D SPACE',''
  ) );
#7108 = PCURVE('',#7077,#7109);
#7109 = DEFINITIONAL_REPRESENTATION('',(#7110),#7114);
#7110 = LINE('',#7111,#7112);
#7111 = CARTESIAN_POINT('',(0.,-0.));
#7112 = VECTOR('',#7113,1.);
#7113 = DIRECTION('',(0.,1.));
#7114 = ( GEOMETRIC_REPRESENTATION_CONTEXT(2) 
PARAMETRIC_REPRESENTATION_CONTEXT() REPRESENTATION_CONTEXT('2D SPACE',''
  ) );
#7115 = ORIENTED_EDGE('',*,*,#7116,.T.);
#7116 = EDGE_CURVE('',#7094,#7094,#7117,.T.);
#7117 = SURFACE_CURVE('',#7118,(#7123,#7130),.PCURVE_S1.);
#7118 = CIRCLE('',#7119,2.);
#7119 = AXIS2_PLACEMENT_3D('',#7120,#7121,#7122);
#7120 = CARTESIAN_POINT('',(-62.,58.,-19.));
#7121 = DIRECTION('',(0.,-1.,2.22044604925E-16));
#7122 = DIRECTION('',(1.,0.,0.));
#7123 = PCURVE('',#7077,#7124);
#7124 = DEFINITIONAL_REPRESENTATION('',(#7125),#7129);
#7125 = LINE('',#7126,#7127);
#7126 = CARTESIAN_POINT('',(0.,0.));
#7127 = VECTOR('',#7128,1.);
#7128 = DIRECTION('',(1.,0.));
#7129 = ( GEOMETRIC_REPRESENTATION_CONTEXT(2) 
PARAMETRIC_REPRESENTATION_CONTEXT() REPRESENTATION_CONTEXT('2D SPACE',''
  ) );
#7130 = PCURVE('',#7131,#7136);
#7131 = PLANE('',#7132);
#7132 = AXIS2_PLACEMENT_3D('',#7133,#7134,#7135);
#7133 = CARTESIAN_POINT('',(-62.,58.,-19.));
#7134 = DIRECTION('',(0.,-1.,2.22044604925E-16));
#7135 = DIRECTION('',(1.,0.,0.));
#7136 = DEFINITIONAL_REPRESENTATION('',(#7137),#7141);
#7137 = CIRCLE('',#7138,2.);
#7138 = AXIS2_PLACEMENT_2D('',#7139,#7140);
#7139 = CARTESIAN_POINT('',(0.,0.));
#7140 = DIRECTION('',(1.,0.));
#7141 = ( GEOMETRIC_REPRESENTATION_CONTEXT(2) 
PARAMETRIC_REPRESENTATION_CONTEXT() REPRESENTATION_CONTEXT('2D SPACE',''
  ) );
#7142 = ORIENTED_EDGE('',*,*,#7093,.T.);
#7143 = ADVANCED_FACE('',(#7144),#7131,.F.);
#7144 = FACE_BOUND('',#7145,.T.);
#7145 = EDGE_LOOP('',(#7146));
#7146 = ORIENTED_EDGE('',*,*,#7116,.F.);
#7147 = MANIFOLD_SOLID_BREP('',#7148);
#7148 = CLOSED_SHELL('',(#7149,#7237,#7241,#7276,#7331));
#7149 = ADVANCED_FACE('',(#7150),#7163,.T.);
#7150 = FACE_BOUND('',#7151,.T.);
#7151 = EDGE_LOOP('',(#7152,#7186,#7209,#7236));
#7152 = ORIENTED_EDGE('',*,*,#7153,.F.);
#7153 = EDGE_CURVE('',#7154,#7154,#7156,.T.);
#7154 = VERTEX_POINT('',#7155);
#7155 = CARTESIAN_POINT('',(-57.75,45.5,-151.));
#7156 = SURFACE_CURVE('',#7157,(#7162,#7174),.PCURVE_S1.);
#7157 = CIRCLE('',#7158,4.25);
#7158 = AXIS2_PLACEMENT_3D('',#7159,#7160,#7161);
#7159 = CARTESIAN_POINT('',(-62.,45.5,-151.));
#7160 = DIRECTION('',(0.,-1.,2.22044604925E-16));
#7161 = DIRECTION('',(1.,0.,0.));
#7162 = PCURVE('',#7163,#7168);
#7163 = CYLINDRICAL_SURFACE('',#7164,4.25);
#7164 = AXIS2_PLACEMENT_3D('',#7165,#7166,#7167);
#7165 = CARTESIAN_POINT('',(-62.,48.5,-151.));
#7166 = DIRECTION('',(0.,-1.,2.22044604925E-16));
#7167 = DIRECTION('',(1.,0.,0.));
#7168 = DEFINITIONAL_REPRESENTATION('',(#7169),#7173);
#7169 = LINE('',#7170,#7171);
#7170 = CARTESIAN_POINT('',(0.,3.));
#7171 = VECTOR('',#7172,1.);
#7172 = DIRECTION('',(1.,0.));
#7173 = ( GEOMETRIC_REPRESENTATION_CONTEXT(2) 
PARAMETRIC_REPRESENTATION_CONTEXT() REPRESENTATION_CONTEXT('2D SPACE',''
  ) );
#7174 = PCURVE('',#7175,#7180);
#7175 = PLANE('',#7176);
#7176 = AXIS2_PLACEMENT_3D('',#7177,#7178,#7179);
#7177 = CARTESIAN_POINT('',(-62.,45.5,-151.));
#7178 = DIRECTION('',(0.,-1.,2.22044604925E-16));
#7179 = DIRECTION('',(1.,0.,0.));
#7180 = DEFINITIONAL_REPRESENTATION('',(#7181),#7185);
#7181 = CIRCLE('',#7182,4.25);
#7182 = AXIS2_PLACEMENT_2D('',#7183,#7184);
#7183 = CARTESIAN_POINT('',(0.,0.));
#7184 = DIRECTION('',(1.,0.));
#7185 = ( GEOMETRIC_REPRESENTATION_CONTEXT(2) 
PARAMETRIC_REPRESENTATION_CONTEXT() REPRESENTATION_CONTEXT('2D SPACE',''
  ) );
#7186 = ORIENTED_EDGE('',*,*,#7187,.F.);
#7187 = EDGE_CURVE('',#7188,#7154,#7190,.T.);
#7188 = VERTEX_POINT('',#7189);
#7189 = CARTESIAN_POINT('',(-57.75,48.5,-151.));
#7190 = SEAM_CURVE('',#7191,(#7195,#7202),.PCURVE_S1.);
#7191 = LINE('',#7192,#7193);
#7192 = CARTESIAN_POINT('',(-57.75,48.5,-151.));
#7193 = VECTOR('',#7194,1.);
#7194 = DIRECTION('',(0.,-1.,2.22044604925E-16));
#7195 = PCURVE('',#7163,#7196);
#7196 = DEFINITIONAL_REPRESENTATION('',(#7197),#7201);
#7197 = LINE('',#7198,#7199);
#7198 = CARTESIAN_POINT('',(6.28318530718,-0.));
#7199 = VECTOR('',#7200,1.);
#7200 = DIRECTION('',(0.,1.));
#7201 = ( GEOMETRIC_REPRESENTATION_CONTEXT(2) 
PARAMETRIC_REPRESENTATION_CONTEXT() REPRESENTATION_CONTEXT('2D SPACE',''
  ) );
#7202 = PCURVE('',#7163,#7203);
#7203 = DEFINITIONAL_REPRESENTATION('',(#7204),#7208);
#7204 = LINE('',#7205,#7206);
#7205 = CARTESIAN_POINT('',(0.,-0.));
#7206 = VECTOR('',#7207,1.);
#7207 = DIRECTION('',(0.,1.));
#7208 = ( GEOMETRIC_REPRESENTATION_CONTEXT(2) 
PARAMETRIC_REPRESENTATION_CONTEXT() REPRESENTATION_CONTEXT('2D SPACE',''
  ) );
#7209 = ORIENTED_EDGE('',*,*,#7210,.T.);
#7210 = EDGE_CURVE('',#7188,#7188,#7211,.T.);
#7211 = SURFACE_CURVE('',#7212,(#7217,#7224),.PCURVE_S1.);
#7212 = CIRCLE('',#7213,4.25);
#7213 = AXIS2_PLACEMENT_3D('',#7214,#7215,#7216);
#7214 = CARTESIAN_POINT('',(-62.,48.5,-151.));
#7215 = DIRECTION('',(0.,-1.,2.22044604925E-16));
#7216 = DIRECTION('',(1.,0.,0.));
#7217 = PCURVE('',#7163,#7218);
#7218 = DEFINITIONAL_REPRESENTATION('',(#7219),#7223);
#7219 = LINE('',#7220,#7221);
#7220 = CARTESIAN_POINT('',(0.,0.));
#7221 = VECTOR('',#7222,1.);
#7222 = DIRECTION('',(1.,0.));
#7223 = ( GEOMETRIC_REPRESENTATION_CONTEXT(2) 
PARAMETRIC_REPRESENTATION_CONTEXT() REPRESENTATION_CONTEXT('2D SPACE',''
  ) );
#7224 = PCURVE('',#7225,#7230);
#7225 = PLANE('',#7226);
#7226 = AXIS2_PLACEMENT_3D('',#7227,#7228,#7229);
#7227 = CARTESIAN_POINT('',(-62.,48.5,-151.));
#7228 = DIRECTION('',(0.,-1.,2.22044604925E-16));
#7229 = DIRECTION('',(1.,0.,0.));
#7230 = DEFINITIONAL_REPRESENTATION('',(#7231),#7235);
#7231 = CIRCLE('',#7232,4.25);
#7232 = AXIS2_PLACEMENT_2D('',#7233,#7234);
#7233 = CARTESIAN_POINT('',(0.,0.));
#7234 = DIRECTION('',(1.,0.));
#7235 = ( GEOMETRIC_REPRESENTATION_CONTEXT(2) 
PARAMETRIC_REPRESENTATION_CONTEXT() REPRESENTATION_CONTEXT('2D SPACE',''
  ) );
#7236 = ORIENTED_EDGE('',*,*,#7187,.T.);
#7237 = ADVANCED_FACE('',(#7238),#7175,.T.);
#7238 = FACE_BOUND('',#7239,.T.);
#7239 = EDGE_LOOP('',(#7240));
#7240 = ORIENTED_EDGE('',*,*,#7153,.T.);
#7241 = ADVANCED_FACE('',(#7242,#7245),#7225,.F.);
#7242 = FACE_BOUND('',#7243,.F.);
#7243 = EDGE_LOOP('',(#7244));
#7244 = ORIENTED_EDGE('',*,*,#7210,.T.);
#7245 = FACE_BOUND('',#7246,.F.);
#7246 = EDGE_LOOP('',(#7247));
#7247 = ORIENTED_EDGE('',*,*,#7248,.F.);
#7248 = EDGE_CURVE('',#7249,#7249,#7251,.T.);
#7249 = VERTEX_POINT('',#7250);
#7250 = CARTESIAN_POINT('',(-60.,48.5,-151.));
#7251 = SURFACE_CURVE('',#7252,(#7257,#7264),.PCURVE_S1.);
#7252 = CIRCLE('',#7253,2.);
#7253 = AXIS2_PLACEMENT_3D('',#7254,#7255,#7256);
#7254 = CARTESIAN_POINT('',(-62.,48.5,-151.));
#7255 = DIRECTION('',(0.,-1.,2.22044604925E-16));
#7256 = DIRECTION('',(1.,0.,0.));
#7257 = PCURVE('',#7225,#7258);
#7258 = DEFINITIONAL_REPRESENTATION('',(#7259),#7263);
#7259 = CIRCLE('',#7260,2.);
#7260 = AXIS2_PLACEMENT_2D('',#7261,#7262);
#7261 = CARTESIAN_POINT('',(0.,0.));
#7262 = DIRECTION('',(1.,0.));
#7263 = ( GEOMETRIC_REPRESENTATION_CONTEXT(2) 
PARAMETRIC_REPRESENTATION_CONTEXT() REPRESENTATION_CONTEXT('2D SPACE',''
  ) );
#7264 = PCURVE('',#7265,#7270);
#7265 = CYLINDRICAL_SURFACE('',#7266,2.);
#7266 = AXIS2_PLACEMENT_3D('',#7267,#7268,#7269);
#7267 = CARTESIAN_POINT('',(-62.,58.,-151.));
#7268 = DIRECTION('',(0.,-1.,2.22044604925E-16));
#7269 = DIRECTION('',(1.,0.,0.));
#7270 = DEFINITIONAL_REPRESENTATION('',(#7271),#7275);
#7271 = LINE('',#7272,#7273);
#7272 = CARTESIAN_POINT('',(0.,9.5));
#7273 = VECTOR('',#7274,1.);
#7274 = DIRECTION('',(1.,0.));
#7275 = ( GEOMETRIC_REPRESENTATION_CONTEXT(2) 
PARAMETRIC_REPRESENTATION_CONTEXT() REPRESENTATION_CONTEXT('2D SPACE',''
  ) );
#7276 = ADVANCED_FACE('',(#7277),#7265,.T.);
#7277 = FACE_BOUND('',#7278,.T.);
#7278 = EDGE_LOOP('',(#7279,#7280,#7303,#7330));
#7279 = ORIENTED_EDGE('',*,*,#7248,.F.);
#7280 = ORIENTED_EDGE('',*,*,#7281,.F.);
#7281 = EDGE_CURVE('',#7282,#7249,#7284,.T.);
#7282 = VERTEX_POINT('',#7283);
#7283 = CARTESIAN_POINT('',(-60.,58.,-151.));
#7284 = SEAM_CURVE('',#7285,(#7289,#7296),.PCURVE_S1.);
#7285 = LINE('',#7286,#7287);
#7286 = CARTESIAN_POINT('',(-60.,58.,-151.));
#7287 = VECTOR('',#7288,1.);
#7288 = DIRECTION('',(0.,-1.,2.22044604925E-16));
#7289 = PCURVE('',#7265,#7290);
#7290 = DEFINITIONAL_REPRESENTATION('',(#7291),#7295);
#7291 = LINE('',#7292,#7293);
#7292 = CARTESIAN_POINT('',(6.28318530718,-0.));
#7293 = VECTOR('',#7294,1.);
#7294 = DIRECTION('',(0.,1.));
#7295 = ( GEOMETRIC_REPRESENTATION_CONTEXT(2) 
PARAMETRIC_REPRESENTATION_CONTEXT() REPRESENTATION_CONTEXT('2D SPACE',''
  ) );
#7296 = PCURVE('',#7265,#7297);
#7297 = DEFINITIONAL_REPRESENTATION('',(#7298),#7302);
#7298 = LINE('',#7299,#7300);
#7299 = CARTESIAN_POINT('',(0.,-0.));
#7300 = VECTOR('',#7301,1.);
#7301 = DIRECTION('',(0.,1.));
#7302 = ( GEOMETRIC_REPRESENTATION_CONTEXT(2) 
PARAMETRIC_REPRESENTATION_CONTEXT() REPRESENTATION_CONTEXT('2D SPACE',''
  ) );
#7303 = ORIENTED_EDGE('',*,*,#7304,.T.);
#7304 = EDGE_CURVE('',#7282,#7282,#7305,.T.);
#7305 = SURFACE_CURVE('',#7306,(#7311,#7318),.PCURVE_S1.);
#7306 = CIRCLE('',#7307,2.);
#7307 = AXIS2_PLACEMENT_3D('',#7308,#7309,#7310);
#7308 = CARTESIAN_POINT('',(-62.,58.,-151.));
#7309 = DIRECTION('',(0.,-1.,2.22044604925E-16));
#7310 = DIRECTION('',(1.,0.,0.));
#7311 = PCURVE('',#7265,#7312);
#7312 = DEFINITIONAL_REPRESENTATION('',(#7313),#7317);
#7313 = LINE('',#7314,#7315);
#7314 = CARTESIAN_POINT('',(0.,0.));
#7315 = VECTOR('',#7316,1.);
#7316 = DIRECTION('',(1.,0.));
#7317 = ( GEOMETRIC_REPRESENTATION_CONTEXT(2) 
PARAMETRIC_REPRESENTATION_CONTEXT() REPRESENTATION_CONTEXT('2D SPACE',''
  ) );
#7318 = PCURVE('',#7319,#7324);
#7319 = PLANE('',#7320);
#7320 = AXIS2_PLACEMENT_3D('',#7321,#7322,#7323);
#7321 = CARTESIAN_POINT('',(-62.,58.,-151.));
#7322 = DIRECTION('',(0.,-1.,2.22044604925E-16));
#7323 = DIRECTION('',(1.,0.,0.));
#7324 = DEFINITIONAL_REPRESENTATION('',(#7325),#7329);
#7325 = CIRCLE('',#7326,2.);
#7326 = AXIS2_PLACEMENT_2D('',#7327,#7328);
#7327 = CARTESIAN_POINT('',(0.,0.));
#7328 = DIRECTION('',(1.,0.));
#7329 = ( GEOMETRIC_REPRESENTATION_CONTEXT(2) 
PARAMETRIC_REPRESENTATION_CONTEXT() REPRESENTATION_CONTEXT('2D SPACE',''
  ) );
#7330 = ORIENTED_EDGE('',*,*,#7281,.T.);
#7331 = ADVANCED_FACE('',(#7332),#7319,.F.);
#7332 = FACE_BOUND('',#7333,.T.);
#7333 = EDGE_LOOP('',(#7334));
#7334 = ORIENTED_EDGE('',*,*,#7304,.F.);
#7335 = MANIFOLD_SOLID_BREP('',#7336);
#7336 = CLOSED_SHELL('',(#7337,#7425,#7429,#7464,#7519));
#7337 = ADVANCED_FACE('',(#7338),#7351,.T.);
#7338 = FACE_BOUND('',#7339,.T.);
#7339 = EDGE_LOOP('',(#7340,#7374,#7397,#7424));
#7340 = ORIENTED_EDGE('',*,*,#7341,.F.);
#7341 = EDGE_CURVE('',#7342,#7342,#7344,.T.);
#7342 = VERTEX_POINT('',#7343);
#7343 = CARTESIAN_POINT('',(66.25,45.5,-19.));
#7344 = SURFACE_CURVE('',#7345,(#7350,#7362),.PCURVE_S1.);
#7345 = CIRCLE('',#7346,4.25);
#7346 = AXIS2_PLACEMENT_3D('',#7347,#7348,#7349);
#7347 = CARTESIAN_POINT('',(62.,45.5,-19.));
#7348 = DIRECTION('',(0.,-1.,2.22044604925E-16));
#7349 = DIRECTION('',(1.,0.,0.));
#7350 = PCURVE('',#7351,#7356);
#7351 = CYLINDRICAL_SURFACE('',#7352,4.25);
#7352 = AXIS2_PLACEMENT_3D('',#7353,#7354,#7355);
#7353 = CARTESIAN_POINT('',(62.,48.5,-19.));
#7354 = DIRECTION('',(0.,-1.,2.22044604925E-16));
#7355 = DIRECTION('',(1.,0.,0.));
#7356 = DEFINITIONAL_REPRESENTATION('',(#7357),#7361);
#7357 = LINE('',#7358,#7359);
#7358 = CARTESIAN_POINT('',(0.,3.));
#7359 = VECTOR('',#7360,1.);
#7360 = DIRECTION('',(1.,0.));
#7361 = ( GEOMETRIC_REPRESENTATION_CONTEXT(2) 
PARAMETRIC_REPRESENTATION_CONTEXT() REPRESENTATION_CONTEXT('2D SPACE',''
  ) );
#7362 = PCURVE('',#7363,#7368);
#7363 = PLANE('',#7364);
#7364 = AXIS2_PLACEMENT_3D('',#7365,#7366,#7367);
#7365 = CARTESIAN_POINT('',(62.,45.5,-19.));
#7366 = DIRECTION('',(0.,-1.,2.22044604925E-16));
#7367 = DIRECTION('',(1.,0.,0.));
#7368 = DEFINITIONAL_REPRESENTATION('',(#7369),#7373);
#7369 = CIRCLE('',#7370,4.25);
#7370 = AXIS2_PLACEMENT_2D('',#7371,#7372);
#7371 = CARTESIAN_POINT('',(0.,0.));
#7372 = DIRECTION('',(1.,0.));
#7373 = ( GEOMETRIC_REPRESENTATION_CONTEXT(2) 
PARAMETRIC_REPRESENTATION_CONTEXT() REPRESENTATION_CONTEXT('2D SPACE',''
  ) );
#7374 = ORIENTED_EDGE('',*,*,#7375,.F.);
#7375 = EDGE_CURVE('',#7376,#7342,#7378,.T.);
#7376 = VERTEX_POINT('',#7377);
#7377 = CARTESIAN_POINT('',(66.25,48.5,-19.));
#7378 = SEAM_CURVE('',#7379,(#7383,#7390),.PCURVE_S1.);
#7379 = LINE('',#7380,#7381);
#7380 = CARTESIAN_POINT('',(66.25,48.5,-19.));
#7381 = VECTOR('',#7382,1.);
#7382 = DIRECTION('',(0.,-1.,2.22044604925E-16));
#7383 = PCURVE('',#7351,#7384);
#7384 = DEFINITIONAL_REPRESENTATION('',(#7385),#7389);
#7385 = LINE('',#7386,#7387);
#7386 = CARTESIAN_POINT('',(6.28318530718,-0.));
#7387 = VECTOR('',#7388,1.);
#7388 = DIRECTION('',(0.,1.));
#7389 = ( GEOMETRIC_REPRESENTATION_CONTEXT(2) 
PARAMETRIC_REPRESENTATION_CONTEXT() REPRESENTATION_CONTEXT('2D SPACE',''
  ) );
#7390 = PCURVE('',#7351,#7391);
#7391 = DEFINITIONAL_REPRESENTATION('',(#7392),#7396);
#7392 = LINE('',#7393,#7394);
#7393 = CARTESIAN_POINT('',(0.,-0.));
#7394 = VECTOR('',#7395,1.);
#7395 = DIRECTION('',(0.,1.));
#7396 = ( GEOMETRIC_REPRESENTATION_CONTEXT(2) 
PARAMETRIC_REPRESENTATION_CONTEXT() REPRESENTATION_CONTEXT('2D SPACE',''
  ) );
#7397 = ORIENTED_EDGE('',*,*,#7398,.T.);
#7398 = EDGE_CURVE('',#7376,#7376,#7399,.T.);
#7399 = SURFACE_CURVE('',#7400,(#7405,#7412),.PCURVE_S1.);
#7400 = CIRCLE('',#7401,4.25);
#7401 = AXIS2_PLACEMENT_3D('',#7402,#7403,#7404);
#7402 = CARTESIAN_POINT('',(62.,48.5,-19.));
#7403 = DIRECTION('',(0.,-1.,2.22044604925E-16));
#7404 = DIRECTION('',(1.,0.,0.));
#7405 = PCURVE('',#7351,#7406);
#7406 = DEFINITIONAL_REPRESENTATION('',(#7407),#7411);
#7407 = LINE('',#7408,#7409);
#7408 = CARTESIAN_POINT('',(0.,0.));
#7409 = VECTOR('',#7410,1.);
#7410 = DIRECTION('',(1.,0.));
#7411 = ( GEOMETRIC_REPRESENTATION_CONTEXT(2) 
PARAMETRIC_REPRESENTATION_CONTEXT() REPRESENTATION_CONTEXT('2D SPACE',''
  ) );
#7412 = PCURVE('',#7413,#7418);
#7413 = PLANE('',#7414);
#7414 = AXIS2_PLACEMENT_3D('',#7415,#7416,#7417);
#7415 = CARTESIAN_POINT('',(62.,48.5,-19.));
#7416 = DIRECTION('',(0.,-1.,2.22044604925E-16));
#7417 = DIRECTION('',(1.,0.,0.));
#7418 = DEFINITIONAL_REPRESENTATION('',(#7419),#7423);
#7419 = CIRCLE('',#7420,4.25);
#7420 = AXIS2_PLACEMENT_2D('',#7421,#7422);
#7421 = CARTESIAN_POINT('',(0.,0.));
#7422 = DIRECTION('',(1.,0.));
#7423 = ( GEOMETRIC_REPRESENTATION_CONTEXT(2) 
PARAMETRIC_REPRESENTATION_CONTEXT() REPRESENTATION_CONTEXT('2D SPACE',''
  ) );
#7424 = ORIENTED_EDGE('',*,*,#7375,.T.);
#7425 = ADVANCED_FACE('',(#7426),#7363,.T.);
#7426 = FACE_BOUND('',#7427,.T.);
#7427 = EDGE_LOOP('',(#7428));
#7428 = ORIENTED_EDGE('',*,*,#7341,.T.);
#7429 = ADVANCED_FACE('',(#7430,#7433),#7413,.F.);
#7430 = FACE_BOUND('',#7431,.F.);
#7431 = EDGE_LOOP('',(#7432));
#7432 = ORIENTED_EDGE('',*,*,#7398,.T.);
#7433 = FACE_BOUND('',#7434,.F.);
#7434 = EDGE_LOOP('',(#7435));
#7435 = ORIENTED_EDGE('',*,*,#7436,.F.);
#7436 = EDGE_CURVE('',#7437,#7437,#7439,.T.);
#7437 = VERTEX_POINT('',#7438);
#7438 = CARTESIAN_POINT('',(64.,48.5,-19.));
#7439 = SURFACE_CURVE('',#7440,(#7445,#7452),.PCURVE_S1.);
#7440 = CIRCLE('',#7441,2.);
#7441 = AXIS2_PLACEMENT_3D('',#7442,#7443,#7444);
#7442 = CARTESIAN_POINT('',(62.,48.5,-19.));
#7443 = DIRECTION('',(0.,-1.,2.22044604925E-16));
#7444 = DIRECTION('',(1.,0.,0.));
#7445 = PCURVE('',#7413,#7446);
#7446 = DEFINITIONAL_REPRESENTATION('',(#7447),#7451);
#7447 = CIRCLE('',#7448,2.);
#7448 = AXIS2_PLACEMENT_2D('',#7449,#7450);
#7449 = CARTESIAN_POINT('',(0.,0.));
#7450 = DIRECTION('',(1.,0.));
#7451 = ( GEOMETRIC_REPRESENTATION_CONTEXT(2) 
PARAMETRIC_REPRESENTATION_CONTEXT() REPRESENTATION_CONTEXT('2D SPACE',''
  ) );
#7452 = PCURVE('',#7453,#7458);
#7453 = CYLINDRICAL_SURFACE('',#7454,2.);
#7454 = AXIS2_PLACEMENT_3D('',#7455,#7456,#7457);
#7455 = CARTESIAN_POINT('',(62.,58.,-19.));
#7456 = DIRECTION('',(0.,-1.,2.22044604925E-16));
#7457 = DIRECTION('',(1.,0.,0.));
#7458 = DEFINITIONAL_REPRESENTATION('',(#7459),#7463);
#7459 = LINE('',#7460,#7461);
#7460 = CARTESIAN_POINT('',(0.,9.5));
#7461 = VECTOR('',#7462,1.);
#7462 = DIRECTION('',(1.,0.));
#7463 = ( GEOMETRIC_REPRESENTATION_CONTEXT(2) 
PARAMETRIC_REPRESENTATION_CONTEXT() REPRESENTATION_CONTEXT('2D SPACE',''
  ) );
#7464 = ADVANCED_FACE('',(#7465),#7453,.T.);
#7465 = FACE_BOUND('',#7466,.T.);
#7466 = EDGE_LOOP('',(#7467,#7468,#7491,#7518));
#7467 = ORIENTED_EDGE('',*,*,#7436,.F.);
#7468 = ORIENTED_EDGE('',*,*,#7469,.F.);
#7469 = EDGE_CURVE('',#7470,#7437,#7472,.T.);
#7470 = VERTEX_POINT('',#7471);
#7471 = CARTESIAN_POINT('',(64.,58.,-19.));
#7472 = SEAM_CURVE('',#7473,(#7477,#7484),.PCURVE_S1.);
#7473 = LINE('',#7474,#7475);
#7474 = CARTESIAN_POINT('',(64.,58.,-19.));
#7475 = VECTOR('',#7476,1.);
#7476 = DIRECTION('',(0.,-1.,2.22044604925E-16));
#7477 = PCURVE('',#7453,#7478);
#7478 = DEFINITIONAL_REPRESENTATION('',(#7479),#7483);
#7479 = LINE('',#7480,#7481);
#7480 = CARTESIAN_POINT('',(6.28318530718,-0.));
#7481 = VECTOR('',#7482,1.);
#7482 = DIRECTION('',(0.,1.));
#7483 = ( GEOMETRIC_REPRESENTATION_CONTEXT(2) 
PARAMETRIC_REPRESENTATION_CONTEXT() REPRESENTATION_CONTEXT('2D SPACE',''
  ) );
#7484 = PCURVE('',#7453,#7485);
#7485 = DEFINITIONAL_REPRESENTATION('',(#7486),#7490);
#7486 = LINE('',#7487,#7488);
#7487 = CARTESIAN_POINT('',(0.,-0.));
#7488 = VECTOR('',#7489,1.);
#7489 = DIRECTION('',(0.,1.));
#7490 = ( GEOMETRIC_REPRESENTATION_CONTEXT(2) 
PARAMETRIC_REPRESENTATION_CONTEXT() REPRESENTATION_CONTEXT('2D SPACE',''
  ) );
#7491 = ORIENTED_EDGE('',*,*,#7492,.T.);
#7492 = EDGE_CURVE('',#7470,#7470,#7493,.T.);
#7493 = SURFACE_CURVE('',#7494,(#7499,#7506),.PCURVE_S1.);
#7494 = CIRCLE('',#7495,2.);
#7495 = AXIS2_PLACEMENT_3D('',#7496,#7497,#7498);
#7496 = CARTESIAN_POINT('',(62.,58.,-19.));
#7497 = DIRECTION('',(0.,-1.,2.22044604925E-16));
#7498 = DIRECTION('',(1.,0.,0.));
#7499 = PCURVE('',#7453,#7500);
#7500 = DEFINITIONAL_REPRESENTATION('',(#7501),#7505);
#7501 = LINE('',#7502,#7503);
#7502 = CARTESIAN_POINT('',(0.,0.));
#7503 = VECTOR('',#7504,1.);
#7504 = DIRECTION('',(1.,0.));
#7505 = ( GEOMETRIC_REPRESENTATION_CONTEXT(2) 
PARAMETRIC_REPRESENTATION_CONTEXT() REPRESENTATION_CONTEXT('2D SPACE',''
  ) );
#7506 = PCURVE('',#7507,#7512);
#7507 = PLANE('',#7508);
#7508 = AXIS2_PLACEMENT_3D('',#7509,#7510,#7511);
#7509 = CARTESIAN_POINT('',(62.,58.,-19.));
#7510 = DIRECTION('',(0.,-1.,2.22044604925E-16));
#7511 = DIRECTION('',(1.,0.,0.));
#7512 = DEFINITIONAL_REPRESENTATION('',(#7513),#7517);
#7513 = CIRCLE('',#7514,2.);
#7514 = AXIS2_PLACEMENT_2D('',#7515,#7516);
#7515 = CARTESIAN_POINT('',(0.,0.));
#7516 = DIRECTION('',(1.,0.));
#7517 = ( GEOMETRIC_REPRESENTATION_CONTEXT(2) 
PARAMETRIC_REPRESENTATION_CONTEXT() REPRESENTATION_CONTEXT('2D SPACE',''
  ) );
#7518 = ORIENTED_EDGE('',*,*,#7469,.T.);
#7519 = ADVANCED_FACE('',(#7520),#7507,.F.);
#7520 = FACE_BOUND('',#7521,.T.);
#7521 = EDGE_LOOP('',(#7522));
#7522 = ORIENTED_EDGE('',*,*,#7492,.F.);
#7523 = MANIFOLD_SOLID_BREP('',#7524);
#7524 = CLOSED_SHELL('',(#7525,#7613,#7617,#7652,#7707));
#7525 = ADVANCED_FACE('',(#7526),#7539,.T.);
#7526 = FACE_BOUND('',#7527,.T.);
#7527 = EDGE_LOOP('',(#7528,#7562,#7585,#7612));
#7528 = ORIENTED_EDGE('',*,*,#7529,.F.);
#7529 = EDGE_CURVE('',#7530,#7530,#7532,.T.);
#7530 = VERTEX_POINT('',#7531);
#7531 = CARTESIAN_POINT('',(66.25,45.5,-151.));
#7532 = SURFACE_CURVE('',#7533,(#7538,#7550),.PCURVE_S1.);
#7533 = CIRCLE('',#7534,4.25);
#7534 = AXIS2_PLACEMENT_3D('',#7535,#7536,#7537);
#7535 = CARTESIAN_POINT('',(62.,45.5,-151.));
#7536 = DIRECTION('',(0.,-1.,2.22044604925E-16));
#7537 = DIRECTION('',(1.,0.,0.));
#7538 = PCURVE('',#7539,#7544);
#7539 = CYLINDRICAL_SURFACE('',#7540,4.25);
#7540 = AXIS2_PLACEMENT_3D('',#7541,#7542,#7543);
#7541 = CARTESIAN_POINT('',(62.,48.5,-151.));
#7542 = DIRECTION('',(0.,-1.,2.22044604925E-16));
#7543 = DIRECTION('',(1.,0.,0.));
#7544 = DEFINITIONAL_REPRESENTATION('',(#7545),#7549);
#7545 = LINE('',#7546,#7547);
#7546 = CARTESIAN_POINT('',(0.,3.));
#7547 = VECTOR('',#7548,1.);
#7548 = DIRECTION('',(1.,0.));
#7549 = ( GEOMETRIC_REPRESENTATION_CONTEXT(2) 
PARAMETRIC_REPRESENTATION_CONTEXT() REPRESENTATION_CONTEXT('2D SPACE',''
  ) );
#7550 = PCURVE('',#7551,#7556);
#7551 = PLANE('',#7552);
#7552 = AXIS2_PLACEMENT_3D('',#7553,#7554,#7555);
#7553 = CARTESIAN_POINT('',(62.,45.5,-151.));
#7554 = DIRECTION('',(0.,-1.,2.22044604925E-16));
#7555 = DIRECTION('',(1.,0.,0.));
#7556 = DEFINITIONAL_REPRESENTATION('',(#7557),#7561);
#7557 = CIRCLE('',#7558,4.25);
#7558 = AXIS2_PLACEMENT_2D('',#7559,#7560);
#7559 = CARTESIAN_POINT('',(0.,0.));
#7560 = DIRECTION('',(1.,0.));
#7561 = ( GEOMETRIC_REPRESENTATION_CONTEXT(2) 
PARAMETRIC_REPRESENTATION_CONTEXT() REPRESENTATION_CONTEXT('2D SPACE',''
  ) );
#7562 = ORIENTED_EDGE('',*,*,#7563,.F.);
#7563 = EDGE_CURVE('',#7564,#7530,#7566,.T.);
#7564 = VERTEX_POINT('',#7565);
#7565 = CARTESIAN_POINT('',(66.25,48.5,-151.));
#7566 = SEAM_CURVE('',#7567,(#7571,#7578),.PCURVE_S1.);
#7567 = LINE('',#7568,#7569);
#7568 = CARTESIAN_POINT('',(66.25,48.5,-151.));
#7569 = VECTOR('',#7570,1.);
#7570 = DIRECTION('',(0.,-1.,2.22044604925E-16));
#7571 = PCURVE('',#7539,#7572);
#7572 = DEFINITIONAL_REPRESENTATION('',(#7573),#7577);
#7573 = LINE('',#7574,#7575);
#7574 = CARTESIAN_POINT('',(6.28318530718,-0.));
#7575 = VECTOR('',#7576,1.);
#7576 = DIRECTION('',(0.,1.));
#7577 = ( GEOMETRIC_REPRESENTATION_CONTEXT(2) 
PARAMETRIC_REPRESENTATION_CONTEXT() REPRESENTATION_CONTEXT('2D SPACE',''
  ) );
#7578 = PCURVE('',#7539,#7579);
#7579 = DEFINITIONAL_REPRESENTATION('',(#7580),#7584);
#7580 = LINE('',#7581,#7582);
#7581 = CARTESIAN_POINT('',(0.,-0.));
#7582 = VECTOR('',#7583,1.);
#7583 = DIRECTION('',(0.,1.));
#7584 = ( GEOMETRIC_REPRESENTATION_CONTEXT(2) 
PARAMETRIC_REPRESENTATION_CONTEXT() REPRESENTATION_CONTEXT('2D SPACE',''
  ) );
#7585 = ORIENTED_EDGE('',*,*,#7586,.T.);
#7586 = EDGE_CURVE('',#7564,#7564,#7587,.T.);
#7587 = SURFACE_CURVE('',#7588,(#7593,#7600),.PCURVE_S1.);
#7588 = CIRCLE('',#7589,4.25);
#7589 = AXIS2_PLACEMENT_3D('',#7590,#7591,#7592);
#7590 = CARTESIAN_POINT('',(62.,48.5,-151.));
#7591 = DIRECTION('',(0.,-1.,2.22044604925E-16));
#7592 = DIRECTION('',(1.,0.,0.));
#7593 = PCURVE('',#7539,#7594);
#7594 = DEFINITIONAL_REPRESENTATION('',(#7595),#7599);
#7595 = LINE('',#7596,#7597);
#7596 = CARTESIAN_POINT('',(0.,0.));
#7597 = VECTOR('',#7598,1.);
#7598 = DIRECTION('',(1.,0.));
#7599 = ( GEOMETRIC_REPRESENTATION_CONTEXT(2) 
PARAMETRIC_REPRESENTATION_CONTEXT() REPRESENTATION_CONTEXT('2D SPACE',''
  ) );
#7600 = PCURVE('',#7601,#7606);
#7601 = PLANE('',#7602);
#7602 = AXIS2_PLACEMENT_3D('',#7603,#7604,#7605);
#7603 = CARTESIAN_POINT('',(62.,48.5,-151.));
#7604 = DIRECTION('',(0.,-1.,2.22044604925E-16));
#7605 = DIRECTION('',(1.,0.,0.));
#7606 = DEFINITIONAL_REPRESENTATION('',(#7607),#7611);
#7607 = CIRCLE('',#7608,4.25);
#7608 = AXIS2_PLACEMENT_2D('',#7609,#7610);
#7609 = CARTESIAN_POINT('',(0.,0.));
#7610 = DIRECTION('',(1.,0.));
#7611 = ( GEOMETRIC_REPRESENTATION_CONTEXT(2) 
PARAMETRIC_REPRESENTATION_CONTEXT() REPRESENTATION_CONTEXT('2D SPACE',''
  ) );
#7612 = ORIENTED_EDGE('',*,*,#7563,.T.);
#7613 = ADVANCED_FACE('',(#7614),#7551,.T.);
#7614 = FACE_BOUND('',#7615,.T.);
#7615 = EDGE_LOOP('',(#7616));
#7616 = ORIENTED_EDGE('',*,*,#7529,.T.);
#7617 = ADVANCED_FACE('',(#7618,#7621),#7601,.F.);
#7618 = FACE_BOUND('',#7619,.F.);
#7619 = EDGE_LOOP('',(#7620));
#7620 = ORIENTED_EDGE('',*,*,#7586,.T.);
#7621 = FACE_BOUND('',#7622,.F.);
#7622 = EDGE_LOOP('',(#7623));
#7623 = ORIENTED_EDGE('',*,*,#7624,.F.);
#7624 = EDGE_CURVE('',#7625,#7625,#7627,.T.);
#7625 = VERTEX_POINT('',#7626);
#7626 = CARTESIAN_POINT('',(64.,48.5,-151.));
#7627 = SURFACE_CURVE('',#7628,(#7633,#7640),.PCURVE_S1.);
#7628 = CIRCLE('',#7629,2.);
#7629 = AXIS2_PLACEMENT_3D('',#7630,#7631,#7632);
#7630 = CARTESIAN_POINT('',(62.,48.5,-151.));
#7631 = DIRECTION('',(0.,-1.,2.22044604925E-16));
#7632 = DIRECTION('',(1.,0.,0.));
#7633 = PCURVE('',#7601,#7634);
#7634 = DEFINITIONAL_REPRESENTATION('',(#7635),#7639);
#7635 = CIRCLE('',#7636,2.);
#7636 = AXIS2_PLACEMENT_2D('',#7637,#7638);
#7637 = CARTESIAN_POINT('',(0.,0.));
#7638 = DIRECTION('',(1.,0.));
#7639 = ( GEOMETRIC_REPRESENTATION_CONTEXT(2) 
PARAMETRIC_REPRESENTATION_CONTEXT() REPRESENTATION_CONTEXT('2D SPACE',''
  ) );
#7640 = PCURVE('',#7641,#7646);
#7641 = CYLINDRICAL_SURFACE('',#7642,2.);
#7642 = AXIS2_PLACEMENT_3D('',#7643,#7644,#7645);
#7643 = CARTESIAN_POINT('',(62.,58.,-151.));
#7644 = DIRECTION('',(0.,-1.,2.22044604925E-16));
#7645 = DIRECTION('',(1.,0.,0.));
#7646 = DEFINITIONAL_REPRESENTATION('',(#7647),#7651);
#7647 = LINE('',#7648,#7649);
#7648 = CARTESIAN_POINT('',(0.,9.5));
#7649 = VECTOR('',#7650,1.);
#7650 = DIRECTION('',(1.,0.));
#7651 = ( GEOMETRIC_REPRESENTATION_CONTEXT(2) 
PARAMETRIC_REPRESENTATION_CONTEXT() REPRESENTATION_CONTEXT('2D SPACE',''
  ) );
#7652 = ADVANCED_FACE('',(#7653),#7641,.T.);
#7653 = FACE_BOUND('',#7654,.T.);
#7654 = EDGE_LOOP('',(#7655,#7656,#7679,#7706));
#7655 = ORIENTED_EDGE('',*,*,#7624,.F.);
#7656 = ORIENTED_EDGE('',*,*,#7657,.F.);
#7657 = EDGE_CURVE('',#7658,#7625,#7660,.T.);
#7658 = VERTEX_POINT('',#7659);
#7659 = CARTESIAN_POINT('',(64.,58.,-151.));
#7660 = SEAM_CURVE('',#7661,(#7665,#7672),.PCURVE_S1.);
#7661 = LINE('',#7662,#7663);
#7662 = CARTESIAN_POINT('',(64.,58.,-151.));
#7663 = VECTOR('',#7664,1.);
#7664 = DIRECTION('',(0.,-1.,2.22044604925E-16));
#7665 = PCURVE('',#7641,#7666);
#7666 = DEFINITIONAL_REPRESENTATION('',(#7667),#7671);
#7667 = LINE('',#7668,#7669);
#7668 = CARTESIAN_POINT('',(6.28318530718,-0.));
#7669 = VECTOR('',#7670,1.);
#7670 = DIRECTION('',(0.,1.));
#7671 = ( GEOMETRIC_REPRESENTATION_CONTEXT(2) 
PARAMETRIC_REPRESENTATION_CONTEXT() REPRESENTATION_CONTEXT('2D SPACE',''
  ) );
#7672 = PCURVE('',#7641,#7673);
#7673 = DEFINITIONAL_REPRESENTATION('',(#7674),#7678);
#7674 = LINE('',#7675,#7676);
#7675 = CARTESIAN_POINT('',(0.,-0.));
#7676 = VECTOR('',#7677,1.);
#7677 = DIRECTION('',(0.,1.));
#7678 = ( GEOMETRIC_REPRESENTATION_CONTEXT(2) 
PARAMETRIC_REPRESENTATION_CONTEXT() REPRESENTATION_CONTEXT('2D SPACE',''
  ) );
#7679 = ORIENTED_EDGE('',*,*,#7680,.T.);
#7680 = EDGE_CURVE('',#7658,#7658,#7681,.T.);
#7681 = SURFACE_CURVE('',#7682,(#7687,#7694),.PCURVE_S1.);
#7682 = CIRCLE('',#7683,2.);
#7683 = AXIS2_PLACEMENT_3D('',#7684,#7685,#7686);
#7684 = CARTESIAN_POINT('',(62.,58.,-151.));
#7685 = DIRECTION('',(0.,-1.,2.22044604925E-16));
#7686 = DIRECTION('',(1.,0.,0.));
#7687 = PCURVE('',#7641,#7688);
#7688 = DEFINITIONAL_REPRESENTATION('',(#7689),#7693);
#7689 = LINE('',#7690,#7691);
#7690 = CARTESIAN_POINT('',(0.,0.));
#7691 = VECTOR('',#7692,1.);
#7692 = DIRECTION('',(1.,0.));
#7693 = ( GEOMETRIC_REPRESENTATION_CONTEXT(2) 
PARAMETRIC_REPRESENTATION_CONTEXT() REPRESENTATION_CONTEXT('2D SPACE',''
  ) );
#7694 = PCURVE('',#7695,#7700);
#7695 = PLANE('',#7696);
#7696 = AXIS2_PLACEMENT_3D('',#7697,#7698,#7699);
#7697 = CARTESIAN_POINT('',(62.,58.,-151.));
#7698 = DIRECTION('',(0.,-1.,2.22044604925E-16));
#7699 = DIRECTION('',(1.,0.,0.));
#7700 = DEFINITIONAL_REPRESENTATION('',(#7701),#7705);
#7701 = CIRCLE('',#7702,2.);
#7702 = AXIS2_PLACEMENT_2D('',#7703,#7704);
#7703 = CARTESIAN_POINT('',(0.,0.));
#7704 = DIRECTION('',(1.,0.));
#7705 = ( GEOMETRIC_REPRESENTATION_CONTEXT(2) 
PARAMETRIC_REPRESENTATION_CONTEXT() REPRESENTATION_CONTEXT('2D SPACE',''
  ) );
#7706 = ORIENTED_EDGE('',*,*,#7657,.T.);
#7707 = ADVANCED_FACE('',(#7708),#7695,.F.);
#7708 = FACE_BOUND('',#7709,.T.);
#7709 = EDGE_LOOP('',(#7710));
#7710 = ORIENTED_EDGE('',*,*,#7680,.F.);
#7711 = MANIFOLD_SOLID_BREP('',#7712);
#7712 = CLOSED_SHELL('',(#7713,#7831,#7905,#8064,#8113,#8388,#8395,#8471
    ,#8520,#8569,#8596,#8646,#8696,#8746,#8796,#8846,#8896,#8946,#8996,
    #9141,#9217,#9266,#9315,#9342));
#7713 = ADVANCED_FACE('',(#7714),#7728,.F.);
#7714 = FACE_BOUND('',#7715,.F.);
#7715 = EDGE_LOOP('',(#7716,#7751,#7779,#7807));
#7716 = ORIENTED_EDGE('',*,*,#7717,.F.);
#7717 = EDGE_CURVE('',#7718,#7720,#7722,.T.);
#7718 = VERTEX_POINT('',#7719);
#7719 = CARTESIAN_POINT('',(-29.,-10.,30.));
#7720 = VERTEX_POINT('',#7721);
#7721 = CARTESIAN_POINT('',(-29.,-10.,39.));
#7722 = SURFACE_CURVE('',#7723,(#7727,#7739),.PCURVE_S1.);
#7723 = LINE('',#7724,#7725);
#7724 = CARTESIAN_POINT('',(-29.,-10.,30.));
#7725 = VECTOR('',#7726,1.);
#7726 = DIRECTION('',(0.,0.,1.));
#7727 = PCURVE('',#7728,#7733);
#7728 = PLANE('',#7729);
#7729 = AXIS2_PLACEMENT_3D('',#7730,#7731,#7732);
#7730 = CARTESIAN_POINT('',(-29.,-10.,30.));
#7731 = DIRECTION('',(1.,0.,-0.));
#7732 = DIRECTION('',(0.,0.,1.));
#7733 = DEFINITIONAL_REPRESENTATION('',(#7734),#7738);
#7734 = LINE('',#7735,#7736);
#7735 = CARTESIAN_POINT('',(0.,0.));
#7736 = VECTOR('',#7737,1.);
#7737 = DIRECTION('',(1.,0.));
#7738 = ( GEOMETRIC_REPRESENTATION_CONTEXT(2) 
PARAMETRIC_REPRESENTATION_CONTEXT() REPRESENTATION_CONTEXT('2D SPACE',''
  ) );
#7739 = PCURVE('',#7740,#7745);
#7740 = PLANE('',#7741);
#7741 = AXIS2_PLACEMENT_3D('',#7742,#7743,#7744);
#7742 = CARTESIAN_POINT('',(-29.,-10.,30.));
#7743 = DIRECTION('',(-0.,1.,0.));
#7744 = DIRECTION('',(0.,0.,1.));
#7745 = DEFINITIONAL_REPRESENTATION('',(#7746),#7750);
#7746 = LINE('',#7747,#7748);
#7747 = CARTESIAN_POINT('',(0.,0.));
#7748 = VECTOR('',#7749,1.);
#7749 = DIRECTION('',(1.,0.));
#7750 = ( GEOMETRIC_REPRESENTATION_CONTEXT(2) 
PARAMETRIC_REPRESENTATION_CONTEXT() REPRESENTATION_CONTEXT('2D SPACE',''
  ) );
#7751 = ORIENTED_EDGE('',*,*,#7752,.T.);
#7752 = EDGE_CURVE('',#7718,#7753,#7755,.T.);
#7753 = VERTEX_POINT('',#7754);
#7754 = CARTESIAN_POINT('',(-29.,26.,30.));
#7755 = SURFACE_CURVE('',#7756,(#7760,#7767),.PCURVE_S1.);
#7756 = LINE('',#7757,#7758);
#7757 = CARTESIAN_POINT('',(-29.,-10.,30.));
#7758 = VECTOR('',#7759,1.);
#7759 = DIRECTION('',(-0.,1.,0.));
#7760 = PCURVE('',#7728,#7761);
#7761 = DEFINITIONAL_REPRESENTATION('',(#7762),#7766);
#7762 = LINE('',#7763,#7764);
#7763 = CARTESIAN_POINT('',(0.,0.));
#7764 = VECTOR('',#7765,1.);
#7765 = DIRECTION('',(0.,-1.));
#7766 = ( GEOMETRIC_REPRESENTATION_CONTEXT(2) 
PARAMETRIC_REPRESENTATION_CONTEXT() REPRESENTATION_CONTEXT('2D SPACE',''
  ) );
#7767 = PCURVE('',#7768,#7773);
#7768 = PLANE('',#7769);
#7769 = AXIS2_PLACEMENT_3D('',#7770,#7771,#7772);
#7770 = CARTESIAN_POINT('',(-29.,-10.,30.));
#7771 = DIRECTION('',(0.,0.,1.));
#7772 = DIRECTION('',(1.,0.,-0.));
#7773 = DEFINITIONAL_REPRESENTATION('',(#7774),#7778);
#7774 = LINE('',#7775,#7776);
#7775 = CARTESIAN_POINT('',(0.,0.));
#7776 = VECTOR('',#7777,1.);
#7777 = DIRECTION('',(0.,1.));
#7778 = ( GEOMETRIC_REPRESENTATION_CONTEXT(2) 
PARAMETRIC_REPRESENTATION_CONTEXT() REPRESENTATION_CONTEXT('2D SPACE',''
  ) );
#7779 = ORIENTED_EDGE('',*,*,#7780,.T.);
#7780 = EDGE_CURVE('',#7753,#7781,#7783,.T.);
#7781 = VERTEX_POINT('',#7782);
#7782 = CARTESIAN_POINT('',(-29.,26.,39.));
#7783 = SURFACE_CURVE('',#7784,(#7788,#7795),.PCURVE_S1.);
#7784 = LINE('',#7785,#7786);
#7785 = CARTESIAN_POINT('',(-29.,26.,30.));
#7786 = VECTOR('',#7787,1.);
#7787 = DIRECTION('',(0.,0.,1.));
#7788 = PCURVE('',#7728,#7789);
#7789 = DEFINITIONAL_REPRESENTATION('',(#7790),#7794);
#7790 = LINE('',#7791,#7792);
#7791 = CARTESIAN_POINT('',(0.,-36.));
#7792 = VECTOR('',#7793,1.);
#7793 = DIRECTION('',(1.,0.));
#7794 = ( GEOMETRIC_REPRESENTATION_CONTEXT(2) 
PARAMETRIC_REPRESENTATION_CONTEXT() REPRESENTATION_CONTEXT('2D SPACE',''
  ) );
#7795 = PCURVE('',#7796,#7801);
#7796 = PLANE('',#7797);
#7797 = AXIS2_PLACEMENT_3D('',#7798,#7799,#7800);
#7798 = CARTESIAN_POINT('',(-29.,26.,30.));
#7799 = DIRECTION('',(-0.,1.,0.));
#7800 = DIRECTION('',(0.,0.,1.));
#7801 = DEFINITIONAL_REPRESENTATION('',(#7802),#7806);
#7802 = LINE('',#7803,#7804);
#7803 = CARTESIAN_POINT('',(0.,0.));
#7804 = VECTOR('',#7805,1.);
#7805 = DIRECTION('',(1.,0.));
#7806 = ( GEOMETRIC_REPRESENTATION_CONTEXT(2) 
PARAMETRIC_REPRESENTATION_CONTEXT() REPRESENTATION_CONTEXT('2D SPACE',''
  ) );
#7807 = ORIENTED_EDGE('',*,*,#7808,.T.);
#7808 = EDGE_CURVE('',#7781,#7720,#7809,.T.);
#7809 = SURFACE_CURVE('',#7810,(#7814,#7820),.PCURVE_S1.);
#7810 = LINE('',#7811,#7812);
#7811 = CARTESIAN_POINT('',(-29.,-12.,39.));
#7812 = VECTOR('',#7813,1.);
#7813 = DIRECTION('',(0.,-1.,0.));
#7814 = PCURVE('',#7728,#7815);
#7815 = DEFINITIONAL_REPRESENTATION('',(#7816),#7819);
#7816 = B_SPLINE_CURVE_WITH_KNOTS('',1,(#7817,#7818),.UNSPECIFIED.,.F.,
  .F.,(2,2),(-38.,-2.),.PIECEWISE_BEZIER_KNOTS.);
#7817 = CARTESIAN_POINT('',(9.,-36.));
#7818 = CARTESIAN_POINT('',(9.,0.));
#7819 = ( GEOMETRIC_REPRESENTATION_CONTEXT(2) 
PARAMETRIC_REPRESENTATION_CONTEXT() REPRESENTATION_CONTEXT('2D SPACE',''
  ) );
#7820 = PCURVE('',#7821,#7826);
#7821 = PLANE('',#7822);
#7822 = AXIS2_PLACEMENT_3D('',#7823,#7824,#7825);
#7823 = CARTESIAN_POINT('',(-33.,-14.,39.));
#7824 = DIRECTION('',(0.,0.,1.));
#7825 = DIRECTION('',(1.,0.,-0.));
#7826 = DEFINITIONAL_REPRESENTATION('',(#7827),#7830);
#7827 = B_SPLINE_CURVE_WITH_KNOTS('',1,(#7828,#7829),.UNSPECIFIED.,.F.,
  .F.,(2,2),(-38.,-2.),.PIECEWISE_BEZIER_KNOTS.);
#7828 = CARTESIAN_POINT('',(4.,40.));
#7829 = CARTESIAN_POINT('',(4.,4.));
#7830 = ( GEOMETRIC_REPRESENTATION_CONTEXT(2) 
PARAMETRIC_REPRESENTATION_CONTEXT() REPRESENTATION_CONTEXT('2D SPACE',''
  ) );
#7831 = ADVANCED_FACE('',(#7832),#7740,.F.);
#7832 = FACE_BOUND('',#7833,.F.);
#7833 = EDGE_LOOP('',(#7834,#7864,#7885,#7886));
#7834 = ORIENTED_EDGE('',*,*,#7835,.F.);
#7835 = EDGE_CURVE('',#7836,#7838,#7840,.T.);
#7836 = VERTEX_POINT('',#7837);
#7837 = CARTESIAN_POINT('',(29.,-10.,30.));
#7838 = VERTEX_POINT('',#7839);
#7839 = CARTESIAN_POINT('',(29.,-10.,39.));
#7840 = SURFACE_CURVE('',#7841,(#7845,#7852),.PCURVE_S1.);
#7841 = LINE('',#7842,#7843);
#7842 = CARTESIAN_POINT('',(29.,-10.,30.));
#7843 = VECTOR('',#7844,1.);
#7844 = DIRECTION('',(0.,0.,1.));
#7845 = PCURVE('',#7740,#7846);
#7846 = DEFINITIONAL_REPRESENTATION('',(#7847),#7851);
#7847 = LINE('',#7848,#7849);
#7848 = CARTESIAN_POINT('',(0.,58.));
#7849 = VECTOR('',#7850,1.);
#7850 = DIRECTION('',(1.,0.));
#7851 = ( GEOMETRIC_REPRESENTATION_CONTEXT(2) 
PARAMETRIC_REPRESENTATION_CONTEXT() REPRESENTATION_CONTEXT('2D SPACE',''
  ) );
#7852 = PCURVE('',#7853,#7858);
#7853 = PLANE('',#7854);
#7854 = AXIS2_PLACEMENT_3D('',#7855,#7856,#7857);
#7855 = CARTESIAN_POINT('',(29.,-10.,30.));
#7856 = DIRECTION('',(1.,0.,-0.));
#7857 = DIRECTION('',(0.,0.,1.));
#7858 = DEFINITIONAL_REPRESENTATION('',(#7859),#7863);
#7859 = LINE('',#7860,#7861);
#7860 = CARTESIAN_POINT('',(0.,0.));
#7861 = VECTOR('',#7862,1.);
#7862 = DIRECTION('',(1.,0.));
#7863 = ( GEOMETRIC_REPRESENTATION_CONTEXT(2) 
PARAMETRIC_REPRESENTATION_CONTEXT() REPRESENTATION_CONTEXT('2D SPACE',''
  ) );
#7864 = ORIENTED_EDGE('',*,*,#7865,.F.);
#7865 = EDGE_CURVE('',#7718,#7836,#7866,.T.);
#7866 = SURFACE_CURVE('',#7867,(#7871,#7878),.PCURVE_S1.);
#7867 = LINE('',#7868,#7869);
#7868 = CARTESIAN_POINT('',(-29.,-10.,30.));
#7869 = VECTOR('',#7870,1.);
#7870 = DIRECTION('',(1.,0.,-0.));
#7871 = PCURVE('',#7740,#7872);
#7872 = DEFINITIONAL_REPRESENTATION('',(#7873),#7877);
#7873 = LINE('',#7874,#7875);
#7874 = CARTESIAN_POINT('',(0.,0.));
#7875 = VECTOR('',#7876,1.);
#7876 = DIRECTION('',(0.,1.));
#7877 = ( GEOMETRIC_REPRESENTATION_CONTEXT(2) 
PARAMETRIC_REPRESENTATION_CONTEXT() REPRESENTATION_CONTEXT('2D SPACE',''
  ) );
#7878 = PCURVE('',#7768,#7879);
#7879 = DEFINITIONAL_REPRESENTATION('',(#7880),#7884);
#7880 = LINE('',#7881,#7882);
#7881 = CARTESIAN_POINT('',(0.,0.));
#7882 = VECTOR('',#7883,1.);
#7883 = DIRECTION('',(1.,0.));
#7884 = ( GEOMETRIC_REPRESENTATION_CONTEXT(2) 
PARAMETRIC_REPRESENTATION_CONTEXT() REPRESENTATION_CONTEXT('2D SPACE',''
  ) );
#7885 = ORIENTED_EDGE('',*,*,#7717,.T.);
#7886 = ORIENTED_EDGE('',*,*,#7887,.T.);
#7887 = EDGE_CURVE('',#7720,#7838,#7888,.T.);
#7888 = SURFACE_CURVE('',#7889,(#7893,#7899),.PCURVE_S1.);
#7889 = LINE('',#7890,#7891);
#7890 = CARTESIAN_POINT('',(-31.,-10.,39.));
#7891 = VECTOR('',#7892,1.);
#7892 = DIRECTION('',(1.,0.,-0.));
#7893 = PCURVE('',#7740,#7894);
#7894 = DEFINITIONAL_REPRESENTATION('',(#7895),#7898);
#7895 = B_SPLINE_CURVE_WITH_KNOTS('',1,(#7896,#7897),.UNSPECIFIED.,.F.,
  .F.,(2,2),(2.,60.),.PIECEWISE_BEZIER_KNOTS.);
#7896 = CARTESIAN_POINT('',(9.,0.));
#7897 = CARTESIAN_POINT('',(9.,58.));
#7898 = ( GEOMETRIC_REPRESENTATION_CONTEXT(2) 
PARAMETRIC_REPRESENTATION_CONTEXT() REPRESENTATION_CONTEXT('2D SPACE',''
  ) );
#7899 = PCURVE('',#7821,#7900);
#7900 = DEFINITIONAL_REPRESENTATION('',(#7901),#7904);
#7901 = B_SPLINE_CURVE_WITH_KNOTS('',1,(#7902,#7903),.UNSPECIFIED.,.F.,
  .F.,(2,2),(2.,60.),.PIECEWISE_BEZIER_KNOTS.);
#7902 = CARTESIAN_POINT('',(4.,4.));
#7903 = CARTESIAN_POINT('',(62.,4.));
#7904 = ( GEOMETRIC_REPRESENTATION_CONTEXT(2) 
PARAMETRIC_REPRESENTATION_CONTEXT() REPRESENTATION_CONTEXT('2D SPACE',''
  ) );
#7905 = ADVANCED_FACE('',(#7906,#8020),#7821,.F.);
#7906 = FACE_BOUND('',#7907,.F.);
#7907 = EDGE_LOOP('',(#7908,#7938,#7966,#7994));
#7908 = ORIENTED_EDGE('',*,*,#7909,.F.);
#7909 = EDGE_CURVE('',#7910,#7912,#7914,.T.);
#7910 = VERTEX_POINT('',#7911);
#7911 = CARTESIAN_POINT('',(-33.,-14.,39.));
#7912 = VERTEX_POINT('',#7913);
#7913 = CARTESIAN_POINT('',(-33.,30.,39.));
#7914 = SURFACE_CURVE('',#7915,(#7919,#7926),.PCURVE_S1.);
#7915 = LINE('',#7916,#7917);
#7916 = CARTESIAN_POINT('',(-33.,-14.,39.));
#7917 = VECTOR('',#7918,1.);
#7918 = DIRECTION('',(-0.,1.,0.));
#7919 = PCURVE('',#7821,#7920);
#7920 = DEFINITIONAL_REPRESENTATION('',(#7921),#7925);
#7921 = LINE('',#7922,#7923);
#7922 = CARTESIAN_POINT('',(0.,0.));
#7923 = VECTOR('',#7924,1.);
#7924 = DIRECTION('',(0.,1.));
#7925 = ( GEOMETRIC_REPRESENTATION_CONTEXT(2) 
PARAMETRIC_REPRESENTATION_CONTEXT() REPRESENTATION_CONTEXT('2D SPACE',''
  ) );
#7926 = PCURVE('',#7927,#7932);
#7927 = PLANE('',#7928);
#7928 = AXIS2_PLACEMENT_3D('',#7929,#7930,#7931);
#7929 = CARTESIAN_POINT('',(-33.,-14.,39.));
#7930 = DIRECTION('',(1.,0.,-0.));
#7931 = DIRECTION('',(0.,0.,1.));
#7932 = DEFINITIONAL_REPRESENTATION('',(#7933),#7937);
#7933 = LINE('',#7934,#7935);
#7934 = CARTESIAN_POINT('',(0.,0.));
#7935 = VECTOR('',#7936,1.);
#7936 = DIRECTION('',(0.,-1.));
#7937 = ( GEOMETRIC_REPRESENTATION_CONTEXT(2) 
PARAMETRIC_REPRESENTATION_CONTEXT() REPRESENTATION_CONTEXT('2D SPACE',''
  ) );
#7938 = ORIENTED_EDGE('',*,*,#7939,.T.);
#7939 = EDGE_CURVE('',#7910,#7940,#7942,.T.);
#7940 = VERTEX_POINT('',#7941);
#7941 = CARTESIAN_POINT('',(33.,-14.,39.));
#7942 = SURFACE_CURVE('',#7943,(#7947,#7954),.PCURVE_S1.);
#7943 = LINE('',#7944,#7945);
#7944 = CARTESIAN_POINT('',(-33.,-14.,39.));
#7945 = VECTOR('',#7946,1.);
#7946 = DIRECTION('',(1.,0.,-0.));
#7947 = PCURVE('',#7821,#7948);
#7948 = DEFINITIONAL_REPRESENTATION('',(#7949),#7953);
#7949 = LINE('',#7950,#7951);
#7950 = CARTESIAN_POINT('',(0.,0.));
#7951 = VECTOR('',#7952,1.);
#7952 = DIRECTION('',(1.,0.));
#7953 = ( GEOMETRIC_REPRESENTATION_CONTEXT(2) 
PARAMETRIC_REPRESENTATION_CONTEXT() REPRESENTATION_CONTEXT('2D SPACE',''
  ) );
#7954 = PCURVE('',#7955,#7960);
#7955 = PLANE('',#7956);
#7956 = AXIS2_PLACEMENT_3D('',#7957,#7958,#7959);
#7957 = CARTESIAN_POINT('',(-33.,-14.,39.));
#7958 = DIRECTION('',(-0.,1.,0.));
#7959 = DIRECTION('',(0.,0.,1.));
#7960 = DEFINITIONAL_REPRESENTATION('',(#7961),#7965);
#7961 = LINE('',#7962,#7963);
#7962 = CARTESIAN_POINT('',(0.,0.));
#7963 = VECTOR('',#7964,1.);
#7964 = DIRECTION('',(0.,1.));
#7965 = ( GEOMETRIC_REPRESENTATION_CONTEXT(2) 
PARAMETRIC_REPRESENTATION_CONTEXT() REPRESENTATION_CONTEXT('2D SPACE',''
  ) );
#7966 = ORIENTED_EDGE('',*,*,#7967,.T.);
#7967 = EDGE_CURVE('',#7940,#7968,#7970,.T.);
#7968 = VERTEX_POINT('',#7969);
#7969 = CARTESIAN_POINT('',(33.,30.,39.));
#7970 = SURFACE_CURVE('',#7971,(#7975,#7982),.PCURVE_S1.);
#7971 = LINE('',#7972,#7973);
#7972 = CARTESIAN_POINT('',(33.,-14.,39.));
#7973 = VECTOR('',#7974,1.);
#7974 = DIRECTION('',(-0.,1.,0.));
#7975 = PCURVE('',#7821,#7976);
#7976 = DEFINITIONAL_REPRESENTATION('',(#7977),#7981);
#7977 = LINE('',#7978,#7979);
#7978 = CARTESIAN_POINT('',(66.,0.));
#7979 = VECTOR('',#7980,1.);
#7980 = DIRECTION('',(0.,1.));
#7981 = ( GEOMETRIC_REPRESENTATION_CONTEXT(2) 
PARAMETRIC_REPRESENTATION_CONTEXT() REPRESENTATION_CONTEXT('2D SPACE',''
  ) );
#7982 = PCURVE('',#7983,#7988);
#7983 = PLANE('',#7984);
#7984 = AXIS2_PLACEMENT_3D('',#7985,#7986,#7987);
#7985 = CARTESIAN_POINT('',(33.,-14.,39.));
#7986 = DIRECTION('',(1.,0.,-0.));
#7987 = DIRECTION('',(0.,0.,1.));
#7988 = DEFINITIONAL_REPRESENTATION('',(#7989),#7993);
#7989 = LINE('',#7990,#7991);
#7990 = CARTESIAN_POINT('',(0.,0.));
#7991 = VECTOR('',#7992,1.);
#7992 = DIRECTION('',(0.,-1.));
#7993 = ( GEOMETRIC_REPRESENTATION_CONTEXT(2) 
PARAMETRIC_REPRESENTATION_CONTEXT() REPRESENTATION_CONTEXT('2D SPACE',''
  ) );
#7994 = ORIENTED_EDGE('',*,*,#7995,.F.);
#7995 = EDGE_CURVE('',#7912,#7968,#7996,.T.);
#7996 = SURFACE_CURVE('',#7997,(#8001,#8008),.PCURVE_S1.);
#7997 = LINE('',#7998,#7999);
#7998 = CARTESIAN_POINT('',(-33.,30.,39.));
#7999 = VECTOR('',#8000,1.);
#8000 = DIRECTION('',(1.,0.,-0.));
#8001 = PCURVE('',#7821,#8002);
#8002 = DEFINITIONAL_REPRESENTATION('',(#8003),#8007);
#8003 = LINE('',#8004,#8005);
#8004 = CARTESIAN_POINT('',(0.,44.));
#8005 = VECTOR('',#8006,1.);
#8006 = DIRECTION('',(1.,0.));
#8007 = ( GEOMETRIC_REPRESENTATION_CONTEXT(2) 
PARAMETRIC_REPRESENTATION_CONTEXT() REPRESENTATION_CONTEXT('2D SPACE',''
  ) );
#8008 = PCURVE('',#8009,#8014);
#8009 = PLANE('',#8010);
#8010 = AXIS2_PLACEMENT_3D('',#8011,#8012,#8013);
#8011 = CARTESIAN_POINT('',(-33.,30.,39.));
#8012 = DIRECTION('',(-0.,1.,0.));
#8013 = DIRECTION('',(0.,0.,1.));
#8014 = DEFINITIONAL_REPRESENTATION('',(#8015),#8019);
#8015 = LINE('',#8016,#8017);
#8016 = CARTESIAN_POINT('',(0.,0.));
#8017 = VECTOR('',#8018,1.);
#8018 = DIRECTION('',(0.,1.));
#8019 = ( GEOMETRIC_REPRESENTATION_CONTEXT(2) 
PARAMETRIC_REPRESENTATION_CONTEXT() REPRESENTATION_CONTEXT('2D SPACE',''
  ) );
#8020 = FACE_BOUND('',#8021,.F.);
#8021 = EDGE_LOOP('',(#8022,#8023,#8044,#8063));
#8022 = ORIENTED_EDGE('',*,*,#7808,.F.);
#8023 = ORIENTED_EDGE('',*,*,#8024,.T.);
#8024 = EDGE_CURVE('',#7781,#8025,#8027,.T.);
#8025 = VERTEX_POINT('',#8026);
#8026 = CARTESIAN_POINT('',(29.,26.,39.));
#8027 = SURFACE_CURVE('',#8028,(#8032,#8038),.PCURVE_S1.);
#8028 = LINE('',#8029,#8030);
#8029 = CARTESIAN_POINT('',(-31.,26.,39.));
#8030 = VECTOR('',#8031,1.);
#8031 = DIRECTION('',(1.,0.,-0.));
#8032 = PCURVE('',#7821,#8033);
#8033 = DEFINITIONAL_REPRESENTATION('',(#8034),#8037);
#8034 = B_SPLINE_CURVE_WITH_KNOTS('',1,(#8035,#8036),.UNSPECIFIED.,.F.,
  .F.,(2,2),(2.,60.),.PIECEWISE_BEZIER_KNOTS.);
#8035 = CARTESIAN_POINT('',(4.,40.));
#8036 = CARTESIAN_POINT('',(62.,40.));
#8037 = ( GEOMETRIC_REPRESENTATION_CONTEXT(2) 
PARAMETRIC_REPRESENTATION_CONTEXT() REPRESENTATION_CONTEXT('2D SPACE',''
  ) );
#8038 = PCURVE('',#7796,#8039);
#8039 = DEFINITIONAL_REPRESENTATION('',(#8040),#8043);
#8040 = B_SPLINE_CURVE_WITH_KNOTS('',1,(#8041,#8042),.UNSPECIFIED.,.F.,
  .F.,(2,2),(2.,60.),.PIECEWISE_BEZIER_KNOTS.);
#8041 = CARTESIAN_POINT('',(9.,0.));
#8042 = CARTESIAN_POINT('',(9.,58.));
#8043 = ( GEOMETRIC_REPRESENTATION_CONTEXT(2) 
PARAMETRIC_REPRESENTATION_CONTEXT() REPRESENTATION_CONTEXT('2D SPACE',''
  ) );
#8044 = ORIENTED_EDGE('',*,*,#8045,.T.);
#8045 = EDGE_CURVE('',#8025,#7838,#8046,.T.);
#8046 = SURFACE_CURVE('',#8047,(#8051,#8057),.PCURVE_S1.);
#8047 = LINE('',#8048,#8049);
#8048 = CARTESIAN_POINT('',(29.,-12.,39.));
#8049 = VECTOR('',#8050,1.);
#8050 = DIRECTION('',(0.,-1.,0.));
#8051 = PCURVE('',#7821,#8052);
#8052 = DEFINITIONAL_REPRESENTATION('',(#8053),#8056);
#8053 = B_SPLINE_CURVE_WITH_KNOTS('',1,(#8054,#8055),.UNSPECIFIED.,.F.,
  .F.,(2,2),(-38.,-2.),.PIECEWISE_BEZIER_KNOTS.);
#8054 = CARTESIAN_POINT('',(62.,40.));
#8055 = CARTESIAN_POINT('',(62.,4.));
#8056 = ( GEOMETRIC_REPRESENTATION_CONTEXT(2) 
PARAMETRIC_REPRESENTATION_CONTEXT() REPRESENTATION_CONTEXT('2D SPACE',''
  ) );
#8057 = PCURVE('',#7853,#8058);
#8058 = DEFINITIONAL_REPRESENTATION('',(#8059),#8062);
#8059 = B_SPLINE_CURVE_WITH_KNOTS('',1,(#8060,#8061),.UNSPECIFIED.,.F.,
  .F.,(2,2),(-38.,-2.),.PIECEWISE_BEZIER_KNOTS.);
#8060 = CARTESIAN_POINT('',(9.,-36.));
#8061 = CARTESIAN_POINT('',(9.,0.));
#8062 = ( GEOMETRIC_REPRESENTATION_CONTEXT(2) 
PARAMETRIC_REPRESENTATION_CONTEXT() REPRESENTATION_CONTEXT('2D SPACE',''
  ) );
#8063 = ORIENTED_EDGE('',*,*,#7887,.F.);
#8064 = ADVANCED_FACE('',(#8065),#7796,.T.);
#8065 = FACE_BOUND('',#8066,.T.);
#8066 = EDGE_LOOP('',(#8067,#8090,#8111,#8112));
#8067 = ORIENTED_EDGE('',*,*,#8068,.F.);
#8068 = EDGE_CURVE('',#8069,#8025,#8071,.T.);
#8069 = VERTEX_POINT('',#8070);
#8070 = CARTESIAN_POINT('',(29.,26.,30.));
#8071 = SURFACE_CURVE('',#8072,(#8076,#8083),.PCURVE_S1.);
#8072 = LINE('',#8073,#8074);
#8073 = CARTESIAN_POINT('',(29.,26.,30.));
#8074 = VECTOR('',#8075,1.);
#8075 = DIRECTION('',(0.,0.,1.));
#8076 = PCURVE('',#7796,#8077);
#8077 = DEFINITIONAL_REPRESENTATION('',(#8078),#8082);
#8078 = LINE('',#8079,#8080);
#8079 = CARTESIAN_POINT('',(0.,58.));
#8080 = VECTOR('',#8081,1.);
#8081 = DIRECTION('',(1.,0.));
#8082 = ( GEOMETRIC_REPRESENTATION_CONTEXT(2) 
PARAMETRIC_REPRESENTATION_CONTEXT() REPRESENTATION_CONTEXT('2D SPACE',''
  ) );
#8083 = PCURVE('',#7853,#8084);
#8084 = DEFINITIONAL_REPRESENTATION('',(#8085),#8089);
#8085 = LINE('',#8086,#8087);
#8086 = CARTESIAN_POINT('',(0.,-36.));
#8087 = VECTOR('',#8088,1.);
#8088 = DIRECTION('',(1.,0.));
#8089 = ( GEOMETRIC_REPRESENTATION_CONTEXT(2) 
PARAMETRIC_REPRESENTATION_CONTEXT() REPRESENTATION_CONTEXT('2D SPACE',''
  ) );
#8090 = ORIENTED_EDGE('',*,*,#8091,.F.);
#8091 = EDGE_CURVE('',#7753,#8069,#8092,.T.);
#8092 = SURFACE_CURVE('',#8093,(#8097,#8104),.PCURVE_S1.);
#8093 = LINE('',#8094,#8095);
#8094 = CARTESIAN_POINT('',(-29.,26.,30.));
#8095 = VECTOR('',#8096,1.);
#8096 = DIRECTION('',(1.,0.,-0.));
#8097 = PCURVE('',#7796,#8098);
#8098 = DEFINITIONAL_REPRESENTATION('',(#8099),#8103);
#8099 = LINE('',#8100,#8101);
#8100 = CARTESIAN_POINT('',(0.,0.));
#8101 = VECTOR('',#8102,1.);
#8102 = DIRECTION('',(0.,1.));
#8103 = ( GEOMETRIC_REPRESENTATION_CONTEXT(2) 
PARAMETRIC_REPRESENTATION_CONTEXT() REPRESENTATION_CONTEXT('2D SPACE',''
  ) );
#8104 = PCURVE('',#7768,#8105);
#8105 = DEFINITIONAL_REPRESENTATION('',(#8106),#8110);
#8106 = LINE('',#8107,#8108);
#8107 = CARTESIAN_POINT('',(0.,36.));
#8108 = VECTOR('',#8109,1.);
#8109 = DIRECTION('',(1.,0.));
#8110 = ( GEOMETRIC_REPRESENTATION_CONTEXT(2) 
PARAMETRIC_REPRESENTATION_CONTEXT() REPRESENTATION_CONTEXT('2D SPACE',''
  ) );
#8111 = ORIENTED_EDGE('',*,*,#7780,.T.);
#8112 = ORIENTED_EDGE('',*,*,#8024,.T.);
#8113 = ADVANCED_FACE('',(#8114,#8140,#8171,#8202,#8233,#8264,#8295,
    #8326,#8357),#7768,.F.);
#8114 = FACE_BOUND('',#8115,.F.);
#8115 = EDGE_LOOP('',(#8116,#8117,#8118,#8139));
#8116 = ORIENTED_EDGE('',*,*,#7752,.F.);
#8117 = ORIENTED_EDGE('',*,*,#7865,.T.);
#8118 = ORIENTED_EDGE('',*,*,#8119,.T.);
#8119 = EDGE_CURVE('',#7836,#8069,#8120,.T.);
#8120 = SURFACE_CURVE('',#8121,(#8125,#8132),.PCURVE_S1.);
#8121 = LINE('',#8122,#8123);
#8122 = CARTESIAN_POINT('',(29.,-10.,30.));
#8123 = VECTOR('',#8124,1.);
#8124 = DIRECTION('',(-0.,1.,0.));
#8125 = PCURVE('',#7768,#8126);
#8126 = DEFINITIONAL_REPRESENTATION('',(#8127),#8131);
#8127 = LINE('',#8128,#8129);
#8128 = CARTESIAN_POINT('',(58.,0.));
#8129 = VECTOR('',#8130,1.);
#8130 = DIRECTION('',(0.,1.));
#8131 = ( GEOMETRIC_REPRESENTATION_CONTEXT(2) 
PARAMETRIC_REPRESENTATION_CONTEXT() REPRESENTATION_CONTEXT('2D SPACE',''
  ) );
#8132 = PCURVE('',#7853,#8133);
#8133 = DEFINITIONAL_REPRESENTATION('',(#8134),#8138);
#8134 = LINE('',#8135,#8136);
#8135 = CARTESIAN_POINT('',(0.,0.));
#8136 = VECTOR('',#8137,1.);
#8137 = DIRECTION('',(0.,-1.));
#8138 = ( GEOMETRIC_REPRESENTATION_CONTEXT(2) 
PARAMETRIC_REPRESENTATION_CONTEXT() REPRESENTATION_CONTEXT('2D SPACE',''
  ) );
#8139 = ORIENTED_EDGE('',*,*,#8091,.F.);
#8140 = FACE_BOUND('',#8141,.F.);
#8141 = EDGE_LOOP('',(#8142));
#8142 = ORIENTED_EDGE('',*,*,#8143,.F.);
#8143 = EDGE_CURVE('',#8144,#8144,#8146,.T.);
#8144 = VERTEX_POINT('',#8145);
#8145 = CARTESIAN_POINT('',(-12.,3.,30.));
#8146 = SURFACE_CURVE('',#8147,(#8152,#8159),.PCURVE_S1.);
#8147 = CIRCLE('',#8148,3.);
#8148 = AXIS2_PLACEMENT_3D('',#8149,#8150,#8151);
#8149 = CARTESIAN_POINT('',(-15.,3.,30.));
#8150 = DIRECTION('',(0.,0.,1.));
#8151 = DIRECTION('',(1.,0.,-0.));
#8152 = PCURVE('',#7768,#8153);
#8153 = DEFINITIONAL_REPRESENTATION('',(#8154),#8158);
#8154 = CIRCLE('',#8155,3.);
#8155 = AXIS2_PLACEMENT_2D('',#8156,#8157);
#8156 = CARTESIAN_POINT('',(14.,13.));
#8157 = DIRECTION('',(1.,0.));
#8158 = ( GEOMETRIC_REPRESENTATION_CONTEXT(2) 
PARAMETRIC_REPRESENTATION_CONTEXT() REPRESENTATION_CONTEXT('2D SPACE',''
  ) );
#8159 = PCURVE('',#8160,#8165);
#8160 = CYLINDRICAL_SURFACE('',#8161,3.);
#8161 = AXIS2_PLACEMENT_3D('',#8162,#8163,#8164);
#8162 = CARTESIAN_POINT('',(-15.,3.,29.));
#8163 = DIRECTION('',(0.,0.,1.));
#8164 = DIRECTION('',(1.,0.,-0.));
#8165 = DEFINITIONAL_REPRESENTATION('',(#8166),#8170);
#8166 = LINE('',#8167,#8168);
#8167 = CARTESIAN_POINT('',(0.,1.));
#8168 = VECTOR('',#8169,1.);
#8169 = DIRECTION('',(1.,0.));
#8170 = ( GEOMETRIC_REPRESENTATION_CONTEXT(2) 
PARAMETRIC_REPRESENTATION_CONTEXT() REPRESENTATION_CONTEXT('2D SPACE',''
  ) );
#8171 = FACE_BOUND('',#8172,.F.);
#8172 = EDGE_LOOP('',(#8173));
#8173 = ORIENTED_EDGE('',*,*,#8174,.F.);
#8174 = EDGE_CURVE('',#8175,#8175,#8177,.T.);
#8175 = VERTEX_POINT('',#8176);
#8176 = CARTESIAN_POINT('',(18.,3.,30.));
#8177 = SURFACE_CURVE('',#8178,(#8183,#8190),.PCURVE_S1.);
#8178 = CIRCLE('',#8179,3.);
#8179 = AXIS2_PLACEMENT_3D('',#8180,#8181,#8182);
#8180 = CARTESIAN_POINT('',(15.,3.,30.));
#8181 = DIRECTION('',(0.,0.,1.));
#8182 = DIRECTION('',(1.,0.,-0.));
#8183 = PCURVE('',#7768,#8184);
#8184 = DEFINITIONAL_REPRESENTATION('',(#8185),#8189);
#8185 = CIRCLE('',#8186,3.);
#8186 = AXIS2_PLACEMENT_2D('',#8187,#8188);
#8187 = CARTESIAN_POINT('',(44.,13.));
#8188 = DIRECTION('',(1.,0.));
#8189 = ( GEOMETRIC_REPRESENTATION_CONTEXT(2) 
PARAMETRIC_REPRESENTATION_CONTEXT() REPRESENTATION_CONTEXT('2D SPACE',''
  ) );
#8190 = PCURVE('',#8191,#8196);
#8191 = CYLINDRICAL_SURFACE('',#8192,3.);
#8192 = AXIS2_PLACEMENT_3D('',#8193,#8194,#8195);
#8193 = CARTESIAN_POINT('',(15.,3.,29.));
#8194 = DIRECTION('',(0.,0.,1.));
#8195 = DIRECTION('',(1.,0.,-0.));
#8196 = DEFINITIONAL_REPRESENTATION('',(#8197),#8201);
#8197 = LINE('',#8198,#8199);
#8198 = CARTESIAN_POINT('',(0.,1.));
#8199 = VECTOR('',#8200,1.);
#8200 = DIRECTION('',(1.,0.));
#8201 = ( GEOMETRIC_REPRESENTATION_CONTEXT(2) 
PARAMETRIC_REPRESENTATION_CONTEXT() REPRESENTATION_CONTEXT('2D SPACE',''
  ) );
#8202 = FACE_BOUND('',#8203,.F.);
#8203 = EDGE_LOOP('',(#8204));
#8204 = ORIENTED_EDGE('',*,*,#8205,.F.);
#8205 = EDGE_CURVE('',#8206,#8206,#8208,.T.);
#8206 = VERTEX_POINT('',#8207);
#8207 = CARTESIAN_POINT('',(-16.5,17.,30.));
#8208 = SURFACE_CURVE('',#8209,(#8214,#8221),.PCURVE_S1.);
#8209 = CIRCLE('',#8210,1.);
#8210 = AXIS2_PLACEMENT_3D('',#8211,#8212,#8213);
#8211 = CARTESIAN_POINT('',(-17.5,17.,30.));
#8212 = DIRECTION('',(0.,0.,1.));
#8213 = DIRECTION('',(1.,0.,-0.));
#8214 = PCURVE('',#7768,#8215);
#8215 = DEFINITIONAL_REPRESENTATION('',(#8216),#8220);
#8216 = CIRCLE('',#8217,1.);
#8217 = AXIS2_PLACEMENT_2D('',#8218,#8219);
#8218 = CARTESIAN_POINT('',(11.5,27.));
#8219 = DIRECTION('',(1.,0.));
#8220 = ( GEOMETRIC_REPRESENTATION_CONTEXT(2) 
PARAMETRIC_REPRESENTATION_CONTEXT() REPRESENTATION_CONTEXT('2D SPACE',''
  ) );
#8221 = PCURVE('',#8222,#8227);
#8222 = CYLINDRICAL_SURFACE('',#8223,1.);
#8223 = AXIS2_PLACEMENT_3D('',#8224,#8225,#8226);
#8224 = CARTESIAN_POINT('',(-17.5,17.,29.));
#8225 = DIRECTION('',(0.,0.,1.));
#8226 = DIRECTION('',(1.,0.,-0.));
#8227 = DEFINITIONAL_REPRESENTATION('',(#8228),#8232);
#8228 = LINE('',#8229,#8230);
#8229 = CARTESIAN_POINT('',(0.,1.));
#8230 = VECTOR('',#8231,1.);
#8231 = DIRECTION('',(1.,0.));
#8232 = ( GEOMETRIC_REPRESENTATION_CONTEXT(2) 
PARAMETRIC_REPRESENTATION_CONTEXT() REPRESENTATION_CONTEXT('2D SPACE',''
  ) );
#8233 = FACE_BOUND('',#8234,.F.);
#8234 = EDGE_LOOP('',(#8235));
#8235 = ORIENTED_EDGE('',*,*,#8236,.F.);
#8236 = EDGE_CURVE('',#8237,#8237,#8239,.T.);
#8237 = VERTEX_POINT('',#8238);
#8238 = CARTESIAN_POINT('',(-9.5,17.,30.));
#8239 = SURFACE_CURVE('',#8240,(#8245,#8252),.PCURVE_S1.);
#8240 = CIRCLE('',#8241,1.);
#8241 = AXIS2_PLACEMENT_3D('',#8242,#8243,#8244);
#8242 = CARTESIAN_POINT('',(-10.5,17.,30.));
#8243 = DIRECTION('',(0.,0.,1.));
#8244 = DIRECTION('',(1.,0.,-0.));
#8245 = PCURVE('',#7768,#8246);
#8246 = DEFINITIONAL_REPRESENTATION('',(#8247),#8251);
#8247 = CIRCLE('',#8248,1.);
#8248 = AXIS2_PLACEMENT_2D('',#8249,#8250);
#8249 = CARTESIAN_POINT('',(18.5,27.));
#8250 = DIRECTION('',(1.,0.));
#8251 = ( GEOMETRIC_REPRESENTATION_CONTEXT(2) 
PARAMETRIC_REPRESENTATION_CONTEXT() REPRESENTATION_CONTEXT('2D SPACE',''
  ) );
#8252 = PCURVE('',#8253,#8258);
#8253 = CYLINDRICAL_SURFACE('',#8254,1.);
#8254 = AXIS2_PLACEMENT_3D('',#8255,#8256,#8257);
#8255 = CARTESIAN_POINT('',(-10.5,17.,29.));
#8256 = DIRECTION('',(0.,0.,1.));
#8257 = DIRECTION('',(1.,0.,-0.));
#8258 = DEFINITIONAL_REPRESENTATION('',(#8259),#8263);
#8259 = LINE('',#8260,#8261);
#8260 = CARTESIAN_POINT('',(0.,1.));
#8261 = VECTOR('',#8262,1.);
#8262 = DIRECTION('',(1.,0.));
#8263 = ( GEOMETRIC_REPRESENTATION_CONTEXT(2) 
PARAMETRIC_REPRESENTATION_CONTEXT() REPRESENTATION_CONTEXT('2D SPACE',''
  ) );
#8264 = FACE_BOUND('',#8265,.F.);
#8265 = EDGE_LOOP('',(#8266));
#8266 = ORIENTED_EDGE('',*,*,#8267,.F.);
#8267 = EDGE_CURVE('',#8268,#8268,#8270,.T.);
#8268 = VERTEX_POINT('',#8269);
#8269 = CARTESIAN_POINT('',(-2.5,17.,30.));
#8270 = SURFACE_CURVE('',#8271,(#8276,#8283),.PCURVE_S1.);
#8271 = CIRCLE('',#8272,1.);
#8272 = AXIS2_PLACEMENT_3D('',#8273,#8274,#8275);
#8273 = CARTESIAN_POINT('',(-3.5,17.,30.));
#8274 = DIRECTION('',(0.,0.,1.));
#8275 = DIRECTION('',(1.,0.,-0.));
#8276 = PCURVE('',#7768,#8277);
#8277 = DEFINITIONAL_REPRESENTATION('',(#8278),#8282);
#8278 = CIRCLE('',#8279,1.);
#8279 = AXIS2_PLACEMENT_2D('',#8280,#8281);
#8280 = CARTESIAN_POINT('',(25.5,27.));
#8281 = DIRECTION('',(1.,0.));
#8282 = ( GEOMETRIC_REPRESENTATION_CONTEXT(2) 
PARAMETRIC_REPRESENTATION_CONTEXT() REPRESENTATION_CONTEXT('2D SPACE',''
  ) );
#8283 = PCURVE('',#8284,#8289);
#8284 = CYLINDRICAL_SURFACE('',#8285,1.);
#8285 = AXIS2_PLACEMENT_3D('',#8286,#8287,#8288);
#8286 = CARTESIAN_POINT('',(-3.5,17.,29.));
#8287 = DIRECTION('',(0.,0.,1.));
#8288 = DIRECTION('',(1.,0.,-0.));
#8289 = DEFINITIONAL_REPRESENTATION('',(#8290),#8294);
#8290 = LINE('',#8291,#8292);
#8291 = CARTESIAN_POINT('',(0.,1.));
#8292 = VECTOR('',#8293,1.);
#8293 = DIRECTION('',(1.,0.));
#8294 = ( GEOMETRIC_REPRESENTATION_CONTEXT(2) 
PARAMETRIC_REPRESENTATION_CONTEXT() REPRESENTATION_CONTEXT('2D SPACE',''
  ) );
#8295 = FACE_BOUND('',#8296,.F.);
#8296 = EDGE_LOOP('',(#8297));
#8297 = ORIENTED_EDGE('',*,*,#8298,.F.);
#8298 = EDGE_CURVE('',#8299,#8299,#8301,.T.);
#8299 = VERTEX_POINT('',#8300);
#8300 = CARTESIAN_POINT('',(4.5,17.,30.));
#8301 = SURFACE_CURVE('',#8302,(#8307,#8314),.PCURVE_S1.);
#8302 = CIRCLE('',#8303,1.);
#8303 = AXIS2_PLACEMENT_3D('',#8304,#8305,#8306);
#8304 = CARTESIAN_POINT('',(3.5,17.,30.));
#8305 = DIRECTION('',(0.,0.,1.));
#8306 = DIRECTION('',(1.,0.,-0.));
#8307 = PCURVE('',#7768,#8308);
#8308 = DEFINITIONAL_REPRESENTATION('',(#8309),#8313);
#8309 = CIRCLE('',#8310,1.);
#8310 = AXIS2_PLACEMENT_2D('',#8311,#8312);
#8311 = CARTESIAN_POINT('',(32.5,27.));
#8312 = DIRECTION('',(1.,0.));
#8313 = ( GEOMETRIC_REPRESENTATION_CONTEXT(2) 
PARAMETRIC_REPRESENTATION_CONTEXT() REPRESENTATION_CONTEXT('2D SPACE',''
  ) );
#8314 = PCURVE('',#8315,#8320);
#8315 = CYLINDRICAL_SURFACE('',#8316,1.);
#8316 = AXIS2_PLACEMENT_3D('',#8317,#8318,#8319);
#8317 = CARTESIAN_POINT('',(3.5,17.,29.));
#8318 = DIRECTION('',(0.,0.,1.));
#8319 = DIRECTION('',(1.,0.,-0.));
#8320 = DEFINITIONAL_REPRESENTATION('',(#8321),#8325);
#8321 = LINE('',#8322,#8323);
#8322 = CARTESIAN_POINT('',(0.,1.));
#8323 = VECTOR('',#8324,1.);
#8324 = DIRECTION('',(1.,0.));
#8325 = ( GEOMETRIC_REPRESENTATION_CONTEXT(2) 
PARAMETRIC_REPRESENTATION_CONTEXT() REPRESENTATION_CONTEXT('2D SPACE',''
  ) );
#8326 = FACE_BOUND('',#8327,.F.);
#8327 = EDGE_LOOP('',(#8328));
#8328 = ORIENTED_EDGE('',*,*,#8329,.F.);
#8329 = EDGE_CURVE('',#8330,#8330,#8332,.T.);
#8330 = VERTEX_POINT('',#8331);
#8331 = CARTESIAN_POINT('',(11.5,17.,30.));
#8332 = SURFACE_CURVE('',#8333,(#8338,#8345),.PCURVE_S1.);
#8333 = CIRCLE('',#8334,1.);
#8334 = AXIS2_PLACEMENT_3D('',#8335,#8336,#8337);
#8335 = CARTESIAN_POINT('',(10.5,17.,30.));
#8336 = DIRECTION('',(0.,0.,1.));
#8337 = DIRECTION('',(1.,0.,-0.));
#8338 = PCURVE('',#7768,#8339);
#8339 = DEFINITIONAL_REPRESENTATION('',(#8340),#8344);
#8340 = CIRCLE('',#8341,1.);
#8341 = AXIS2_PLACEMENT_2D('',#8342,#8343);
#8342 = CARTESIAN_POINT('',(39.5,27.));
#8343 = DIRECTION('',(1.,0.));
#8344 = ( GEOMETRIC_REPRESENTATION_CONTEXT(2) 
PARAMETRIC_REPRESENTATION_CONTEXT() REPRESENTATION_CONTEXT('2D SPACE',''
  ) );
#8345 = PCURVE('',#8346,#8351);
#8346 = CYLINDRICAL_SURFACE('',#8347,1.);
#8347 = AXIS2_PLACEMENT_3D('',#8348,#8349,#8350);
#8348 = CARTESIAN_POINT('',(10.5,17.,29.));
#8349 = DIRECTION('',(0.,0.,1.));
#8350 = DIRECTION('',(1.,0.,-0.));
#8351 = DEFINITIONAL_REPRESENTATION('',(#8352),#8356);
#8352 = LINE('',#8353,#8354);
#8353 = CARTESIAN_POINT('',(0.,1.));
#8354 = VECTOR('',#8355,1.);
#8355 = DIRECTION('',(1.,0.));
#8356 = ( GEOMETRIC_REPRESENTATION_CONTEXT(2) 
PARAMETRIC_REPRESENTATION_CONTEXT() REPRESENTATION_CONTEXT('2D SPACE',''
  ) );
#8357 = FACE_BOUND('',#8358,.F.);
#8358 = EDGE_LOOP('',(#8359));
#8359 = ORIENTED_EDGE('',*,*,#8360,.F.);
#8360 = EDGE_CURVE('',#8361,#8361,#8363,.T.);
#8361 = VERTEX_POINT('',#8362);
#8362 = CARTESIAN_POINT('',(18.5,17.,30.));
#8363 = SURFACE_CURVE('',#8364,(#8369,#8376),.PCURVE_S1.);
#8364 = CIRCLE('',#8365,1.);
#8365 = AXIS2_PLACEMENT_3D('',#8366,#8367,#8368);
#8366 = CARTESIAN_POINT('',(17.5,17.,30.));
#8367 = DIRECTION('',(0.,0.,1.));
#8368 = DIRECTION('',(1.,0.,-0.));
#8369 = PCURVE('',#7768,#8370);
#8370 = DEFINITIONAL_REPRESENTATION('',(#8371),#8375);
#8371 = CIRCLE('',#8372,1.);
#8372 = AXIS2_PLACEMENT_2D('',#8373,#8374);
#8373 = CARTESIAN_POINT('',(46.5,27.));
#8374 = DIRECTION('',(1.,0.));
#8375 = ( GEOMETRIC_REPRESENTATION_CONTEXT(2) 
PARAMETRIC_REPRESENTATION_CONTEXT() REPRESENTATION_CONTEXT('2D SPACE',''
  ) );
#8376 = PCURVE('',#8377,#8382);
#8377 = CYLINDRICAL_SURFACE('',#8378,1.);
#8378 = AXIS2_PLACEMENT_3D('',#8379,#8380,#8381);
#8379 = CARTESIAN_POINT('',(17.5,17.,29.));
#8380 = DIRECTION('',(0.,0.,1.));
#8381 = DIRECTION('',(1.,0.,-0.));
#8382 = DEFINITIONAL_REPRESENTATION('',(#8383),#8387);
#8383 = LINE('',#8384,#8385);
#8384 = CARTESIAN_POINT('',(0.,1.));
#8385 = VECTOR('',#8386,1.);
#8386 = DIRECTION('',(1.,0.));
#8387 = ( GEOMETRIC_REPRESENTATION_CONTEXT(2) 
PARAMETRIC_REPRESENTATION_CONTEXT() REPRESENTATION_CONTEXT('2D SPACE',''
  ) );
#8388 = ADVANCED_FACE('',(#8389),#7853,.T.);
#8389 = FACE_BOUND('',#8390,.T.);
#8390 = EDGE_LOOP('',(#8391,#8392,#8393,#8394));
#8391 = ORIENTED_EDGE('',*,*,#7835,.F.);
#8392 = ORIENTED_EDGE('',*,*,#8119,.T.);
#8393 = ORIENTED_EDGE('',*,*,#8068,.T.);
#8394 = ORIENTED_EDGE('',*,*,#8045,.T.);
#8395 = ADVANCED_FACE('',(#8396),#7927,.F.);
#8396 = FACE_BOUND('',#8397,.F.);
#8397 = EDGE_LOOP('',(#8398,#8421,#8422,#8445));
#8398 = ORIENTED_EDGE('',*,*,#8399,.F.);
#8399 = EDGE_CURVE('',#7910,#8400,#8402,.T.);
#8400 = VERTEX_POINT('',#8401);
#8401 = CARTESIAN_POINT('',(-33.,-14.,42.));
#8402 = SURFACE_CURVE('',#8403,(#8407,#8414),.PCURVE_S1.);
#8403 = LINE('',#8404,#8405);
#8404 = CARTESIAN_POINT('',(-33.,-14.,39.));
#8405 = VECTOR('',#8406,1.);
#8406 = DIRECTION('',(0.,0.,1.));
#8407 = PCURVE('',#7927,#8408);
#8408 = DEFINITIONAL_REPRESENTATION('',(#8409),#8413);
#8409 = LINE('',#8410,#8411);
#8410 = CARTESIAN_POINT('',(0.,0.));
#8411 = VECTOR('',#8412,1.);
#8412 = DIRECTION('',(1.,0.));
#8413 = ( GEOMETRIC_REPRESENTATION_CONTEXT(2) 
PARAMETRIC_REPRESENTATION_CONTEXT() REPRESENTATION_CONTEXT('2D SPACE',''
  ) );
#8414 = PCURVE('',#7955,#8415);
#8415 = DEFINITIONAL_REPRESENTATION('',(#8416),#8420);
#8416 = LINE('',#8417,#8418);
#8417 = CARTESIAN_POINT('',(0.,0.));
#8418 = VECTOR('',#8419,1.);
#8419 = DIRECTION('',(1.,0.));
#8420 = ( GEOMETRIC_REPRESENTATION_CONTEXT(2) 
PARAMETRIC_REPRESENTATION_CONTEXT() REPRESENTATION_CONTEXT('2D SPACE',''
  ) );
#8421 = ORIENTED_EDGE('',*,*,#7909,.T.);
#8422 = ORIENTED_EDGE('',*,*,#8423,.T.);
#8423 = EDGE_CURVE('',#7912,#8424,#8426,.T.);
#8424 = VERTEX_POINT('',#8425);
#8425 = CARTESIAN_POINT('',(-33.,30.,42.));
#8426 = SURFACE_CURVE('',#8427,(#8431,#8438),.PCURVE_S1.);
#8427 = LINE('',#8428,#8429);
#8428 = CARTESIAN_POINT('',(-33.,30.,39.));
#8429 = VECTOR('',#8430,1.);
#8430 = DIRECTION('',(0.,0.,1.));
#8431 = PCURVE('',#7927,#8432);
#8432 = DEFINITIONAL_REPRESENTATION('',(#8433),#8437);
#8433 = LINE('',#8434,#8435);
#8434 = CARTESIAN_POINT('',(0.,-44.));
#8435 = VECTOR('',#8436,1.);
#8436 = DIRECTION('',(1.,0.));
#8437 = ( GEOMETRIC_REPRESENTATION_CONTEXT(2) 
PARAMETRIC_REPRESENTATION_CONTEXT() REPRESENTATION_CONTEXT('2D SPACE',''
  ) );
#8438 = PCURVE('',#8009,#8439);
#8439 = DEFINITIONAL_REPRESENTATION('',(#8440),#8444);
#8440 = LINE('',#8441,#8442);
#8441 = CARTESIAN_POINT('',(0.,0.));
#8442 = VECTOR('',#8443,1.);
#8443 = DIRECTION('',(1.,0.));
#8444 = ( GEOMETRIC_REPRESENTATION_CONTEXT(2) 
PARAMETRIC_REPRESENTATION_CONTEXT() REPRESENTATION_CONTEXT('2D SPACE',''
  ) );
#8445 = ORIENTED_EDGE('',*,*,#8446,.F.);
#8446 = EDGE_CURVE('',#8400,#8424,#8447,.T.);
#8447 = SURFACE_CURVE('',#8448,(#8452,#8459),.PCURVE_S1.);
#8448 = LINE('',#8449,#8450);
#8449 = CARTESIAN_POINT('',(-33.,-14.,42.));
#8450 = VECTOR('',#8451,1.);
#8451 = DIRECTION('',(-0.,1.,0.));
#8452 = PCURVE('',#7927,#8453);
#8453 = DEFINITIONAL_REPRESENTATION('',(#8454),#8458);
#8454 = LINE('',#8455,#8456);
#8455 = CARTESIAN_POINT('',(3.,0.));
#8456 = VECTOR('',#8457,1.);
#8457 = DIRECTION('',(0.,-1.));
#8458 = ( GEOMETRIC_REPRESENTATION_CONTEXT(2) 
PARAMETRIC_REPRESENTATION_CONTEXT() REPRESENTATION_CONTEXT('2D SPACE',''
  ) );
#8459 = PCURVE('',#8460,#8465);
#8460 = PLANE('',#8461);
#8461 = AXIS2_PLACEMENT_3D('',#8462,#8463,#8464);
#8462 = CARTESIAN_POINT('',(-33.,-14.,42.));
#8463 = DIRECTION('',(0.,0.,1.));
#8464 = DIRECTION('',(1.,0.,-0.));
#8465 = DEFINITIONAL_REPRESENTATION('',(#8466),#8470);
#8466 = LINE('',#8467,#8468);
#8467 = CARTESIAN_POINT('',(0.,0.));
#8468 = VECTOR('',#8469,1.);
#8469 = DIRECTION('',(0.,1.));
#8470 = ( GEOMETRIC_REPRESENTATION_CONTEXT(2) 
PARAMETRIC_REPRESENTATION_CONTEXT() REPRESENTATION_CONTEXT('2D SPACE',''
  ) );
#8471 = ADVANCED_FACE('',(#8472),#8009,.T.);
#8472 = FACE_BOUND('',#8473,.T.);
#8473 = EDGE_LOOP('',(#8474,#8475,#8476,#8499));
#8474 = ORIENTED_EDGE('',*,*,#7995,.F.);
#8475 = ORIENTED_EDGE('',*,*,#8423,.T.);
#8476 = ORIENTED_EDGE('',*,*,#8477,.T.);
#8477 = EDGE_CURVE('',#8424,#8478,#8480,.T.);
#8478 = VERTEX_POINT('',#8479);
#8479 = CARTESIAN_POINT('',(33.,30.,42.));
#8480 = SURFACE_CURVE('',#8481,(#8485,#8492),.PCURVE_S1.);
#8481 = LINE('',#8482,#8483);
#8482 = CARTESIAN_POINT('',(-33.,30.,42.));
#8483 = VECTOR('',#8484,1.);
#8484 = DIRECTION('',(1.,0.,-0.));
#8485 = PCURVE('',#8009,#8486);
#8486 = DEFINITIONAL_REPRESENTATION('',(#8487),#8491);
#8487 = LINE('',#8488,#8489);
#8488 = CARTESIAN_POINT('',(3.,0.));
#8489 = VECTOR('',#8490,1.);
#8490 = DIRECTION('',(0.,1.));
#8491 = ( GEOMETRIC_REPRESENTATION_CONTEXT(2) 
PARAMETRIC_REPRESENTATION_CONTEXT() REPRESENTATION_CONTEXT('2D SPACE',''
  ) );
#8492 = PCURVE('',#8460,#8493);
#8493 = DEFINITIONAL_REPRESENTATION('',(#8494),#8498);
#8494 = LINE('',#8495,#8496);
#8495 = CARTESIAN_POINT('',(0.,44.));
#8496 = VECTOR('',#8497,1.);
#8497 = DIRECTION('',(1.,0.));
#8498 = ( GEOMETRIC_REPRESENTATION_CONTEXT(2) 
PARAMETRIC_REPRESENTATION_CONTEXT() REPRESENTATION_CONTEXT('2D SPACE',''
  ) );
#8499 = ORIENTED_EDGE('',*,*,#8500,.F.);
#8500 = EDGE_CURVE('',#7968,#8478,#8501,.T.);
#8501 = SURFACE_CURVE('',#8502,(#8506,#8513),.PCURVE_S1.);
#8502 = LINE('',#8503,#8504);
#8503 = CARTESIAN_POINT('',(33.,30.,39.));
#8504 = VECTOR('',#8505,1.);
#8505 = DIRECTION('',(0.,0.,1.));
#8506 = PCURVE('',#8009,#8507);
#8507 = DEFINITIONAL_REPRESENTATION('',(#8508),#8512);
#8508 = LINE('',#8509,#8510);
#8509 = CARTESIAN_POINT('',(0.,66.));
#8510 = VECTOR('',#8511,1.);
#8511 = DIRECTION('',(1.,0.));
#8512 = ( GEOMETRIC_REPRESENTATION_CONTEXT(2) 
PARAMETRIC_REPRESENTATION_CONTEXT() REPRESENTATION_CONTEXT('2D SPACE',''
  ) );
#8513 = PCURVE('',#7983,#8514);
#8514 = DEFINITIONAL_REPRESENTATION('',(#8515),#8519);
#8515 = LINE('',#8516,#8517);
#8516 = CARTESIAN_POINT('',(0.,-44.));
#8517 = VECTOR('',#8518,1.);
#8518 = DIRECTION('',(1.,0.));
#8519 = ( GEOMETRIC_REPRESENTATION_CONTEXT(2) 
PARAMETRIC_REPRESENTATION_CONTEXT() REPRESENTATION_CONTEXT('2D SPACE',''
  ) );
#8520 = ADVANCED_FACE('',(#8521),#7955,.F.);
#8521 = FACE_BOUND('',#8522,.F.);
#8522 = EDGE_LOOP('',(#8523,#8524,#8525,#8548));
#8523 = ORIENTED_EDGE('',*,*,#7939,.F.);
#8524 = ORIENTED_EDGE('',*,*,#8399,.T.);
#8525 = ORIENTED_EDGE('',*,*,#8526,.T.);
#8526 = EDGE_CURVE('',#8400,#8527,#8529,.T.);
#8527 = VERTEX_POINT('',#8528);
#8528 = CARTESIAN_POINT('',(33.,-14.,42.));
#8529 = SURFACE_CURVE('',#8530,(#8534,#8541),.PCURVE_S1.);
#8530 = LINE('',#8531,#8532);
#8531 = CARTESIAN_POINT('',(-33.,-14.,42.));
#8532 = VECTOR('',#8533,1.);
#8533 = DIRECTION('',(1.,0.,-0.));
#8534 = PCURVE('',#7955,#8535);
#8535 = DEFINITIONAL_REPRESENTATION('',(#8536),#8540);
#8536 = LINE('',#8537,#8538);
#8537 = CARTESIAN_POINT('',(3.,0.));
#8538 = VECTOR('',#8539,1.);
#8539 = DIRECTION('',(0.,1.));
#8540 = ( GEOMETRIC_REPRESENTATION_CONTEXT(2) 
PARAMETRIC_REPRESENTATION_CONTEXT() REPRESENTATION_CONTEXT('2D SPACE',''
  ) );
#8541 = PCURVE('',#8460,#8542);
#8542 = DEFINITIONAL_REPRESENTATION('',(#8543),#8547);
#8543 = LINE('',#8544,#8545);
#8544 = CARTESIAN_POINT('',(0.,0.));
#8545 = VECTOR('',#8546,1.);
#8546 = DIRECTION('',(1.,0.));
#8547 = ( GEOMETRIC_REPRESENTATION_CONTEXT(2) 
PARAMETRIC_REPRESENTATION_CONTEXT() REPRESENTATION_CONTEXT('2D SPACE',''
  ) );
#8548 = ORIENTED_EDGE('',*,*,#8549,.F.);
#8549 = EDGE_CURVE('',#7940,#8527,#8550,.T.);
#8550 = SURFACE_CURVE('',#8551,(#8555,#8562),.PCURVE_S1.);
#8551 = LINE('',#8552,#8553);
#8552 = CARTESIAN_POINT('',(33.,-14.,39.));
#8553 = VECTOR('',#8554,1.);
#8554 = DIRECTION('',(0.,0.,1.));
#8555 = PCURVE('',#7955,#8556);
#8556 = DEFINITIONAL_REPRESENTATION('',(#8557),#8561);
#8557 = LINE('',#8558,#8559);
#8558 = CARTESIAN_POINT('',(0.,66.));
#8559 = VECTOR('',#8560,1.);
#8560 = DIRECTION('',(1.,0.));
#8561 = ( GEOMETRIC_REPRESENTATION_CONTEXT(2) 
PARAMETRIC_REPRESENTATION_CONTEXT() REPRESENTATION_CONTEXT('2D SPACE',''
  ) );
#8562 = PCURVE('',#7983,#8563);
#8563 = DEFINITIONAL_REPRESENTATION('',(#8564),#8568);
#8564 = LINE('',#8565,#8566);
#8565 = CARTESIAN_POINT('',(0.,0.));
#8566 = VECTOR('',#8567,1.);
#8567 = DIRECTION('',(1.,0.));
#8568 = ( GEOMETRIC_REPRESENTATION_CONTEXT(2) 
PARAMETRIC_REPRESENTATION_CONTEXT() REPRESENTATION_CONTEXT('2D SPACE',''
  ) );
#8569 = ADVANCED_FACE('',(#8570),#7983,.T.);
#8570 = FACE_BOUND('',#8571,.T.);
#8571 = EDGE_LOOP('',(#8572,#8573,#8574,#8575));
#8572 = ORIENTED_EDGE('',*,*,#8549,.F.);
#8573 = ORIENTED_EDGE('',*,*,#7967,.T.);
#8574 = ORIENTED_EDGE('',*,*,#8500,.T.);
#8575 = ORIENTED_EDGE('',*,*,#8576,.F.);
#8576 = EDGE_CURVE('',#8527,#8478,#8577,.T.);
#8577 = SURFACE_CURVE('',#8578,(#8582,#8589),.PCURVE_S1.);
#8578 = LINE('',#8579,#8580);
#8579 = CARTESIAN_POINT('',(33.,-14.,42.));
#8580 = VECTOR('',#8581,1.);
#8581 = DIRECTION('',(-0.,1.,0.));
#8582 = PCURVE('',#7983,#8583);
#8583 = DEFINITIONAL_REPRESENTATION('',(#8584),#8588);
#8584 = LINE('',#8585,#8586);
#8585 = CARTESIAN_POINT('',(3.,0.));
#8586 = VECTOR('',#8587,1.);
#8587 = DIRECTION('',(0.,-1.));
#8588 = ( GEOMETRIC_REPRESENTATION_CONTEXT(2) 
PARAMETRIC_REPRESENTATION_CONTEXT() REPRESENTATION_CONTEXT('2D SPACE',''
  ) );
#8589 = PCURVE('',#8460,#8590);
#8590 = DEFINITIONAL_REPRESENTATION('',(#8591),#8595);
#8591 = LINE('',#8592,#8593);
#8592 = CARTESIAN_POINT('',(66.,0.));
#8593 = VECTOR('',#8594,1.);
#8594 = DIRECTION('',(0.,1.));
#8595 = ( GEOMETRIC_REPRESENTATION_CONTEXT(2) 
PARAMETRIC_REPRESENTATION_CONTEXT() REPRESENTATION_CONTEXT('2D SPACE',''
  ) );
#8596 = ADVANCED_FACE('',(#8597),#8160,.F.);
#8597 = FACE_BOUND('',#8598,.F.);
#8598 = EDGE_LOOP('',(#8599,#8623,#8644,#8645));
#8599 = ORIENTED_EDGE('',*,*,#8600,.F.);
#8600 = EDGE_CURVE('',#8601,#8601,#8603,.T.);
#8601 = VERTEX_POINT('',#8602);
#8602 = CARTESIAN_POINT('',(-12.,3.,42.));
#8603 = SURFACE_CURVE('',#8604,(#8609,#8616),.PCURVE_S1.);
#8604 = CIRCLE('',#8605,3.);
#8605 = AXIS2_PLACEMENT_3D('',#8606,#8607,#8608);
#8606 = CARTESIAN_POINT('',(-15.,3.,42.));
#8607 = DIRECTION('',(0.,0.,1.));
#8608 = DIRECTION('',(1.,0.,-0.));
#8609 = PCURVE('',#8160,#8610);
#8610 = DEFINITIONAL_REPRESENTATION('',(#8611),#8615);
#8611 = LINE('',#8612,#8613);
#8612 = CARTESIAN_POINT('',(0.,13.));
#8613 = VECTOR('',#8614,1.);
#8614 = DIRECTION('',(1.,0.));
#8615 = ( GEOMETRIC_REPRESENTATION_CONTEXT(2) 
PARAMETRIC_REPRESENTATION_CONTEXT() REPRESENTATION_CONTEXT('2D SPACE',''
  ) );
#8616 = PCURVE('',#8460,#8617);
#8617 = DEFINITIONAL_REPRESENTATION('',(#8618),#8622);
#8618 = CIRCLE('',#8619,3.);
#8619 = AXIS2_PLACEMENT_2D('',#8620,#8621);
#8620 = CARTESIAN_POINT('',(18.,17.));
#8621 = DIRECTION('',(1.,0.));
#8622 = ( GEOMETRIC_REPRESENTATION_CONTEXT(2) 
PARAMETRIC_REPRESENTATION_CONTEXT() REPRESENTATION_CONTEXT('2D SPACE',''
  ) );
#8623 = ORIENTED_EDGE('',*,*,#8624,.F.);
#8624 = EDGE_CURVE('',#8144,#8601,#8625,.T.);
#8625 = SEAM_CURVE('',#8626,(#8630,#8637),.PCURVE_S1.);
#8626 = LINE('',#8627,#8628);
#8627 = CARTESIAN_POINT('',(-12.,3.,29.));
#8628 = VECTOR('',#8629,1.);
#8629 = DIRECTION('',(0.,0.,1.));
#8630 = PCURVE('',#8160,#8631);
#8631 = DEFINITIONAL_REPRESENTATION('',(#8632),#8636);
#8632 = LINE('',#8633,#8634);
#8633 = CARTESIAN_POINT('',(6.28318530718,-0.));
#8634 = VECTOR('',#8635,1.);
#8635 = DIRECTION('',(0.,1.));
#8636 = ( GEOMETRIC_REPRESENTATION_CONTEXT(2) 
PARAMETRIC_REPRESENTATION_CONTEXT() REPRESENTATION_CONTEXT('2D SPACE',''
  ) );
#8637 = PCURVE('',#8160,#8638);
#8638 = DEFINITIONAL_REPRESENTATION('',(#8639),#8643);
#8639 = LINE('',#8640,#8641);
#8640 = CARTESIAN_POINT('',(0.,-0.));
#8641 = VECTOR('',#8642,1.);
#8642 = DIRECTION('',(0.,1.));
#8643 = ( GEOMETRIC_REPRESENTATION_CONTEXT(2) 
PARAMETRIC_REPRESENTATION_CONTEXT() REPRESENTATION_CONTEXT('2D SPACE',''
  ) );
#8644 = ORIENTED_EDGE('',*,*,#8143,.T.);
#8645 = ORIENTED_EDGE('',*,*,#8624,.T.);
#8646 = ADVANCED_FACE('',(#8647),#8191,.F.);
#8647 = FACE_BOUND('',#8648,.F.);
#8648 = EDGE_LOOP('',(#8649,#8673,#8694,#8695));
#8649 = ORIENTED_EDGE('',*,*,#8650,.F.);
#8650 = EDGE_CURVE('',#8651,#8651,#8653,.T.);
#8651 = VERTEX_POINT('',#8652);
#8652 = CARTESIAN_POINT('',(18.,3.,42.));
#8653 = SURFACE_CURVE('',#8654,(#8659,#8666),.PCURVE_S1.);
#8654 = CIRCLE('',#8655,3.);
#8655 = AXIS2_PLACEMENT_3D('',#8656,#8657,#8658);
#8656 = CARTESIAN_POINT('',(15.,3.,42.));
#8657 = DIRECTION('',(0.,0.,1.));
#8658 = DIRECTION('',(1.,0.,-0.));
#8659 = PCURVE('',#8191,#8660);
#8660 = DEFINITIONAL_REPRESENTATION('',(#8661),#8665);
#8661 = LINE('',#8662,#8663);
#8662 = CARTESIAN_POINT('',(0.,13.));
#8663 = VECTOR('',#8664,1.);
#8664 = DIRECTION('',(1.,0.));
#8665 = ( GEOMETRIC_REPRESENTATION_CONTEXT(2) 
PARAMETRIC_REPRESENTATION_CONTEXT() REPRESENTATION_CONTEXT('2D SPACE',''
  ) );
#8666 = PCURVE('',#8460,#8667);
#8667 = DEFINITIONAL_REPRESENTATION('',(#8668),#8672);
#8668 = CIRCLE('',#8669,3.);
#8669 = AXIS2_PLACEMENT_2D('',#8670,#8671);
#8670 = CARTESIAN_POINT('',(48.,17.));
#8671 = DIRECTION('',(1.,0.));
#8672 = ( GEOMETRIC_REPRESENTATION_CONTEXT(2) 
PARAMETRIC_REPRESENTATION_CONTEXT() REPRESENTATION_CONTEXT('2D SPACE',''
  ) );
#8673 = ORIENTED_EDGE('',*,*,#8674,.F.);
#8674 = EDGE_CURVE('',#8175,#8651,#8675,.T.);
#8675 = SEAM_CURVE('',#8676,(#8680,#8687),.PCURVE_S1.);
#8676 = LINE('',#8677,#8678);
#8677 = CARTESIAN_POINT('',(18.,3.,29.));
#8678 = VECTOR('',#8679,1.);
#8679 = DIRECTION('',(0.,0.,1.));
#8680 = PCURVE('',#8191,#8681);
#8681 = DEFINITIONAL_REPRESENTATION('',(#8682),#8686);
#8682 = LINE('',#8683,#8684);
#8683 = CARTESIAN_POINT('',(6.28318530718,-0.));
#8684 = VECTOR('',#8685,1.);
#8685 = DIRECTION('',(0.,1.));
#8686 = ( GEOMETRIC_REPRESENTATION_CONTEXT(2) 
PARAMETRIC_REPRESENTATION_CONTEXT() REPRESENTATION_CONTEXT('2D SPACE',''
  ) );
#8687 = PCURVE('',#8191,#8688);
#8688 = DEFINITIONAL_REPRESENTATION('',(#8689),#8693);
#8689 = LINE('',#8690,#8691);
#8690 = CARTESIAN_POINT('',(0.,-0.));
#8691 = VECTOR('',#8692,1.);
#8692 = DIRECTION('',(0.,1.));
#8693 = ( GEOMETRIC_REPRESENTATION_CONTEXT(2) 
PARAMETRIC_REPRESENTATION_CONTEXT() REPRESENTATION_CONTEXT('2D SPACE',''
  ) );
#8694 = ORIENTED_EDGE('',*,*,#8174,.T.);
#8695 = ORIENTED_EDGE('',*,*,#8674,.T.);
#8696 = ADVANCED_FACE('',(#8697),#8222,.F.);
#8697 = FACE_BOUND('',#8698,.F.);
#8698 = EDGE_LOOP('',(#8699,#8723,#8744,#8745));
#8699 = ORIENTED_EDGE('',*,*,#8700,.F.);
#8700 = EDGE_CURVE('',#8701,#8701,#8703,.T.);
#8701 = VERTEX_POINT('',#8702);
#8702 = CARTESIAN_POINT('',(-16.5,17.,42.));
#8703 = SURFACE_CURVE('',#8704,(#8709,#8716),.PCURVE_S1.);
#8704 = CIRCLE('',#8705,1.);
#8705 = AXIS2_PLACEMENT_3D('',#8706,#8707,#8708);
#8706 = CARTESIAN_POINT('',(-17.5,17.,42.));
#8707 = DIRECTION('',(0.,0.,1.));
#8708 = DIRECTION('',(1.,0.,-0.));
#8709 = PCURVE('',#8222,#8710);
#8710 = DEFINITIONAL_REPRESENTATION('',(#8711),#8715);
#8711 = LINE('',#8712,#8713);
#8712 = CARTESIAN_POINT('',(0.,13.));
#8713 = VECTOR('',#8714,1.);
#8714 = DIRECTION('',(1.,0.));
#8715 = ( GEOMETRIC_REPRESENTATION_CONTEXT(2) 
PARAMETRIC_REPRESENTATION_CONTEXT() REPRESENTATION_CONTEXT('2D SPACE',''
  ) );
#8716 = PCURVE('',#8460,#8717);
#8717 = DEFINITIONAL_REPRESENTATION('',(#8718),#8722);
#8718 = CIRCLE('',#8719,1.);
#8719 = AXIS2_PLACEMENT_2D('',#8720,#8721);
#8720 = CARTESIAN_POINT('',(15.5,31.));
#8721 = DIRECTION('',(1.,0.));
#8722 = ( GEOMETRIC_REPRESENTATION_CONTEXT(2) 
PARAMETRIC_REPRESENTATION_CONTEXT() REPRESENTATION_CONTEXT('2D SPACE',''
  ) );
#8723 = ORIENTED_EDGE('',*,*,#8724,.F.);
#8724 = EDGE_CURVE('',#8206,#8701,#8725,.T.);
#8725 = SEAM_CURVE('',#8726,(#8730,#8737),.PCURVE_S1.);
#8726 = LINE('',#8727,#8728);
#8727 = CARTESIAN_POINT('',(-16.5,17.,29.));
#8728 = VECTOR('',#8729,1.);
#8729 = DIRECTION('',(0.,0.,1.));
#8730 = PCURVE('',#8222,#8731);
#8731 = DEFINITIONAL_REPRESENTATION('',(#8732),#8736);
#8732 = LINE('',#8733,#8734);
#8733 = CARTESIAN_POINT('',(6.28318530718,-0.));
#8734 = VECTOR('',#8735,1.);
#8735 = DIRECTION('',(0.,1.));
#8736 = ( GEOMETRIC_REPRESENTATION_CONTEXT(2) 
PARAMETRIC_REPRESENTATION_CONTEXT() REPRESENTATION_CONTEXT('2D SPACE',''
  ) );
#8737 = PCURVE('',#8222,#8738);
#8738 = DEFINITIONAL_REPRESENTATION('',(#8739),#8743);
#8739 = LINE('',#8740,#8741);
#8740 = CARTESIAN_POINT('',(0.,-0.));
#8741 = VECTOR('',#8742,1.);
#8742 = DIRECTION('',(0.,1.));
#8743 = ( GEOMETRIC_REPRESENTATION_CONTEXT(2) 
PARAMETRIC_REPRESENTATION_CONTEXT() REPRESENTATION_CONTEXT('2D SPACE',''
  ) );
#8744 = ORIENTED_EDGE('',*,*,#8205,.T.);
#8745 = ORIENTED_EDGE('',*,*,#8724,.T.);
#8746 = ADVANCED_FACE('',(#8747),#8253,.F.);
#8747 = FACE_BOUND('',#8748,.F.);
#8748 = EDGE_LOOP('',(#8749,#8773,#8794,#8795));
#8749 = ORIENTED_EDGE('',*,*,#8750,.F.);
#8750 = EDGE_CURVE('',#8751,#8751,#8753,.T.);
#8751 = VERTEX_POINT('',#8752);
#8752 = CARTESIAN_POINT('',(-9.5,17.,42.));
#8753 = SURFACE_CURVE('',#8754,(#8759,#8766),.PCURVE_S1.);
#8754 = CIRCLE('',#8755,1.);
#8755 = AXIS2_PLACEMENT_3D('',#8756,#8757,#8758);
#8756 = CARTESIAN_POINT('',(-10.5,17.,42.));
#8757 = DIRECTION('',(0.,0.,1.));
#8758 = DIRECTION('',(1.,0.,-0.));
#8759 = PCURVE('',#8253,#8760);
#8760 = DEFINITIONAL_REPRESENTATION('',(#8761),#8765);
#8761 = LINE('',#8762,#8763);
#8762 = CARTESIAN_POINT('',(0.,13.));
#8763 = VECTOR('',#8764,1.);
#8764 = DIRECTION('',(1.,0.));
#8765 = ( GEOMETRIC_REPRESENTATION_CONTEXT(2) 
PARAMETRIC_REPRESENTATION_CONTEXT() REPRESENTATION_CONTEXT('2D SPACE',''
  ) );
#8766 = PCURVE('',#8460,#8767);
#8767 = DEFINITIONAL_REPRESENTATION('',(#8768),#8772);
#8768 = CIRCLE('',#8769,1.);
#8769 = AXIS2_PLACEMENT_2D('',#8770,#8771);
#8770 = CARTESIAN_POINT('',(22.5,31.));
#8771 = DIRECTION('',(1.,0.));
#8772 = ( GEOMETRIC_REPRESENTATION_CONTEXT(2) 
PARAMETRIC_REPRESENTATION_CONTEXT() REPRESENTATION_CONTEXT('2D SPACE',''
  ) );
#8773 = ORIENTED_EDGE('',*,*,#8774,.F.);
#8774 = EDGE_CURVE('',#8237,#8751,#8775,.T.);
#8775 = SEAM_CURVE('',#8776,(#8780,#8787),.PCURVE_S1.);
#8776 = LINE('',#8777,#8778);
#8777 = CARTESIAN_POINT('',(-9.5,17.,29.));
#8778 = VECTOR('',#8779,1.);
#8779 = DIRECTION('',(0.,0.,1.));
#8780 = PCURVE('',#8253,#8781);
#8781 = DEFINITIONAL_REPRESENTATION('',(#8782),#8786);
#8782 = LINE('',#8783,#8784);
#8783 = CARTESIAN_POINT('',(6.28318530718,-0.));
#8784 = VECTOR('',#8785,1.);
#8785 = DIRECTION('',(0.,1.));
#8786 = ( GEOMETRIC_REPRESENTATION_CONTEXT(2) 
PARAMETRIC_REPRESENTATION_CONTEXT() REPRESENTATION_CONTEXT('2D SPACE',''
  ) );
#8787 = PCURVE('',#8253,#8788);
#8788 = DEFINITIONAL_REPRESENTATION('',(#8789),#8793);
#8789 = LINE('',#8790,#8791);
#8790 = CARTESIAN_POINT('',(0.,-0.));
#8791 = VECTOR('',#8792,1.);
#8792 = DIRECTION('',(0.,1.));
#8793 = ( GEOMETRIC_REPRESENTATION_CONTEXT(2) 
PARAMETRIC_REPRESENTATION_CONTEXT() REPRESENTATION_CONTEXT('2D SPACE',''
  ) );
#8794 = ORIENTED_EDGE('',*,*,#8236,.T.);
#8795 = ORIENTED_EDGE('',*,*,#8774,.T.);
#8796 = ADVANCED_FACE('',(#8797),#8284,.F.);
#8797 = FACE_BOUND('',#8798,.F.);
#8798 = EDGE_LOOP('',(#8799,#8823,#8844,#8845));
#8799 = ORIENTED_EDGE('',*,*,#8800,.F.);
#8800 = EDGE_CURVE('',#8801,#8801,#8803,.T.);
#8801 = VERTEX_POINT('',#8802);
#8802 = CARTESIAN_POINT('',(-2.5,17.,42.));
#8803 = SURFACE_CURVE('',#8804,(#8809,#8816),.PCURVE_S1.);
#8804 = CIRCLE('',#8805,1.);
#8805 = AXIS2_PLACEMENT_3D('',#8806,#8807,#8808);
#8806 = CARTESIAN_POINT('',(-3.5,17.,42.));
#8807 = DIRECTION('',(0.,0.,1.));
#8808 = DIRECTION('',(1.,0.,-0.));
#8809 = PCURVE('',#8284,#8810);
#8810 = DEFINITIONAL_REPRESENTATION('',(#8811),#8815);
#8811 = LINE('',#8812,#8813);
#8812 = CARTESIAN_POINT('',(0.,13.));
#8813 = VECTOR('',#8814,1.);
#8814 = DIRECTION('',(1.,0.));
#8815 = ( GEOMETRIC_REPRESENTATION_CONTEXT(2) 
PARAMETRIC_REPRESENTATION_CONTEXT() REPRESENTATION_CONTEXT('2D SPACE',''
  ) );
#8816 = PCURVE('',#8460,#8817);
#8817 = DEFINITIONAL_REPRESENTATION('',(#8818),#8822);
#8818 = CIRCLE('',#8819,1.);
#8819 = AXIS2_PLACEMENT_2D('',#8820,#8821);
#8820 = CARTESIAN_POINT('',(29.5,31.));
#8821 = DIRECTION('',(1.,0.));
#8822 = ( GEOMETRIC_REPRESENTATION_CONTEXT(2) 
PARAMETRIC_REPRESENTATION_CONTEXT() REPRESENTATION_CONTEXT('2D SPACE',''
  ) );
#8823 = ORIENTED_EDGE('',*,*,#8824,.F.);
#8824 = EDGE_CURVE('',#8268,#8801,#8825,.T.);
#8825 = SEAM_CURVE('',#8826,(#8830,#8837),.PCURVE_S1.);
#8826 = LINE('',#8827,#8828);
#8827 = CARTESIAN_POINT('',(-2.5,17.,29.));
#8828 = VECTOR('',#8829,1.);
#8829 = DIRECTION('',(0.,0.,1.));
#8830 = PCURVE('',#8284,#8831);
#8831 = DEFINITIONAL_REPRESENTATION('',(#8832),#8836);
#8832 = LINE('',#8833,#8834);
#8833 = CARTESIAN_POINT('',(6.28318530718,-0.));
#8834 = VECTOR('',#8835,1.);
#8835 = DIRECTION('',(0.,1.));
#8836 = ( GEOMETRIC_REPRESENTATION_CONTEXT(2) 
PARAMETRIC_REPRESENTATION_CONTEXT() REPRESENTATION_CONTEXT('2D SPACE',''
  ) );
#8837 = PCURVE('',#8284,#8838);
#8838 = DEFINITIONAL_REPRESENTATION('',(#8839),#8843);
#8839 = LINE('',#8840,#8841);
#8840 = CARTESIAN_POINT('',(0.,-0.));
#8841 = VECTOR('',#8842,1.);
#8842 = DIRECTION('',(0.,1.));
#8843 = ( GEOMETRIC_REPRESENTATION_CONTEXT(2) 
PARAMETRIC_REPRESENTATION_CONTEXT() REPRESENTATION_CONTEXT('2D SPACE',''
  ) );
#8844 = ORIENTED_EDGE('',*,*,#8267,.T.);
#8845 = ORIENTED_EDGE('',*,*,#8824,.T.);
#8846 = ADVANCED_FACE('',(#8847),#8315,.F.);
#8847 = FACE_BOUND('',#8848,.F.);
#8848 = EDGE_LOOP('',(#8849,#8873,#8894,#8895));
#8849 = ORIENTED_EDGE('',*,*,#8850,.F.);
#8850 = EDGE_CURVE('',#8851,#8851,#8853,.T.);
#8851 = VERTEX_POINT('',#8852);
#8852 = CARTESIAN_POINT('',(4.5,17.,42.));
#8853 = SURFACE_CURVE('',#8854,(#8859,#8866),.PCURVE_S1.);
#8854 = CIRCLE('',#8855,1.);
#8855 = AXIS2_PLACEMENT_3D('',#8856,#8857,#8858);
#8856 = CARTESIAN_POINT('',(3.5,17.,42.));
#8857 = DIRECTION('',(0.,0.,1.));
#8858 = DIRECTION('',(1.,0.,-0.));
#8859 = PCURVE('',#8315,#8860);
#8860 = DEFINITIONAL_REPRESENTATION('',(#8861),#8865);
#8861 = LINE('',#8862,#8863);
#8862 = CARTESIAN_POINT('',(0.,13.));
#8863 = VECTOR('',#8864,1.);
#8864 = DIRECTION('',(1.,0.));
#8865 = ( GEOMETRIC_REPRESENTATION_CONTEXT(2) 
PARAMETRIC_REPRESENTATION_CONTEXT() REPRESENTATION_CONTEXT('2D SPACE',''
  ) );
#8866 = PCURVE('',#8460,#8867);
#8867 = DEFINITIONAL_REPRESENTATION('',(#8868),#8872);
#8868 = CIRCLE('',#8869,1.);
#8869 = AXIS2_PLACEMENT_2D('',#8870,#8871);
#8870 = CARTESIAN_POINT('',(36.5,31.));
#8871 = DIRECTION('',(1.,0.));
#8872 = ( GEOMETRIC_REPRESENTATION_CONTEXT(2) 
PARAMETRIC_REPRESENTATION_CONTEXT() REPRESENTATION_CONTEXT('2D SPACE',''
  ) );
#8873 = ORIENTED_EDGE('',*,*,#8874,.F.);
#8874 = EDGE_CURVE('',#8299,#8851,#8875,.T.);
#8875 = SEAM_CURVE('',#8876,(#8880,#8887),.PCURVE_S1.);
#8876 = LINE('',#8877,#8878);
#8877 = CARTESIAN_POINT('',(4.5,17.,29.));
#8878 = VECTOR('',#8879,1.);
#8879 = DIRECTION('',(0.,0.,1.));
#8880 = PCURVE('',#8315,#8881);
#8881 = DEFINITIONAL_REPRESENTATION('',(#8882),#8886);
#8882 = LINE('',#8883,#8884);
#8883 = CARTESIAN_POINT('',(6.28318530718,-0.));
#8884 = VECTOR('',#8885,1.);
#8885 = DIRECTION('',(0.,1.));
#8886 = ( GEOMETRIC_REPRESENTATION_CONTEXT(2) 
PARAMETRIC_REPRESENTATION_CONTEXT() REPRESENTATION_CONTEXT('2D SPACE',''
  ) );
#8887 = PCURVE('',#8315,#8888);
#8888 = DEFINITIONAL_REPRESENTATION('',(#8889),#8893);
#8889 = LINE('',#8890,#8891);
#8890 = CARTESIAN_POINT('',(0.,-0.));
#8891 = VECTOR('',#8892,1.);
#8892 = DIRECTION('',(0.,1.));
#8893 = ( GEOMETRIC_REPRESENTATION_CONTEXT(2) 
PARAMETRIC_REPRESENTATION_CONTEXT() REPRESENTATION_CONTEXT('2D SPACE',''
  ) );
#8894 = ORIENTED_EDGE('',*,*,#8298,.T.);
#8895 = ORIENTED_EDGE('',*,*,#8874,.T.);
#8896 = ADVANCED_FACE('',(#8897),#8346,.F.);
#8897 = FACE_BOUND('',#8898,.F.);
#8898 = EDGE_LOOP('',(#8899,#8923,#8944,#8945));
#8899 = ORIENTED_EDGE('',*,*,#8900,.F.);
#8900 = EDGE_CURVE('',#8901,#8901,#8903,.T.);
#8901 = VERTEX_POINT('',#8902);
#8902 = CARTESIAN_POINT('',(11.5,17.,42.));
#8903 = SURFACE_CURVE('',#8904,(#8909,#8916),.PCURVE_S1.);
#8904 = CIRCLE('',#8905,1.);
#8905 = AXIS2_PLACEMENT_3D('',#8906,#8907,#8908);
#8906 = CARTESIAN_POINT('',(10.5,17.,42.));
#8907 = DIRECTION('',(0.,0.,1.));
#8908 = DIRECTION('',(1.,0.,-0.));
#8909 = PCURVE('',#8346,#8910);
#8910 = DEFINITIONAL_REPRESENTATION('',(#8911),#8915);
#8911 = LINE('',#8912,#8913);
#8912 = CARTESIAN_POINT('',(0.,13.));
#8913 = VECTOR('',#8914,1.);
#8914 = DIRECTION('',(1.,0.));
#8915 = ( GEOMETRIC_REPRESENTATION_CONTEXT(2) 
PARAMETRIC_REPRESENTATION_CONTEXT() REPRESENTATION_CONTEXT('2D SPACE',''
  ) );
#8916 = PCURVE('',#8460,#8917);
#8917 = DEFINITIONAL_REPRESENTATION('',(#8918),#8922);
#8918 = CIRCLE('',#8919,1.);
#8919 = AXIS2_PLACEMENT_2D('',#8920,#8921);
#8920 = CARTESIAN_POINT('',(43.5,31.));
#8921 = DIRECTION('',(1.,0.));
#8922 = ( GEOMETRIC_REPRESENTATION_CONTEXT(2) 
PARAMETRIC_REPRESENTATION_CONTEXT() REPRESENTATION_CONTEXT('2D SPACE',''
  ) );
#8923 = ORIENTED_EDGE('',*,*,#8924,.F.);
#8924 = EDGE_CURVE('',#8330,#8901,#8925,.T.);
#8925 = SEAM_CURVE('',#8926,(#8930,#8937),.PCURVE_S1.);
#8926 = LINE('',#8927,#8928);
#8927 = CARTESIAN_POINT('',(11.5,17.,29.));
#8928 = VECTOR('',#8929,1.);
#8929 = DIRECTION('',(0.,0.,1.));
#8930 = PCURVE('',#8346,#8931);
#8931 = DEFINITIONAL_REPRESENTATION('',(#8932),#8936);
#8932 = LINE('',#8933,#8934);
#8933 = CARTESIAN_POINT('',(6.28318530718,-0.));
#8934 = VECTOR('',#8935,1.);
#8935 = DIRECTION('',(0.,1.));
#8936 = ( GEOMETRIC_REPRESENTATION_CONTEXT(2) 
PARAMETRIC_REPRESENTATION_CONTEXT() REPRESENTATION_CONTEXT('2D SPACE',''
  ) );
#8937 = PCURVE('',#8346,#8938);
#8938 = DEFINITIONAL_REPRESENTATION('',(#8939),#8943);
#8939 = LINE('',#8940,#8941);
#8940 = CARTESIAN_POINT('',(0.,-0.));
#8941 = VECTOR('',#8942,1.);
#8942 = DIRECTION('',(0.,1.));
#8943 = ( GEOMETRIC_REPRESENTATION_CONTEXT(2) 
PARAMETRIC_REPRESENTATION_CONTEXT() REPRESENTATION_CONTEXT('2D SPACE',''
  ) );
#8944 = ORIENTED_EDGE('',*,*,#8329,.T.);
#8945 = ORIENTED_EDGE('',*,*,#8924,.T.);
#8946 = ADVANCED_FACE('',(#8947),#8377,.F.);
#8947 = FACE_BOUND('',#8948,.F.);
#8948 = EDGE_LOOP('',(#8949,#8973,#8994,#8995));
#8949 = ORIENTED_EDGE('',*,*,#8950,.F.);
#8950 = EDGE_CURVE('',#8951,#8951,#8953,.T.);
#8951 = VERTEX_POINT('',#8952);
#8952 = CARTESIAN_POINT('',(18.5,17.,42.));
#8953 = SURFACE_CURVE('',#8954,(#8959,#8966),.PCURVE_S1.);
#8954 = CIRCLE('',#8955,1.);
#8955 = AXIS2_PLACEMENT_3D('',#8956,#8957,#8958);
#8956 = CARTESIAN_POINT('',(17.5,17.,42.));
#8957 = DIRECTION('',(0.,0.,1.));
#8958 = DIRECTION('',(1.,0.,-0.));
#8959 = PCURVE('',#8377,#8960);
#8960 = DEFINITIONAL_REPRESENTATION('',(#8961),#8965);
#8961 = LINE('',#8962,#8963);
#8962 = CARTESIAN_POINT('',(0.,13.));
#8963 = VECTOR('',#8964,1.);
#8964 = DIRECTION('',(1.,0.));
#8965 = ( GEOMETRIC_REPRESENTATION_CONTEXT(2) 
PARAMETRIC_REPRESENTATION_CONTEXT() REPRESENTATION_CONTEXT('2D SPACE',''
  ) );
#8966 = PCURVE('',#8460,#8967);
#8967 = DEFINITIONAL_REPRESENTATION('',(#8968),#8972);
#8968 = CIRCLE('',#8969,1.);
#8969 = AXIS2_PLACEMENT_2D('',#8970,#8971);
#8970 = CARTESIAN_POINT('',(50.5,31.));
#8971 = DIRECTION('',(1.,0.));
#8972 = ( GEOMETRIC_REPRESENTATION_CONTEXT(2) 
PARAMETRIC_REPRESENTATION_CONTEXT() REPRESENTATION_CONTEXT('2D SPACE',''
  ) );
#8973 = ORIENTED_EDGE('',*,*,#8974,.F.);
#8974 = EDGE_CURVE('',#8361,#8951,#8975,.T.);
#8975 = SEAM_CURVE('',#8976,(#8980,#8987),.PCURVE_S1.);
#8976 = LINE('',#8977,#8978);
#8977 = CARTESIAN_POINT('',(18.5,17.,29.));
#8978 = VECTOR('',#8979,1.);
#8979 = DIRECTION('',(0.,0.,1.));
#8980 = PCURVE('',#8377,#8981);
#8981 = DEFINITIONAL_REPRESENTATION('',(#8982),#8986);
#8982 = LINE('',#8983,#8984);
#8983 = CARTESIAN_POINT('',(6.28318530718,-0.));
#8984 = VECTOR('',#8985,1.);
#8985 = DIRECTION('',(0.,1.));
#8986 = ( GEOMETRIC_REPRESENTATION_CONTEXT(2) 
PARAMETRIC_REPRESENTATION_CONTEXT() REPRESENTATION_CONTEXT('2D SPACE',''
  ) );
#8987 = PCURVE('',#8377,#8988);
#8988 = DEFINITIONAL_REPRESENTATION('',(#8989),#8993);
#8989 = LINE('',#8990,#8991);
#8990 = CARTESIAN_POINT('',(0.,-0.));
#8991 = VECTOR('',#8992,1.);
#8992 = DIRECTION('',(0.,1.));
#8993 = ( GEOMETRIC_REPRESENTATION_CONTEXT(2) 
PARAMETRIC_REPRESENTATION_CONTEXT() REPRESENTATION_CONTEXT('2D SPACE',''
  ) );
#8994 = ORIENTED_EDGE('',*,*,#8360,.T.);
#8995 = ORIENTED_EDGE('',*,*,#8974,.T.);
#8996 = ADVANCED_FACE('',(#8997,#9003,#9006,#9009,#9012,#9015,#9018,
    #9021,#9024,#9027),#8460,.T.);
#8997 = FACE_BOUND('',#8998,.T.);
#8998 = EDGE_LOOP('',(#8999,#9000,#9001,#9002));
#8999 = ORIENTED_EDGE('',*,*,#8446,.F.);
#9000 = ORIENTED_EDGE('',*,*,#8526,.T.);
#9001 = ORIENTED_EDGE('',*,*,#8576,.T.);
#9002 = ORIENTED_EDGE('',*,*,#8477,.F.);
#9003 = FACE_BOUND('',#9004,.T.);
#9004 = EDGE_LOOP('',(#9005));
#9005 = ORIENTED_EDGE('',*,*,#8600,.F.);
#9006 = FACE_BOUND('',#9007,.T.);
#9007 = EDGE_LOOP('',(#9008));
#9008 = ORIENTED_EDGE('',*,*,#8650,.F.);
#9009 = FACE_BOUND('',#9010,.T.);
#9010 = EDGE_LOOP('',(#9011));
#9011 = ORIENTED_EDGE('',*,*,#8700,.F.);
#9012 = FACE_BOUND('',#9013,.T.);
#9013 = EDGE_LOOP('',(#9014));
#9014 = ORIENTED_EDGE('',*,*,#8750,.F.);
#9015 = FACE_BOUND('',#9016,.T.);
#9016 = EDGE_LOOP('',(#9017));
#9017 = ORIENTED_EDGE('',*,*,#8800,.F.);
#9018 = FACE_BOUND('',#9019,.T.);
#9019 = EDGE_LOOP('',(#9020));
#9020 = ORIENTED_EDGE('',*,*,#8850,.F.);
#9021 = FACE_BOUND('',#9022,.T.);
#9022 = EDGE_LOOP('',(#9023));
#9023 = ORIENTED_EDGE('',*,*,#8900,.F.);
#9024 = FACE_BOUND('',#9025,.T.);
#9025 = EDGE_LOOP('',(#9026));
#9026 = ORIENTED_EDGE('',*,*,#8950,.F.);
#9027 = FACE_BOUND('',#9028,.T.);
#9028 = EDGE_LOOP('',(#9029,#9059,#9087,#9115));
#9029 = ORIENTED_EDGE('',*,*,#9030,.T.);
#9030 = EDGE_CURVE('',#9031,#9033,#9035,.T.);
#9031 = VERTEX_POINT('',#9032);
#9032 = CARTESIAN_POINT('',(20.5,17.5,42.));
#9033 = VERTEX_POINT('',#9034);
#9034 = CARTESIAN_POINT('',(20.5,24.5,42.));
#9035 = SURFACE_CURVE('',#9036,(#9040,#9047),.PCURVE_S1.);
#9036 = LINE('',#9037,#9038);
#9037 = CARTESIAN_POINT('',(20.5,17.5,42.));
#9038 = VECTOR('',#9039,1.);
#9039 = DIRECTION('',(-0.,1.,0.));
#9040 = PCURVE('',#8460,#9041);
#9041 = DEFINITIONAL_REPRESENTATION('',(#9042),#9046);
#9042 = LINE('',#9043,#9044);
#9043 = CARTESIAN_POINT('',(53.5,31.5));
#9044 = VECTOR('',#9045,1.);
#9045 = DIRECTION('',(0.,1.));
#9046 = ( GEOMETRIC_REPRESENTATION_CONTEXT(2) 
PARAMETRIC_REPRESENTATION_CONTEXT() REPRESENTATION_CONTEXT('2D SPACE',''
  ) );
#9047 = PCURVE('',#9048,#9053);
#9048 = PLANE('',#9049);
#9049 = AXIS2_PLACEMENT_3D('',#9050,#9051,#9052);
#9050 = CARTESIAN_POINT('',(20.5,17.5,42.));
#9051 = DIRECTION('',(1.,0.,-0.));
#9052 = DIRECTION('',(0.,0.,1.));
#9053 = DEFINITIONAL_REPRESENTATION('',(#9054),#9058);
#9054 = LINE('',#9055,#9056);
#9055 = CARTESIAN_POINT('',(0.,0.));
#9056 = VECTOR('',#9057,1.);
#9057 = DIRECTION('',(0.,-1.));
#9058 = ( GEOMETRIC_REPRESENTATION_CONTEXT(2) 
PARAMETRIC_REPRESENTATION_CONTEXT() REPRESENTATION_CONTEXT('2D SPACE',''
  ) );
#9059 = ORIENTED_EDGE('',*,*,#9060,.T.);
#9060 = EDGE_CURVE('',#9033,#9061,#9063,.T.);
#9061 = VERTEX_POINT('',#9062);
#9062 = CARTESIAN_POINT('',(27.5,24.5,42.));
#9063 = SURFACE_CURVE('',#9064,(#9068,#9075),.PCURVE_S1.);
#9064 = LINE('',#9065,#9066);
#9065 = CARTESIAN_POINT('',(20.5,24.5,42.));
#9066 = VECTOR('',#9067,1.);
#9067 = DIRECTION('',(1.,0.,-0.));
#9068 = PCURVE('',#8460,#9069);
#9069 = DEFINITIONAL_REPRESENTATION('',(#9070),#9074);
#9070 = LINE('',#9071,#9072);
#9071 = CARTESIAN_POINT('',(53.5,38.5));
#9072 = VECTOR('',#9073,1.);
#9073 = DIRECTION('',(1.,0.));
#9074 = ( GEOMETRIC_REPRESENTATION_CONTEXT(2) 
PARAMETRIC_REPRESENTATION_CONTEXT() REPRESENTATION_CONTEXT('2D SPACE',''
  ) );
#9075 = PCURVE('',#9076,#9081);
#9076 = PLANE('',#9077);
#9077 = AXIS2_PLACEMENT_3D('',#9078,#9079,#9080);
#9078 = CARTESIAN_POINT('',(20.5,24.5,42.));
#9079 = DIRECTION('',(-0.,1.,0.));
#9080 = DIRECTION('',(0.,0.,1.));
#9081 = DEFINITIONAL_REPRESENTATION('',(#9082),#9086);
#9082 = LINE('',#9083,#9084);
#9083 = CARTESIAN_POINT('',(0.,0.));
#9084 = VECTOR('',#9085,1.);
#9085 = DIRECTION('',(0.,1.));
#9086 = ( GEOMETRIC_REPRESENTATION_CONTEXT(2) 
PARAMETRIC_REPRESENTATION_CONTEXT() REPRESENTATION_CONTEXT('2D SPACE',''
  ) );
#9087 = ORIENTED_EDGE('',*,*,#9088,.F.);
#9088 = EDGE_CURVE('',#9089,#9061,#9091,.T.);
#9089 = VERTEX_POINT('',#9090);
#9090 = CARTESIAN_POINT('',(27.5,17.5,42.));
#9091 = SURFACE_CURVE('',#9092,(#9096,#9103),.PCURVE_S1.);
#9092 = LINE('',#9093,#9094);
#9093 = CARTESIAN_POINT('',(27.5,17.5,42.));
#9094 = VECTOR('',#9095,1.);
#9095 = DIRECTION('',(-0.,1.,0.));
#9096 = PCURVE('',#8460,#9097);
#9097 = DEFINITIONAL_REPRESENTATION('',(#9098),#9102);
#9098 = LINE('',#9099,#9100);
#9099 = CARTESIAN_POINT('',(60.5,31.5));
#9100 = VECTOR('',#9101,1.);
#9101 = DIRECTION('',(0.,1.));
#9102 = ( GEOMETRIC_REPRESENTATION_CONTEXT(2) 
PARAMETRIC_REPRESENTATION_CONTEXT() REPRESENTATION_CONTEXT('2D SPACE',''
  ) );
#9103 = PCURVE('',#9104,#9109);
#9104 = PLANE('',#9105);
#9105 = AXIS2_PLACEMENT_3D('',#9106,#9107,#9108);
#9106 = CARTESIAN_POINT('',(27.5,17.5,42.));
#9107 = DIRECTION('',(1.,0.,-0.));
#9108 = DIRECTION('',(0.,0.,1.));
#9109 = DEFINITIONAL_REPRESENTATION('',(#9110),#9114);
#9110 = LINE('',#9111,#9112);
#9111 = CARTESIAN_POINT('',(0.,0.));
#9112 = VECTOR('',#9113,1.);
#9113 = DIRECTION('',(0.,-1.));
#9114 = ( GEOMETRIC_REPRESENTATION_CONTEXT(2) 
PARAMETRIC_REPRESENTATION_CONTEXT() REPRESENTATION_CONTEXT('2D SPACE',''
  ) );
#9115 = ORIENTED_EDGE('',*,*,#9116,.F.);
#9116 = EDGE_CURVE('',#9031,#9089,#9117,.T.);
#9117 = SURFACE_CURVE('',#9118,(#9122,#9129),.PCURVE_S1.);
#9118 = LINE('',#9119,#9120);
#9119 = CARTESIAN_POINT('',(20.5,17.5,42.));
#9120 = VECTOR('',#9121,1.);
#9121 = DIRECTION('',(1.,0.,-0.));
#9122 = PCURVE('',#8460,#9123);
#9123 = DEFINITIONAL_REPRESENTATION('',(#9124),#9128);
#9124 = LINE('',#9125,#9126);
#9125 = CARTESIAN_POINT('',(53.5,31.5));
#9126 = VECTOR('',#9127,1.);
#9127 = DIRECTION('',(1.,0.));
#9128 = ( GEOMETRIC_REPRESENTATION_CONTEXT(2) 
PARAMETRIC_REPRESENTATION_CONTEXT() REPRESENTATION_CONTEXT('2D SPACE',''
  ) );
#9129 = PCURVE('',#9130,#9135);
#9130 = PLANE('',#9131);
#9131 = AXIS2_PLACEMENT_3D('',#9132,#9133,#9134);
#9132 = CARTESIAN_POINT('',(20.5,17.5,42.));
#9133 = DIRECTION('',(-0.,1.,0.));
#9134 = DIRECTION('',(0.,0.,1.));
#9135 = DEFINITIONAL_REPRESENTATION('',(#9136),#9140);
#9136 = LINE('',#9137,#9138);
#9137 = CARTESIAN_POINT('',(0.,0.));
#9138 = VECTOR('',#9139,1.);
#9139 = DIRECTION('',(0.,1.));
#9140 = ( GEOMETRIC_REPRESENTATION_CONTEXT(2) 
PARAMETRIC_REPRESENTATION_CONTEXT() REPRESENTATION_CONTEXT('2D SPACE',''
  ) );
#9141 = ADVANCED_FACE('',(#9142),#9048,.F.);
#9142 = FACE_BOUND('',#9143,.F.);
#9143 = EDGE_LOOP('',(#9144,#9167,#9168,#9191));
#9144 = ORIENTED_EDGE('',*,*,#9145,.F.);
#9145 = EDGE_CURVE('',#9031,#9146,#9148,.T.);
#9146 = VERTEX_POINT('',#9147);
#9147 = CARTESIAN_POINT('',(20.5,17.5,58.));
#9148 = SURFACE_CURVE('',#9149,(#9153,#9160),.PCURVE_S1.);
#9149 = LINE('',#9150,#9151);
#9150 = CARTESIAN_POINT('',(20.5,17.5,42.));
#9151 = VECTOR('',#9152,1.);
#9152 = DIRECTION('',(0.,0.,1.));
#9153 = PCURVE('',#9048,#9154);
#9154 = DEFINITIONAL_REPRESENTATION('',(#9155),#9159);
#9155 = LINE('',#9156,#9157);
#9156 = CARTESIAN_POINT('',(0.,0.));
#9157 = VECTOR('',#9158,1.);
#9158 = DIRECTION('',(1.,0.));
#9159 = ( GEOMETRIC_REPRESENTATION_CONTEXT(2) 
PARAMETRIC_REPRESENTATION_CONTEXT() REPRESENTATION_CONTEXT('2D SPACE',''
  ) );
#9160 = PCURVE('',#9130,#9161);
#9161 = DEFINITIONAL_REPRESENTATION('',(#9162),#9166);
#9162 = LINE('',#9163,#9164);
#9163 = CARTESIAN_POINT('',(0.,0.));
#9164 = VECTOR('',#9165,1.);
#9165 = DIRECTION('',(1.,0.));
#9166 = ( GEOMETRIC_REPRESENTATION_CONTEXT(2) 
PARAMETRIC_REPRESENTATION_CONTEXT() REPRESENTATION_CONTEXT('2D SPACE',''
  ) );
#9167 = ORIENTED_EDGE('',*,*,#9030,.T.);
#9168 = ORIENTED_EDGE('',*,*,#9169,.T.);
#9169 = EDGE_CURVE('',#9033,#9170,#9172,.T.);
#9170 = VERTEX_POINT('',#9171);
#9171 = CARTESIAN_POINT('',(20.5,24.5,58.));
#9172 = SURFACE_CURVE('',#9173,(#9177,#9184),.PCURVE_S1.);
#9173 = LINE('',#9174,#9175);
#9174 = CARTESIAN_POINT('',(20.5,24.5,42.));
#9175 = VECTOR('',#9176,1.);
#9176 = DIRECTION('',(0.,0.,1.));
#9177 = PCURVE('',#9048,#9178);
#9178 = DEFINITIONAL_REPRESENTATION('',(#9179),#9183);
#9179 = LINE('',#9180,#9181);
#9180 = CARTESIAN_POINT('',(0.,-7.));
#9181 = VECTOR('',#9182,1.);
#9182 = DIRECTION('',(1.,0.));
#9183 = ( GEOMETRIC_REPRESENTATION_CONTEXT(2) 
PARAMETRIC_REPRESENTATION_CONTEXT() REPRESENTATION_CONTEXT('2D SPACE',''
  ) );
#9184 = PCURVE('',#9076,#9185);
#9185 = DEFINITIONAL_REPRESENTATION('',(#9186),#9190);
#9186 = LINE('',#9187,#9188);
#9187 = CARTESIAN_POINT('',(0.,0.));
#9188 = VECTOR('',#9189,1.);
#9189 = DIRECTION('',(1.,0.));
#9190 = ( GEOMETRIC_REPRESENTATION_CONTEXT(2) 
PARAMETRIC_REPRESENTATION_CONTEXT() REPRESENTATION_CONTEXT('2D SPACE',''
  ) );
#9191 = ORIENTED_EDGE('',*,*,#9192,.F.);
#9192 = EDGE_CURVE('',#9146,#9170,#9193,.T.);
#9193 = SURFACE_CURVE('',#9194,(#9198,#9205),.PCURVE_S1.);
#9194 = LINE('',#9195,#9196);
#9195 = CARTESIAN_POINT('',(20.5,17.5,58.));
#9196 = VECTOR('',#9197,1.);
#9197 = DIRECTION('',(-0.,1.,0.));
#9198 = PCURVE('',#9048,#9199);
#9199 = DEFINITIONAL_REPRESENTATION('',(#9200),#9204);
#9200 = LINE('',#9201,#9202);
#9201 = CARTESIAN_POINT('',(16.,0.));
#9202 = VECTOR('',#9203,1.);
#9203 = DIRECTION('',(0.,-1.));
#9204 = ( GEOMETRIC_REPRESENTATION_CONTEXT(2) 
PARAMETRIC_REPRESENTATION_CONTEXT() REPRESENTATION_CONTEXT('2D SPACE',''
  ) );
#9205 = PCURVE('',#9206,#9211);
#9206 = PLANE('',#9207);
#9207 = AXIS2_PLACEMENT_3D('',#9208,#9209,#9210);
#9208 = CARTESIAN_POINT('',(20.5,17.5,58.));
#9209 = DIRECTION('',(0.,0.,1.));
#9210 = DIRECTION('',(1.,0.,-0.));
#9211 = DEFINITIONAL_REPRESENTATION('',(#9212),#9216);
#9212 = LINE('',#9213,#9214);
#9213 = CARTESIAN_POINT('',(0.,0.));
#9214 = VECTOR('',#9215,1.);
#9215 = DIRECTION('',(0.,1.));
#9216 = ( GEOMETRIC_REPRESENTATION_CONTEXT(2) 
PARAMETRIC_REPRESENTATION_CONTEXT() REPRESENTATION_CONTEXT('2D SPACE',''
  ) );
#9217 = ADVANCED_FACE('',(#9218),#9076,.T.);
#9218 = FACE_BOUND('',#9219,.T.);
#9219 = EDGE_LOOP('',(#9220,#9221,#9222,#9245));
#9220 = ORIENTED_EDGE('',*,*,#9060,.F.);
#9221 = ORIENTED_EDGE('',*,*,#9169,.T.);
#9222 = ORIENTED_EDGE('',*,*,#9223,.T.);
#9223 = EDGE_CURVE('',#9170,#9224,#9226,.T.);
#9224 = VERTEX_POINT('',#9225);
#9225 = CARTESIAN_POINT('',(27.5,24.5,58.));
#9226 = SURFACE_CURVE('',#9227,(#9231,#9238),.PCURVE_S1.);
#9227 = LINE('',#9228,#9229);
#9228 = CARTESIAN_POINT('',(20.5,24.5,58.));
#9229 = VECTOR('',#9230,1.);
#9230 = DIRECTION('',(1.,0.,-0.));
#9231 = PCURVE('',#9076,#9232);
#9232 = DEFINITIONAL_REPRESENTATION('',(#9233),#9237);
#9233 = LINE('',#9234,#9235);
#9234 = CARTESIAN_POINT('',(16.,0.));
#9235 = VECTOR('',#9236,1.);
#9236 = DIRECTION('',(0.,1.));
#9237 = ( GEOMETRIC_REPRESENTATION_CONTEXT(2) 
PARAMETRIC_REPRESENTATION_CONTEXT() REPRESENTATION_CONTEXT('2D SPACE',''
  ) );
#9238 = PCURVE('',#9206,#9239);
#9239 = DEFINITIONAL_REPRESENTATION('',(#9240),#9244);
#9240 = LINE('',#9241,#9242);
#9241 = CARTESIAN_POINT('',(0.,7.));
#9242 = VECTOR('',#9243,1.);
#9243 = DIRECTION('',(1.,0.));
#9244 = ( GEOMETRIC_REPRESENTATION_CONTEXT(2) 
PARAMETRIC_REPRESENTATION_CONTEXT() REPRESENTATION_CONTEXT('2D SPACE',''
  ) );
#9245 = ORIENTED_EDGE('',*,*,#9246,.F.);
#9246 = EDGE_CURVE('',#9061,#9224,#9247,.T.);
#9247 = SURFACE_CURVE('',#9248,(#9252,#9259),.PCURVE_S1.);
#9248 = LINE('',#9249,#9250);
#9249 = CARTESIAN_POINT('',(27.5,24.5,42.));
#9250 = VECTOR('',#9251,1.);
#9251 = DIRECTION('',(0.,0.,1.));
#9252 = PCURVE('',#9076,#9253);
#9253 = DEFINITIONAL_REPRESENTATION('',(#9254),#9258);
#9254 = LINE('',#9255,#9256);
#9255 = CARTESIAN_POINT('',(0.,7.));
#9256 = VECTOR('',#9257,1.);
#9257 = DIRECTION('',(1.,0.));
#9258 = ( GEOMETRIC_REPRESENTATION_CONTEXT(2) 
PARAMETRIC_REPRESENTATION_CONTEXT() REPRESENTATION_CONTEXT('2D SPACE',''
  ) );
#9259 = PCURVE('',#9104,#9260);
#9260 = DEFINITIONAL_REPRESENTATION('',(#9261),#9265);
#9261 = LINE('',#9262,#9263);
#9262 = CARTESIAN_POINT('',(0.,-7.));
#9263 = VECTOR('',#9264,1.);
#9264 = DIRECTION('',(1.,0.));
#9265 = ( GEOMETRIC_REPRESENTATION_CONTEXT(2) 
PARAMETRIC_REPRESENTATION_CONTEXT() REPRESENTATION_CONTEXT('2D SPACE',''
  ) );
#9266 = ADVANCED_FACE('',(#9267),#9130,.F.);
#9267 = FACE_BOUND('',#9268,.F.);
#9268 = EDGE_LOOP('',(#9269,#9270,#9271,#9294));
#9269 = ORIENTED_EDGE('',*,*,#9116,.F.);
#9270 = ORIENTED_EDGE('',*,*,#9145,.T.);
#9271 = ORIENTED_EDGE('',*,*,#9272,.T.);
#9272 = EDGE_CURVE('',#9146,#9273,#9275,.T.);
#9273 = VERTEX_POINT('',#9274);
#9274 = CARTESIAN_POINT('',(27.5,17.5,58.));
#9275 = SURFACE_CURVE('',#9276,(#9280,#9287),.PCURVE_S1.);
#9276 = LINE('',#9277,#9278);
#9277 = CARTESIAN_POINT('',(20.5,17.5,58.));
#9278 = VECTOR('',#9279,1.);
#9279 = DIRECTION('',(1.,0.,-0.));
#9280 = PCURVE('',#9130,#9281);
#9281 = DEFINITIONAL_REPRESENTATION('',(#9282),#9286);
#9282 = LINE('',#9283,#9284);
#9283 = CARTESIAN_POINT('',(16.,0.));
#9284 = VECTOR('',#9285,1.);
#9285 = DIRECTION('',(0.,1.));
#9286 = ( GEOMETRIC_REPRESENTATION_CONTEXT(2) 
PARAMETRIC_REPRESENTATION_CONTEXT() REPRESENTATION_CONTEXT('2D SPACE',''
  ) );
#9287 = PCURVE('',#9206,#9288);
#9288 = DEFINITIONAL_REPRESENTATION('',(#9289),#9293);
#9289 = LINE('',#9290,#9291);
#9290 = CARTESIAN_POINT('',(0.,0.));
#9291 = VECTOR('',#9292,1.);
#9292 = DIRECTION('',(1.,0.));
#9293 = ( GEOMETRIC_REPRESENTATION_CONTEXT(2) 
PARAMETRIC_REPRESENTATION_CONTEXT() REPRESENTATION_CONTEXT('2D SPACE',''
  ) );
#9294 = ORIENTED_EDGE('',*,*,#9295,.F.);
#9295 = EDGE_CURVE('',#9089,#9273,#9296,.T.);
#9296 = SURFACE_CURVE('',#9297,(#9301,#9308),.PCURVE_S1.);
#9297 = LINE('',#9298,#9299);
#9298 = CARTESIAN_POINT('',(27.5,17.5,42.));
#9299 = VECTOR('',#9300,1.);
#9300 = DIRECTION('',(0.,0.,1.));
#9301 = PCURVE('',#9130,#9302);
#9302 = DEFINITIONAL_REPRESENTATION('',(#9303),#9307);
#9303 = LINE('',#9304,#9305);
#9304 = CARTESIAN_POINT('',(0.,7.));
#9305 = VECTOR('',#9306,1.);
#9306 = DIRECTION('',(1.,0.));
#9307 = ( GEOMETRIC_REPRESENTATION_CONTEXT(2) 
PARAMETRIC_REPRESENTATION_CONTEXT() REPRESENTATION_CONTEXT('2D SPACE',''
  ) );
#9308 = PCURVE('',#9104,#9309);
#9309 = DEFINITIONAL_REPRESENTATION('',(#9310),#9314);
#9310 = LINE('',#9311,#9312);
#9311 = CARTESIAN_POINT('',(0.,0.));
#9312 = VECTOR('',#9313,1.);
#9313 = DIRECTION('',(1.,0.));
#9314 = ( GEOMETRIC_REPRESENTATION_CONTEXT(2) 
PARAMETRIC_REPRESENTATION_CONTEXT() REPRESENTATION_CONTEXT('2D SPACE',''
  ) );
#9315 = ADVANCED_FACE('',(#9316),#9104,.T.);
#9316 = FACE_BOUND('',#9317,.T.);
#9317 = EDGE_LOOP('',(#9318,#9319,#9320,#9321));
#9318 = ORIENTED_EDGE('',*,*,#9295,.F.);
#9319 = ORIENTED_EDGE('',*,*,#9088,.T.);
#9320 = ORIENTED_EDGE('',*,*,#9246,.T.);
#9321 = ORIENTED_EDGE('',*,*,#9322,.F.);
#9322 = EDGE_CURVE('',#9273,#9224,#9323,.T.);
#9323 = SURFACE_CURVE('',#9324,(#9328,#9335),.PCURVE_S1.);
#9324 = LINE('',#9325,#9326);
#9325 = CARTESIAN_POINT('',(27.5,17.5,58.));
#9326 = VECTOR('',#9327,1.);
#9327 = DIRECTION('',(-0.,1.,0.));
#9328 = PCURVE('',#9104,#9329);
#9329 = DEFINITIONAL_REPRESENTATION('',(#9330),#9334);
#9330 = LINE('',#9331,#9332);
#9331 = CARTESIAN_POINT('',(16.,0.));
#9332 = VECTOR('',#9333,1.);
#9333 = DIRECTION('',(0.,-1.));
#9334 = ( GEOMETRIC_REPRESENTATION_CONTEXT(2) 
PARAMETRIC_REPRESENTATION_CONTEXT() REPRESENTATION_CONTEXT('2D SPACE',''
  ) );
#9335 = PCURVE('',#9206,#9336);
#9336 = DEFINITIONAL_REPRESENTATION('',(#9337),#9341);
#9337 = LINE('',#9338,#9339);
#9338 = CARTESIAN_POINT('',(7.,0.));
#9339 = VECTOR('',#9340,1.);
#9340 = DIRECTION('',(0.,1.));
#9341 = ( GEOMETRIC_REPRESENTATION_CONTEXT(2) 
PARAMETRIC_REPRESENTATION_CONTEXT() REPRESENTATION_CONTEXT('2D SPACE',''
  ) );
#9342 = ADVANCED_FACE('',(#9343),#9206,.T.);
#9343 = FACE_BOUND('',#9344,.T.);
#9344 = EDGE_LOOP('',(#9345,#9346,#9347,#9348));
#9345 = ORIENTED_EDGE('',*,*,#9192,.F.);
#9346 = ORIENTED_EDGE('',*,*,#9272,.T.);
#9347 = ORIENTED_EDGE('',*,*,#9322,.T.);
#9348 = ORIENTED_EDGE('',*,*,#9223,.F.);
#9349 = MANIFOLD_SOLID_BREP('',#9350);
#9350 = CLOSED_SHELL('',(#9351,#9439,#9443));
#9351 = ADVANCED_FACE('',(#9352),#9365,.T.);
#9352 = FACE_BOUND('',#9353,.T.);
#9353 = EDGE_LOOP('',(#9354,#9388,#9411,#9438));
#9354 = ORIENTED_EDGE('',*,*,#9355,.F.);
#9355 = EDGE_CURVE('',#9356,#9356,#9358,.T.);
#9356 = VERTEX_POINT('',#9357);
#9357 = CARTESIAN_POINT('',(-12.,3.,53.));
#9358 = SURFACE_CURVE('',#9359,(#9364,#9376),.PCURVE_S1.);
#9359 = CIRCLE('',#9360,3.);
#9360 = AXIS2_PLACEMENT_3D('',#9361,#9362,#9363);
#9361 = CARTESIAN_POINT('',(-15.,3.,53.));
#9362 = DIRECTION('',(0.,0.,1.));
#9363 = DIRECTION('',(1.,0.,-0.));
#9364 = PCURVE('',#9365,#9370);
#9365 = CYLINDRICAL_SURFACE('',#9366,3.);
#9366 = AXIS2_PLACEMENT_3D('',#9367,#9368,#9369);
#9367 = CARTESIAN_POINT('',(-15.,3.,42.));
#9368 = DIRECTION('',(0.,0.,1.));
#9369 = DIRECTION('',(1.,0.,-0.));
#9370 = DEFINITIONAL_REPRESENTATION('',(#9371),#9375);
#9371 = LINE('',#9372,#9373);
#9372 = CARTESIAN_POINT('',(0.,11.));
#9373 = VECTOR('',#9374,1.);
#9374 = DIRECTION('',(1.,0.));
#9375 = ( GEOMETRIC_REPRESENTATION_CONTEXT(2) 
PARAMETRIC_REPRESENTATION_CONTEXT() REPRESENTATION_CONTEXT('2D SPACE',''
  ) );
#9376 = PCURVE('',#9377,#9382);
#9377 = PLANE('',#9378);
#9378 = AXIS2_PLACEMENT_3D('',#9379,#9380,#9381);
#9379 = CARTESIAN_POINT('',(-15.,3.,53.));
#9380 = DIRECTION('',(0.,0.,1.));
#9381 = DIRECTION('',(1.,0.,-0.));
#9382 = DEFINITIONAL_REPRESENTATION('',(#9383),#9387);
#9383 = CIRCLE('',#9384,3.);
#9384 = AXIS2_PLACEMENT_2D('',#9385,#9386);
#9385 = CARTESIAN_POINT('',(0.,0.));
#9386 = DIRECTION('',(1.,0.));
#9387 = ( GEOMETRIC_REPRESENTATION_CONTEXT(2) 
PARAMETRIC_REPRESENTATION_CONTEXT() REPRESENTATION_CONTEXT('2D SPACE',''
  ) );
#9388 = ORIENTED_EDGE('',*,*,#9389,.F.);
#9389 = EDGE_CURVE('',#9390,#9356,#9392,.T.);
#9390 = VERTEX_POINT('',#9391);
#9391 = CARTESIAN_POINT('',(-12.,3.,42.));
#9392 = SEAM_CURVE('',#9393,(#9397,#9404),.PCURVE_S1.);
#9393 = LINE('',#9394,#9395);
#9394 = CARTESIAN_POINT('',(-12.,3.,42.));
#9395 = VECTOR('',#9396,1.);
#9396 = DIRECTION('',(0.,0.,1.));
#9397 = PCURVE('',#9365,#9398);
#9398 = DEFINITIONAL_REPRESENTATION('',(#9399),#9403);
#9399 = LINE('',#9400,#9401);
#9400 = CARTESIAN_POINT('',(6.28318530718,-0.));
#9401 = VECTOR('',#9402,1.);
#9402 = DIRECTION('',(0.,1.));
#9403 = ( GEOMETRIC_REPRESENTATION_CONTEXT(2) 
PARAMETRIC_REPRESENTATION_CONTEXT() REPRESENTATION_CONTEXT('2D SPACE',''
  ) );
#9404 = PCURVE('',#9365,#9405);
#9405 = DEFINITIONAL_REPRESENTATION('',(#9406),#9410);
#9406 = LINE('',#9407,#9408);
#9407 = CARTESIAN_POINT('',(0.,-0.));
#9408 = VECTOR('',#9409,1.);
#9409 = DIRECTION('',(0.,1.));
#9410 = ( GEOMETRIC_REPRESENTATION_CONTEXT(2) 
PARAMETRIC_REPRESENTATION_CONTEXT() REPRESENTATION_CONTEXT('2D SPACE',''
  ) );
#9411 = ORIENTED_EDGE('',*,*,#9412,.T.);
#9412 = EDGE_CURVE('',#9390,#9390,#9413,.T.);
#9413 = SURFACE_CURVE('',#9414,(#9419,#9426),.PCURVE_S1.);
#9414 = CIRCLE('',#9415,3.);
#9415 = AXIS2_PLACEMENT_3D('',#9416,#9417,#9418);
#9416 = CARTESIAN_POINT('',(-15.,3.,42.));
#9417 = DIRECTION('',(0.,0.,1.));
#9418 = DIRECTION('',(1.,0.,-0.));
#9419 = PCURVE('',#9365,#9420);
#9420 = DEFINITIONAL_REPRESENTATION('',(#9421),#9425);
#9421 = LINE('',#9422,#9423);
#9422 = CARTESIAN_POINT('',(0.,0.));
#9423 = VECTOR('',#9424,1.);
#9424 = DIRECTION('',(1.,0.));
#9425 = ( GEOMETRIC_REPRESENTATION_CONTEXT(2) 
PARAMETRIC_REPRESENTATION_CONTEXT() REPRESENTATION_CONTEXT('2D SPACE',''
  ) );
#9426 = PCURVE('',#9427,#9432);
#9427 = PLANE('',#9428);
#9428 = AXIS2_PLACEMENT_3D('',#9429,#9430,#9431);
#9429 = CARTESIAN_POINT('',(-15.,3.,42.));
#9430 = DIRECTION('',(0.,0.,1.));
#9431 = DIRECTION('',(1.,0.,-0.));
#9432 = DEFINITIONAL_REPRESENTATION('',(#9433),#9437);
#9433 = CIRCLE('',#9434,3.);
#9434 = AXIS2_PLACEMENT_2D('',#9435,#9436);
#9435 = CARTESIAN_POINT('',(0.,0.));
#9436 = DIRECTION('',(1.,0.));
#9437 = ( GEOMETRIC_REPRESENTATION_CONTEXT(2) 
PARAMETRIC_REPRESENTATION_CONTEXT() REPRESENTATION_CONTEXT('2D SPACE',''
  ) );
#9438 = ORIENTED_EDGE('',*,*,#9389,.T.);
#9439 = ADVANCED_FACE('',(#9440),#9377,.T.);
#9440 = FACE_BOUND('',#9441,.T.);
#9441 = EDGE_LOOP('',(#9442));
#9442 = ORIENTED_EDGE('',*,*,#9355,.T.);
#9443 = ADVANCED_FACE('',(#9444),#9427,.F.);
#9444 = FACE_BOUND('',#9445,.T.);
#9445 = EDGE_LOOP('',(#9446));
#9446 = ORIENTED_EDGE('',*,*,#9412,.F.);
#9447 = MANIFOLD_SOLID_BREP('',#9448);
#9448 = CLOSED_SHELL('',(#9449,#9537,#9541));
#9449 = ADVANCED_FACE('',(#9450),#9463,.T.);
#9450 = FACE_BOUND('',#9451,.T.);
#9451 = EDGE_LOOP('',(#9452,#9486,#9509,#9536));
#9452 = ORIENTED_EDGE('',*,*,#9453,.F.);
#9453 = EDGE_CURVE('',#9454,#9454,#9456,.T.);
#9454 = VERTEX_POINT('',#9455);
#9455 = CARTESIAN_POINT('',(18.,3.,52.));
#9456 = SURFACE_CURVE('',#9457,(#9462,#9474),.PCURVE_S1.);
#9457 = CIRCLE('',#9458,3.);
#9458 = AXIS2_PLACEMENT_3D('',#9459,#9460,#9461);
#9459 = CARTESIAN_POINT('',(15.,3.,52.));
#9460 = DIRECTION('',(0.,0.,1.));
#9461 = DIRECTION('',(1.,0.,-0.));
#9462 = PCURVE('',#9463,#9468);
#9463 = CYLINDRICAL_SURFACE('',#9464,3.);
#9464 = AXIS2_PLACEMENT_3D('',#9465,#9466,#9467);
#9465 = CARTESIAN_POINT('',(15.,3.,42.));
#9466 = DIRECTION('',(0.,0.,1.));
#9467 = DIRECTION('',(1.,0.,-0.));
#9468 = DEFINITIONAL_REPRESENTATION('',(#9469),#9473);
#9469 = LINE('',#9470,#9471);
#9470 = CARTESIAN_POINT('',(0.,10.));
#9471 = VECTOR('',#9472,1.);
#9472 = DIRECTION('',(1.,0.));
#9473 = ( GEOMETRIC_REPRESENTATION_CONTEXT(2) 
PARAMETRIC_REPRESENTATION_CONTEXT() REPRESENTATION_CONTEXT('2D SPACE',''
  ) );
#9474 = PCURVE('',#9475,#9480);
#9475 = PLANE('',#9476);
#9476 = AXIS2_PLACEMENT_3D('',#9477,#9478,#9479);
#9477 = CARTESIAN_POINT('',(15.,3.,52.));
#9478 = DIRECTION('',(0.,0.,1.));
#9479 = DIRECTION('',(1.,0.,-0.));
#9480 = DEFINITIONAL_REPRESENTATION('',(#9481),#9485);
#9481 = CIRCLE('',#9482,3.);
#9482 = AXIS2_PLACEMENT_2D('',#9483,#9484);
#9483 = CARTESIAN_POINT('',(0.,0.));
#9484 = DIRECTION('',(1.,0.));
#9485 = ( GEOMETRIC_REPRESENTATION_CONTEXT(2) 
PARAMETRIC_REPRESENTATION_CONTEXT() REPRESENTATION_CONTEXT('2D SPACE',''
  ) );
#9486 = ORIENTED_EDGE('',*,*,#9487,.F.);
#9487 = EDGE_CURVE('',#9488,#9454,#9490,.T.);
#9488 = VERTEX_POINT('',#9489);
#9489 = CARTESIAN_POINT('',(18.,3.,42.));
#9490 = SEAM_CURVE('',#9491,(#9495,#9502),.PCURVE_S1.);
#9491 = LINE('',#9492,#9493);
#9492 = CARTESIAN_POINT('',(18.,3.,42.));
#9493 = VECTOR('',#9494,1.);
#9494 = DIRECTION('',(0.,0.,1.));
#9495 = PCURVE('',#9463,#9496);
#9496 = DEFINITIONAL_REPRESENTATION('',(#9497),#9501);
#9497 = LINE('',#9498,#9499);
#9498 = CARTESIAN_POINT('',(6.28318530718,-0.));
#9499 = VECTOR('',#9500,1.);
#9500 = DIRECTION('',(0.,1.));
#9501 = ( GEOMETRIC_REPRESENTATION_CONTEXT(2) 
PARAMETRIC_REPRESENTATION_CONTEXT() REPRESENTATION_CONTEXT('2D SPACE',''
  ) );
#9502 = PCURVE('',#9463,#9503);
#9503 = DEFINITIONAL_REPRESENTATION('',(#9504),#9508);
#9504 = LINE('',#9505,#9506);
#9505 = CARTESIAN_POINT('',(0.,-0.));
#9506 = VECTOR('',#9507,1.);
#9507 = DIRECTION('',(0.,1.));
#9508 = ( GEOMETRIC_REPRESENTATION_CONTEXT(2) 
PARAMETRIC_REPRESENTATION_CONTEXT() REPRESENTATION_CONTEXT('2D SPACE',''
  ) );
#9509 = ORIENTED_EDGE('',*,*,#9510,.T.);
#9510 = EDGE_CURVE('',#9488,#9488,#9511,.T.);
#9511 = SURFACE_CURVE('',#9512,(#9517,#9524),.PCURVE_S1.);
#9512 = CIRCLE('',#9513,3.);
#9513 = AXIS2_PLACEMENT_3D('',#9514,#9515,#9516);
#9514 = CARTESIAN_POINT('',(15.,3.,42.));
#9515 = DIRECTION('',(0.,0.,1.));
#9516 = DIRECTION('',(1.,0.,-0.));
#9517 = PCURVE('',#9463,#9518);
#9518 = DEFINITIONAL_REPRESENTATION('',(#9519),#9523);
#9519 = LINE('',#9520,#9521);
#9520 = CARTESIAN_POINT('',(0.,0.));
#9521 = VECTOR('',#9522,1.);
#9522 = DIRECTION('',(1.,0.));
#9523 = ( GEOMETRIC_REPRESENTATION_CONTEXT(2) 
PARAMETRIC_REPRESENTATION_CONTEXT() REPRESENTATION_CONTEXT('2D SPACE',''
  ) );
#9524 = PCURVE('',#9525,#9530);
#9525 = PLANE('',#9526);
#9526 = AXIS2_PLACEMENT_3D('',#9527,#9528,#9529);
#9527 = CARTESIAN_POINT('',(15.,3.,42.));
#9528 = DIRECTION('',(0.,0.,1.));
#9529 = DIRECTION('',(1.,0.,-0.));
#9530 = DEFINITIONAL_REPRESENTATION('',(#9531),#9535);
#9531 = CIRCLE('',#9532,3.);
#9532 = AXIS2_PLACEMENT_2D('',#9533,#9534);
#9533 = CARTESIAN_POINT('',(0.,0.));
#9534 = DIRECTION('',(1.,0.));
#9535 = ( GEOMETRIC_REPRESENTATION_CONTEXT(2) 
PARAMETRIC_REPRESENTATION_CONTEXT() REPRESENTATION_CONTEXT('2D SPACE',''
  ) );
#9536 = ORIENTED_EDGE('',*,*,#9487,.T.);
#9537 = ADVANCED_FACE('',(#9538),#9475,.T.);
#9538 = FACE_BOUND('',#9539,.T.);
#9539 = EDGE_LOOP('',(#9540));
#9540 = ORIENTED_EDGE('',*,*,#9453,.T.);
#9541 = ADVANCED_FACE('',(#9542),#9525,.F.);
#9542 = FACE_BOUND('',#9543,.T.);
#9543 = EDGE_LOOP('',(#9544));
#9544 = ORIENTED_EDGE('',*,*,#9510,.F.);
#9545 = MANIFOLD_SOLID_BREP('',#9546);
#9546 = CLOSED_SHELL('',(#9547,#9635,#9639));
#9547 = ADVANCED_FACE('',(#9548),#9561,.T.);
#9548 = FACE_BOUND('',#9549,.T.);
#9549 = EDGE_LOOP('',(#9550,#9584,#9607,#9634));
#9550 = ORIENTED_EDGE('',*,*,#9551,.F.);
#9551 = EDGE_CURVE('',#9552,#9552,#9554,.T.);
#9552 = VERTEX_POINT('',#9553);
#9553 = CARTESIAN_POINT('',(-16.5,17.,50.));
#9554 = SURFACE_CURVE('',#9555,(#9560,#9572),.PCURVE_S1.);
#9555 = CIRCLE('',#9556,1.);
#9556 = AXIS2_PLACEMENT_3D('',#9557,#9558,#9559);
#9557 = CARTESIAN_POINT('',(-17.5,17.,50.));
#9558 = DIRECTION('',(0.,0.,1.));
#9559 = DIRECTION('',(1.,0.,-0.));
#9560 = PCURVE('',#9561,#9566);
#9561 = CYLINDRICAL_SURFACE('',#9562,1.);
#9562 = AXIS2_PLACEMENT_3D('',#9563,#9564,#9565);
#9563 = CARTESIAN_POINT('',(-17.5,17.,42.));
#9564 = DIRECTION('',(0.,0.,1.));
#9565 = DIRECTION('',(1.,0.,-0.));
#9566 = DEFINITIONAL_REPRESENTATION('',(#9567),#9571);
#9567 = LINE('',#9568,#9569);
#9568 = CARTESIAN_POINT('',(0.,8.));
#9569 = VECTOR('',#9570,1.);
#9570 = DIRECTION('',(1.,0.));
#9571 = ( GEOMETRIC_REPRESENTATION_CONTEXT(2) 
PARAMETRIC_REPRESENTATION_CONTEXT() REPRESENTATION_CONTEXT('2D SPACE',''
  ) );
#9572 = PCURVE('',#9573,#9578);
#9573 = PLANE('',#9574);
#9574 = AXIS2_PLACEMENT_3D('',#9575,#9576,#9577);
#9575 = CARTESIAN_POINT('',(-17.5,17.,50.));
#9576 = DIRECTION('',(0.,0.,1.));
#9577 = DIRECTION('',(1.,0.,-0.));
#9578 = DEFINITIONAL_REPRESENTATION('',(#9579),#9583);
#9579 = CIRCLE('',#9580,1.);
#9580 = AXIS2_PLACEMENT_2D('',#9581,#9582);
#9581 = CARTESIAN_POINT('',(0.,0.));
#9582 = DIRECTION('',(1.,0.));
#9583 = ( GEOMETRIC_REPRESENTATION_CONTEXT(2) 
PARAMETRIC_REPRESENTATION_CONTEXT() REPRESENTATION_CONTEXT('2D SPACE',''
  ) );
#9584 = ORIENTED_EDGE('',*,*,#9585,.F.);
#9585 = EDGE_CURVE('',#9586,#9552,#9588,.T.);
#9586 = VERTEX_POINT('',#9587);
#9587 = CARTESIAN_POINT('',(-16.5,17.,42.));
#9588 = SEAM_CURVE('',#9589,(#9593,#9600),.PCURVE_S1.);
#9589 = LINE('',#9590,#9591);
#9590 = CARTESIAN_POINT('',(-16.5,17.,42.));
#9591 = VECTOR('',#9592,1.);
#9592 = DIRECTION('',(0.,0.,1.));
#9593 = PCURVE('',#9561,#9594);
#9594 = DEFINITIONAL_REPRESENTATION('',(#9595),#9599);
#9595 = LINE('',#9596,#9597);
#9596 = CARTESIAN_POINT('',(6.28318530718,-0.));
#9597 = VECTOR('',#9598,1.);
#9598 = DIRECTION('',(0.,1.));
#9599 = ( GEOMETRIC_REPRESENTATION_CONTEXT(2) 
PARAMETRIC_REPRESENTATION_CONTEXT() REPRESENTATION_CONTEXT('2D SPACE',''
  ) );
#9600 = PCURVE('',#9561,#9601);
#9601 = DEFINITIONAL_REPRESENTATION('',(#9602),#9606);
#9602 = LINE('',#9603,#9604);
#9603 = CARTESIAN_POINT('',(0.,-0.));
#9604 = VECTOR('',#9605,1.);
#9605 = DIRECTION('',(0.,1.));
#9606 = ( GEOMETRIC_REPRESENTATION_CONTEXT(2) 
PARAMETRIC_REPRESENTATION_CONTEXT() REPRESENTATION_CONTEXT('2D SPACE',''
  ) );
#9607 = ORIENTED_EDGE('',*,*,#9608,.T.);
#9608 = EDGE_CURVE('',#9586,#9586,#9609,.T.);
#9609 = SURFACE_CURVE('',#9610,(#9615,#9622),.PCURVE_S1.);
#9610 = CIRCLE('',#9611,1.);
#9611 = AXIS2_PLACEMENT_3D('',#9612,#9613,#9614);
#9612 = CARTESIAN_POINT('',(-17.5,17.,42.));
#9613 = DIRECTION('',(0.,0.,1.));
#9614 = DIRECTION('',(1.,0.,-0.));
#9615 = PCURVE('',#9561,#9616);
#9616 = DEFINITIONAL_REPRESENTATION('',(#9617),#9621);
#9617 = LINE('',#9618,#9619);
#9618 = CARTESIAN_POINT('',(0.,0.));
#9619 = VECTOR('',#9620,1.);
#9620 = DIRECTION('',(1.,0.));
#9621 = ( GEOMETRIC_REPRESENTATION_CONTEXT(2) 
PARAMETRIC_REPRESENTATION_CONTEXT() REPRESENTATION_CONTEXT('2D SPACE',''
  ) );
#9622 = PCURVE('',#9623,#9628);
#9623 = PLANE('',#9624);
#9624 = AXIS2_PLACEMENT_3D('',#9625,#9626,#9627);
#9625 = CARTESIAN_POINT('',(-17.5,17.,42.));
#9626 = DIRECTION('',(0.,0.,1.));
#9627 = DIRECTION('',(1.,0.,-0.));
#9628 = DEFINITIONAL_REPRESENTATION('',(#9629),#9633);
#9629 = CIRCLE('',#9630,1.);
#9630 = AXIS2_PLACEMENT_2D('',#9631,#9632);
#9631 = CARTESIAN_POINT('',(0.,0.));
#9632 = DIRECTION('',(1.,0.));
#9633 = ( GEOMETRIC_REPRESENTATION_CONTEXT(2) 
PARAMETRIC_REPRESENTATION_CONTEXT() REPRESENTATION_CONTEXT('2D SPACE',''
  ) );
#9634 = ORIENTED_EDGE('',*,*,#9585,.T.);
#9635 = ADVANCED_FACE('',(#9636),#9573,.T.);
#9636 = FACE_BOUND('',#9637,.T.);
#9637 = EDGE_LOOP('',(#9638));
#9638 = ORIENTED_EDGE('',*,*,#9551,.T.);
#9639 = ADVANCED_FACE('',(#9640),#9623,.F.);
#9640 = FACE_BOUND('',#9641,.T.);
#9641 = EDGE_LOOP('',(#9642));
#9642 = ORIENTED_EDGE('',*,*,#9608,.F.);
#9643 = MANIFOLD_SOLID_BREP('',#9644);
#9644 = CLOSED_SHELL('',(#9645,#9733,#9737));
#9645 = ADVANCED_FACE('',(#9646),#9659,.T.);
#9646 = FACE_BOUND('',#9647,.T.);
#9647 = EDGE_LOOP('',(#9648,#9682,#9705,#9732));
#9648 = ORIENTED_EDGE('',*,*,#9649,.F.);
#9649 = EDGE_CURVE('',#9650,#9650,#9652,.T.);
#9650 = VERTEX_POINT('',#9651);
#9651 = CARTESIAN_POINT('',(-9.5,17.,50.));
#9652 = SURFACE_CURVE('',#9653,(#9658,#9670),.PCURVE_S1.);
#9653 = CIRCLE('',#9654,1.);
#9654 = AXIS2_PLACEMENT_3D('',#9655,#9656,#9657);
#9655 = CARTESIAN_POINT('',(-10.5,17.,50.));
#9656 = DIRECTION('',(0.,0.,1.));
#9657 = DIRECTION('',(1.,0.,-0.));
#9658 = PCURVE('',#9659,#9664);
#9659 = CYLINDRICAL_SURFACE('',#9660,1.);
#9660 = AXIS2_PLACEMENT_3D('',#9661,#9662,#9663);
#9661 = CARTESIAN_POINT('',(-10.5,17.,42.));
#9662 = DIRECTION('',(0.,0.,1.));
#9663 = DIRECTION('',(1.,0.,-0.));
#9664 = DEFINITIONAL_REPRESENTATION('',(#9665),#9669);
#9665 = LINE('',#9666,#9667);
#9666 = CARTESIAN_POINT('',(0.,8.));
#9667 = VECTOR('',#9668,1.);
#9668 = DIRECTION('',(1.,0.));
#9669 = ( GEOMETRIC_REPRESENTATION_CONTEXT(2) 
PARAMETRIC_REPRESENTATION_CONTEXT() REPRESENTATION_CONTEXT('2D SPACE',''
  ) );
#9670 = PCURVE('',#9671,#9676);
#9671 = PLANE('',#9672);
#9672 = AXIS2_PLACEMENT_3D('',#9673,#9674,#9675);
#9673 = CARTESIAN_POINT('',(-10.5,17.,50.));
#9674 = DIRECTION('',(0.,0.,1.));
#9675 = DIRECTION('',(1.,0.,-0.));
#9676 = DEFINITIONAL_REPRESENTATION('',(#9677),#9681);
#9677 = CIRCLE('',#9678,1.);
#9678 = AXIS2_PLACEMENT_2D('',#9679,#9680);
#9679 = CARTESIAN_POINT('',(0.,0.));
#9680 = DIRECTION('',(1.,0.));
#9681 = ( GEOMETRIC_REPRESENTATION_CONTEXT(2) 
PARAMETRIC_REPRESENTATION_CONTEXT() REPRESENTATION_CONTEXT('2D SPACE',''
  ) );
#9682 = ORIENTED_EDGE('',*,*,#9683,.F.);
#9683 = EDGE_CURVE('',#9684,#9650,#9686,.T.);
#9684 = VERTEX_POINT('',#9685);
#9685 = CARTESIAN_POINT('',(-9.5,17.,42.));
#9686 = SEAM_CURVE('',#9687,(#9691,#9698),.PCURVE_S1.);
#9687 = LINE('',#9688,#9689);
#9688 = CARTESIAN_POINT('',(-9.5,17.,42.));
#9689 = VECTOR('',#9690,1.);
#9690 = DIRECTION('',(0.,0.,1.));
#9691 = PCURVE('',#9659,#9692);
#9692 = DEFINITIONAL_REPRESENTATION('',(#9693),#9697);
#9693 = LINE('',#9694,#9695);
#9694 = CARTESIAN_POINT('',(6.28318530718,-0.));
#9695 = VECTOR('',#9696,1.);
#9696 = DIRECTION('',(0.,1.));
#9697 = ( GEOMETRIC_REPRESENTATION_CONTEXT(2) 
PARAMETRIC_REPRESENTATION_CONTEXT() REPRESENTATION_CONTEXT('2D SPACE',''
  ) );
#9698 = PCURVE('',#9659,#9699);
#9699 = DEFINITIONAL_REPRESENTATION('',(#9700),#9704);
#9700 = LINE('',#9701,#9702);
#9701 = CARTESIAN_POINT('',(0.,-0.));
#9702 = VECTOR('',#9703,1.);
#9703 = DIRECTION('',(0.,1.));
#9704 = ( GEOMETRIC_REPRESENTATION_CONTEXT(2) 
PARAMETRIC_REPRESENTATION_CONTEXT() REPRESENTATION_CONTEXT('2D SPACE',''
  ) );
#9705 = ORIENTED_EDGE('',*,*,#9706,.T.);
#9706 = EDGE_CURVE('',#9684,#9684,#9707,.T.);
#9707 = SURFACE_CURVE('',#9708,(#9713,#9720),.PCURVE_S1.);
#9708 = CIRCLE('',#9709,1.);
#9709 = AXIS2_PLACEMENT_3D('',#9710,#9711,#9712);
#9710 = CARTESIAN_POINT('',(-10.5,17.,42.));
#9711 = DIRECTION('',(0.,0.,1.));
#9712 = DIRECTION('',(1.,0.,-0.));
#9713 = PCURVE('',#9659,#9714);
#9714 = DEFINITIONAL_REPRESENTATION('',(#9715),#9719);
#9715 = LINE('',#9716,#9717);
#9716 = CARTESIAN_POINT('',(0.,0.));
#9717 = VECTOR('',#9718,1.);
#9718 = DIRECTION('',(1.,0.));
#9719 = ( GEOMETRIC_REPRESENTATION_CONTEXT(2) 
PARAMETRIC_REPRESENTATION_CONTEXT() REPRESENTATION_CONTEXT('2D SPACE',''
  ) );
#9720 = PCURVE('',#9721,#9726);
#9721 = PLANE('',#9722);
#9722 = AXIS2_PLACEMENT_3D('',#9723,#9724,#9725);
#9723 = CARTESIAN_POINT('',(-10.5,17.,42.));
#9724 = DIRECTION('',(0.,0.,1.));
#9725 = DIRECTION('',(1.,0.,-0.));
#9726 = DEFINITIONAL_REPRESENTATION('',(#9727),#9731);
#9727 = CIRCLE('',#9728,1.);
#9728 = AXIS2_PLACEMENT_2D('',#9729,#9730);
#9729 = CARTESIAN_POINT('',(0.,0.));
#9730 = DIRECTION('',(1.,0.));
#9731 = ( GEOMETRIC_REPRESENTATION_CONTEXT(2) 
PARAMETRIC_REPRESENTATION_CONTEXT() REPRESENTATION_CONTEXT('2D SPACE',''
  ) );
#9732 = ORIENTED_EDGE('',*,*,#9683,.T.);
#9733 = ADVANCED_FACE('',(#9734),#9671,.T.);
#9734 = FACE_BOUND('',#9735,.T.);
#9735 = EDGE_LOOP('',(#9736));
#9736 = ORIENTED_EDGE('',*,*,#9649,.T.);
#9737 = ADVANCED_FACE('',(#9738),#9721,.F.);
#9738 = FACE_BOUND('',#9739,.T.);
#9739 = EDGE_LOOP('',(#9740));
#9740 = ORIENTED_EDGE('',*,*,#9706,.F.);
#9741 = MANIFOLD_SOLID_BREP('',#9742);
#9742 = CLOSED_SHELL('',(#9743,#9831,#9835));
#9743 = ADVANCED_FACE('',(#9744),#9757,.T.);
#9744 = FACE_BOUND('',#9745,.T.);
#9745 = EDGE_LOOP('',(#9746,#9780,#9803,#9830));
#9746 = ORIENTED_EDGE('',*,*,#9747,.F.);
#9747 = EDGE_CURVE('',#9748,#9748,#9750,.T.);
#9748 = VERTEX_POINT('',#9749);
#9749 = CARTESIAN_POINT('',(-2.5,17.,50.));
#9750 = SURFACE_CURVE('',#9751,(#9756,#9768),.PCURVE_S1.);
#9751 = CIRCLE('',#9752,1.);
#9752 = AXIS2_PLACEMENT_3D('',#9753,#9754,#9755);
#9753 = CARTESIAN_POINT('',(-3.5,17.,50.));
#9754 = DIRECTION('',(0.,0.,1.));
#9755 = DIRECTION('',(1.,0.,-0.));
#9756 = PCURVE('',#9757,#9762);
#9757 = CYLINDRICAL_SURFACE('',#9758,1.);
#9758 = AXIS2_PLACEMENT_3D('',#9759,#9760,#9761);
#9759 = CARTESIAN_POINT('',(-3.5,17.,42.));
#9760 = DIRECTION('',(0.,0.,1.));
#9761 = DIRECTION('',(1.,0.,-0.));
#9762 = DEFINITIONAL_REPRESENTATION('',(#9763),#9767);
#9763 = LINE('',#9764,#9765);
#9764 = CARTESIAN_POINT('',(0.,8.));
#9765 = VECTOR('',#9766,1.);
#9766 = DIRECTION('',(1.,0.));
#9767 = ( GEOMETRIC_REPRESENTATION_CONTEXT(2) 
PARAMETRIC_REPRESENTATION_CONTEXT() REPRESENTATION_CONTEXT('2D SPACE',''
  ) );
#9768 = PCURVE('',#9769,#9774);
#9769 = PLANE('',#9770);
#9770 = AXIS2_PLACEMENT_3D('',#9771,#9772,#9773);
#9771 = CARTESIAN_POINT('',(-3.5,17.,50.));
#9772 = DIRECTION('',(0.,0.,1.));
#9773 = DIRECTION('',(1.,0.,-0.));
#9774 = DEFINITIONAL_REPRESENTATION('',(#9775),#9779);
#9775 = CIRCLE('',#9776,1.);
#9776 = AXIS2_PLACEMENT_2D('',#9777,#9778);
#9777 = CARTESIAN_POINT('',(0.,0.));
#9778 = DIRECTION('',(1.,0.));
#9779 = ( GEOMETRIC_REPRESENTATION_CONTEXT(2) 
PARAMETRIC_REPRESENTATION_CONTEXT() REPRESENTATION_CONTEXT('2D SPACE',''
  ) );
#9780 = ORIENTED_EDGE('',*,*,#9781,.F.);
#9781 = EDGE_CURVE('',#9782,#9748,#9784,.T.);
#9782 = VERTEX_POINT('',#9783);
#9783 = CARTESIAN_POINT('',(-2.5,17.,42.));
#9784 = SEAM_CURVE('',#9785,(#9789,#9796),.PCURVE_S1.);
#9785 = LINE('',#9786,#9787);
#9786 = CARTESIAN_POINT('',(-2.5,17.,42.));
#9787 = VECTOR('',#9788,1.);
#9788 = DIRECTION('',(0.,0.,1.));
#9789 = PCURVE('',#9757,#9790);
#9790 = DEFINITIONAL_REPRESENTATION('',(#9791),#9795);
#9791 = LINE('',#9792,#9793);
#9792 = CARTESIAN_POINT('',(6.28318530718,-0.));
#9793 = VECTOR('',#9794,1.);
#9794 = DIRECTION('',(0.,1.));
#9795 = ( GEOMETRIC_REPRESENTATION_CONTEXT(2) 
PARAMETRIC_REPRESENTATION_CONTEXT() REPRESENTATION_CONTEXT('2D SPACE',''
  ) );
#9796 = PCURVE('',#9757,#9797);
#9797 = DEFINITIONAL_REPRESENTATION('',(#9798),#9802);
#9798 = LINE('',#9799,#9800);
#9799 = CARTESIAN_POINT('',(0.,-0.));
#9800 = VECTOR('',#9801,1.);
#9801 = DIRECTION('',(0.,1.));
#9802 = ( GEOMETRIC_REPRESENTATION_CONTEXT(2) 
PARAMETRIC_REPRESENTATION_CONTEXT() REPRESENTATION_CONTEXT('2D SPACE',''
  ) );
#9803 = ORIENTED_EDGE('',*,*,#9804,.T.);
#9804 = EDGE_CURVE('',#9782,#9782,#9805,.T.);
#9805 = SURFACE_CURVE('',#9806,(#9811,#9818),.PCURVE_S1.);
#9806 = CIRCLE('',#9807,1.);
#9807 = AXIS2_PLACEMENT_3D('',#9808,#9809,#9810);
#9808 = CARTESIAN_POINT('',(-3.5,17.,42.));
#9809 = DIRECTION('',(0.,0.,1.));
#9810 = DIRECTION('',(1.,0.,-0.));
#9811 = PCURVE('',#9757,#9812);
#9812 = DEFINITIONAL_REPRESENTATION('',(#9813),#9817);
#9813 = LINE('',#9814,#9815);
#9814 = CARTESIAN_POINT('',(0.,0.));
#9815 = VECTOR('',#9816,1.);
#9816 = DIRECTION('',(1.,0.));
#9817 = ( GEOMETRIC_REPRESENTATION_CONTEXT(2) 
PARAMETRIC_REPRESENTATION_CONTEXT() REPRESENTATION_CONTEXT('2D SPACE',''
  ) );
#9818 = PCURVE('',#9819,#9824);
#9819 = PLANE('',#9820);
#9820 = AXIS2_PLACEMENT_3D('',#9821,#9822,#9823);
#9821 = CARTESIAN_POINT('',(-3.5,17.,42.));
#9822 = DIRECTION('',(0.,0.,1.));
#9823 = DIRECTION('',(1.,0.,-0.));
#9824 = DEFINITIONAL_REPRESENTATION('',(#9825),#9829);
#9825 = CIRCLE('',#9826,1.);
#9826 = AXIS2_PLACEMENT_2D('',#9827,#9828);
#9827 = CARTESIAN_POINT('',(0.,0.));
#9828 = DIRECTION('',(1.,0.));
#9829 = ( GEOMETRIC_REPRESENTATION_CONTEXT(2) 
PARAMETRIC_REPRESENTATION_CONTEXT() REPRESENTATION_CONTEXT('2D SPACE',''
  ) );
#9830 = ORIENTED_EDGE('',*,*,#9781,.T.);
#9831 = ADVANCED_FACE('',(#9832),#9769,.T.);
#9832 = FACE_BOUND('',#9833,.T.);
#9833 = EDGE_LOOP('',(#9834));
#9834 = ORIENTED_EDGE('',*,*,#9747,.T.);
#9835 = ADVANCED_FACE('',(#9836),#9819,.F.);
#9836 = FACE_BOUND('',#9837,.T.);
#9837 = EDGE_LOOP('',(#9838));
#9838 = ORIENTED_EDGE('',*,*,#9804,.F.);
#9839 = MANIFOLD_SOLID_BREP('',#9840);
#9840 = CLOSED_SHELL('',(#9841,#9929,#9933));
#9841 = ADVANCED_FACE('',(#9842),#9855,.T.);
#9842 = FACE_BOUND('',#9843,.T.);
#9843 = EDGE_LOOP('',(#9844,#9878,#9901,#9928));
#9844 = ORIENTED_EDGE('',*,*,#9845,.F.);
#9845 = EDGE_CURVE('',#9846,#9846,#9848,.T.);
#9846 = VERTEX_POINT('',#9847);
#9847 = CARTESIAN_POINT('',(4.5,17.,50.));
#9848 = SURFACE_CURVE('',#9849,(#9854,#9866),.PCURVE_S1.);
#9849 = CIRCLE('',#9850,1.);
#9850 = AXIS2_PLACEMENT_3D('',#9851,#9852,#9853);
#9851 = CARTESIAN_POINT('',(3.5,17.,50.));
#9852 = DIRECTION('',(0.,0.,1.));
#9853 = DIRECTION('',(1.,0.,-0.));
#9854 = PCURVE('',#9855,#9860);
#9855 = CYLINDRICAL_SURFACE('',#9856,1.);
#9856 = AXIS2_PLACEMENT_3D('',#9857,#9858,#9859);
#9857 = CARTESIAN_POINT('',(3.5,17.,42.));
#9858 = DIRECTION('',(0.,0.,1.));
#9859 = DIRECTION('',(1.,0.,-0.));
#9860 = DEFINITIONAL_REPRESENTATION('',(#9861),#9865);
#9861 = LINE('',#9862,#9863);
#9862 = CARTESIAN_POINT('',(0.,8.));
#9863 = VECTOR('',#9864,1.);
#9864 = DIRECTION('',(1.,0.));
#9865 = ( GEOMETRIC_REPRESENTATION_CONTEXT(2) 
PARAMETRIC_REPRESENTATION_CONTEXT() REPRESENTATION_CONTEXT('2D SPACE',''
  ) );
#9866 = PCURVE('',#9867,#9872);
#9867 = PLANE('',#9868);
#9868 = AXIS2_PLACEMENT_3D('',#9869,#9870,#9871);
#9869 = CARTESIAN_POINT('',(3.5,17.,50.));
#9870 = DIRECTION('',(0.,0.,1.));
#9871 = DIRECTION('',(1.,0.,-0.));
#9872 = DEFINITIONAL_REPRESENTATION('',(#9873),#9877);
#9873 = CIRCLE('',#9874,1.);
#9874 = AXIS2_PLACEMENT_2D('',#9875,#9876);
#9875 = CARTESIAN_POINT('',(0.,0.));
#9876 = DIRECTION('',(1.,0.));
#9877 = ( GEOMETRIC_REPRESENTATION_CONTEXT(2) 
PARAMETRIC_REPRESENTATION_CONTEXT() REPRESENTATION_CONTEXT('2D SPACE',''
  ) );
#9878 = ORIENTED_EDGE('',*,*,#9879,.F.);
#9879 = EDGE_CURVE('',#9880,#9846,#9882,.T.);
#9880 = VERTEX_POINT('',#9881);
#9881 = CARTESIAN_POINT('',(4.5,17.,42.));
#9882 = SEAM_CURVE('',#9883,(#9887,#9894),.PCURVE_S1.);
#9883 = LINE('',#9884,#9885);
#9884 = CARTESIAN_POINT('',(4.5,17.,42.));
#9885 = VECTOR('',#9886,1.);
#9886 = DIRECTION('',(0.,0.,1.));
#9887 = PCURVE('',#9855,#9888);
#9888 = DEFINITIONAL_REPRESENTATION('',(#9889),#9893);
#9889 = LINE('',#9890,#9891);
#9890 = CARTESIAN_POINT('',(6.28318530718,-0.));
#9891 = VECTOR('',#9892,1.);
#9892 = DIRECTION('',(0.,1.));
#9893 = ( GEOMETRIC_REPRESENTATION_CONTEXT(2) 
PARAMETRIC_REPRESENTATION_CONTEXT() REPRESENTATION_CONTEXT('2D SPACE',''
  ) );
#9894 = PCURVE('',#9855,#9895);
#9895 = DEFINITIONAL_REPRESENTATION('',(#9896),#9900);
#9896 = LINE('',#9897,#9898);
#9897 = CARTESIAN_POINT('',(0.,-0.));
#9898 = VECTOR('',#9899,1.);
#9899 = DIRECTION('',(0.,1.));
#9900 = ( GEOMETRIC_REPRESENTATION_CONTEXT(2) 
PARAMETRIC_REPRESENTATION_CONTEXT() REPRESENTATION_CONTEXT('2D SPACE',''
  ) );
#9901 = ORIENTED_EDGE('',*,*,#9902,.T.);
#9902 = EDGE_CURVE('',#9880,#9880,#9903,.T.);
#9903 = SURFACE_CURVE('',#9904,(#9909,#9916),.PCURVE_S1.);
#9904 = CIRCLE('',#9905,1.);
#9905 = AXIS2_PLACEMENT_3D('',#9906,#9907,#9908);
#9906 = CARTESIAN_POINT('',(3.5,17.,42.));
#9907 = DIRECTION('',(0.,0.,1.));
#9908 = DIRECTION('',(1.,0.,-0.));
#9909 = PCURVE('',#9855,#9910);
#9910 = DEFINITIONAL_REPRESENTATION('',(#9911),#9915);
#9911 = LINE('',#9912,#9913);
#9912 = CARTESIAN_POINT('',(0.,0.));
#9913 = VECTOR('',#9914,1.);
#9914 = DIRECTION('',(1.,0.));
#9915 = ( GEOMETRIC_REPRESENTATION_CONTEXT(2) 
PARAMETRIC_REPRESENTATION_CONTEXT() REPRESENTATION_CONTEXT('2D SPACE',''
  ) );
#9916 = PCURVE('',#9917,#9922);
#9917 = PLANE('',#9918);
#9918 = AXIS2_PLACEMENT_3D('',#9919,#9920,#9921);
#9919 = CARTESIAN_POINT('',(3.5,17.,42.));
#9920 = DIRECTION('',(0.,0.,1.));
#9921 = DIRECTION('',(1.,0.,-0.));
#9922 = DEFINITIONAL_REPRESENTATION('',(#9923),#9927);
#9923 = CIRCLE('',#9924,1.);
#9924 = AXIS2_PLACEMENT_2D('',#9925,#9926);
#9925 = CARTESIAN_POINT('',(0.,0.));
#9926 = DIRECTION('',(1.,0.));
#9927 = ( GEOMETRIC_REPRESENTATION_CONTEXT(2) 
PARAMETRIC_REPRESENTATION_CONTEXT() REPRESENTATION_CONTEXT('2D SPACE',''
  ) );
#9928 = ORIENTED_EDGE('',*,*,#9879,.T.);
#9929 = ADVANCED_FACE('',(#9930),#9867,.T.);
#9930 = FACE_BOUND('',#9931,.T.);
#9931 = EDGE_LOOP('',(#9932));
#9932 = ORIENTED_EDGE('',*,*,#9845,.T.);
#9933 = ADVANCED_FACE('',(#9934),#9917,.F.);
#9934 = FACE_BOUND('',#9935,.T.);
#9935 = EDGE_LOOP('',(#9936));
#9936 = ORIENTED_EDGE('',*,*,#9902,.F.);
#9937 = MANIFOLD_SOLID_BREP('',#9938);
#9938 = CLOSED_SHELL('',(#9939,#10027,#10031));
#9939 = ADVANCED_FACE('',(#9940),#9953,.T.);
#9940 = FACE_BOUND('',#9941,.T.);
#9941 = EDGE_LOOP('',(#9942,#9976,#9999,#10026));
#9942 = ORIENTED_EDGE('',*,*,#9943,.F.);
#9943 = EDGE_CURVE('',#9944,#9944,#9946,.T.);
#9944 = VERTEX_POINT('',#9945);
#9945 = CARTESIAN_POINT('',(11.5,17.,50.));
#9946 = SURFACE_CURVE('',#9947,(#9952,#9964),.PCURVE_S1.);
#9947 = CIRCLE('',#9948,1.);
#9948 = AXIS2_PLACEMENT_3D('',#9949,#9950,#9951);
#9949 = CARTESIAN_POINT('',(10.5,17.,50.));
#9950 = DIRECTION('',(0.,0.,1.));
#9951 = DIRECTION('',(1.,0.,-0.));
#9952 = PCURVE('',#9953,#9958);
#9953 = CYLINDRICAL_SURFACE('',#9954,1.);
#9954 = AXIS2_PLACEMENT_3D('',#9955,#9956,#9957);
#9955 = CARTESIAN_POINT('',(10.5,17.,42.));
#9956 = DIRECTION('',(0.,0.,1.));
#9957 = DIRECTION('',(1.,0.,-0.));
#9958 = DEFINITIONAL_REPRESENTATION('',(#9959),#9963);
#9959 = LINE('',#9960,#9961);
#9960 = CARTESIAN_POINT('',(0.,8.));
#9961 = VECTOR('',#9962,1.);
#9962 = DIRECTION('',(1.,0.));
#9963 = ( GEOMETRIC_REPRESENTATION_CONTEXT(2) 
PARAMETRIC_REPRESENTATION_CONTEXT() REPRESENTATION_CONTEXT('2D SPACE',''
  ) );
#9964 = PCURVE('',#9965,#9970);
#9965 = PLANE('',#9966);
#9966 = AXIS2_PLACEMENT_3D('',#9967,#9968,#9969);
#9967 = CARTESIAN_POINT('',(10.5,17.,50.));
#9968 = DIRECTION('',(0.,0.,1.));
#9969 = DIRECTION('',(1.,0.,-0.));
#9970 = DEFINITIONAL_REPRESENTATION('',(#9971),#9975);
#9971 = CIRCLE('',#9972,1.);
#9972 = AXIS2_PLACEMENT_2D('',#9973,#9974);
#9973 = CARTESIAN_POINT('',(0.,0.));
#9974 = DIRECTION('',(1.,0.));
#9975 = ( GEOMETRIC_REPRESENTATION_CONTEXT(2) 
PARAMETRIC_REPRESENTATION_CONTEXT() REPRESENTATION_CONTEXT('2D SPACE',''
  ) );
#9976 = ORIENTED_EDGE('',*,*,#9977,.F.);
#9977 = EDGE_CURVE('',#9978,#9944,#9980,.T.);
#9978 = VERTEX_POINT('',#9979);
#9979 = CARTESIAN_POINT('',(11.5,17.,42.));
#9980 = SEAM_CURVE('',#9981,(#9985,#9992),.PCURVE_S1.);
#9981 = LINE('',#9982,#9983);
#9982 = CARTESIAN_POINT('',(11.5,17.,42.));
#9983 = VECTOR('',#9984,1.);
#9984 = DIRECTION('',(0.,0.,1.));
#9985 = PCURVE('',#9953,#9986);
#9986 = DEFINITIONAL_REPRESENTATION('',(#9987),#9991);
#9987 = LINE('',#9988,#9989);
#9988 = CARTESIAN_POINT('',(6.28318530718,-0.));
#9989 = VECTOR('',#9990,1.);
#9990 = DIRECTION('',(0.,1.));
#9991 = ( GEOMETRIC_REPRESENTATION_CONTEXT(2) 
PARAMETRIC_REPRESENTATION_CONTEXT() REPRESENTATION_CONTEXT('2D SPACE',''
  ) );
#9992 = PCURVE('',#9953,#9993);
#9993 = DEFINITIONAL_REPRESENTATION('',(#9994),#9998);
#9994 = LINE('',#9995,#9996);
#9995 = CARTESIAN_POINT('',(0.,-0.));
#9996 = VECTOR('',#9997,1.);
#9997 = DIRECTION('',(0.,1.));
#9998 = ( GEOMETRIC_REPRESENTATION_CONTEXT(2) 
PARAMETRIC_REPRESENTATION_CONTEXT() REPRESENTATION_CONTEXT('2D SPACE',''
  ) );
#9999 = ORIENTED_EDGE('',*,*,#10000,.T.);
#10000 = EDGE_CURVE('',#9978,#9978,#10001,.T.);
#10001 = SURFACE_CURVE('',#10002,(#10007,#10014),.PCURVE_S1.);
#10002 = CIRCLE('',#10003,1.);
#10003 = AXIS2_PLACEMENT_3D('',#10004,#10005,#10006);
#10004 = CARTESIAN_POINT('',(10.5,17.,42.));
#10005 = DIRECTION('',(0.,0.,1.));
#10006 = DIRECTION('',(1.,0.,-0.));
#10007 = PCURVE('',#9953,#10008);
#10008 = DEFINITIONAL_REPRESENTATION('',(#10009),#10013);
#10009 = LINE('',#10010,#10011);
#10010 = CARTESIAN_POINT('',(0.,0.));
#10011 = VECTOR('',#10012,1.);
#10012 = DIRECTION('',(1.,0.));
#10013 = ( GEOMETRIC_REPRESENTATION_CONTEXT(2) 
PARAMETRIC_REPRESENTATION_CONTEXT() REPRESENTATION_CONTEXT('2D SPACE',''
  ) );
#10014 = PCURVE('',#10015,#10020);
#10015 = PLANE('',#10016);
#10016 = AXIS2_PLACEMENT_3D('',#10017,#10018,#10019);
#10017 = CARTESIAN_POINT('',(10.5,17.,42.));
#10018 = DIRECTION('',(0.,0.,1.));
#10019 = DIRECTION('',(1.,0.,-0.));
#10020 = DEFINITIONAL_REPRESENTATION('',(#10021),#10025);
#10021 = CIRCLE('',#10022,1.);
#10022 = AXIS2_PLACEMENT_2D('',#10023,#10024);
#10023 = CARTESIAN_POINT('',(0.,0.));
#10024 = DIRECTION('',(1.,0.));
#10025 = ( GEOMETRIC_REPRESENTATION_CONTEXT(2) 
PARAMETRIC_REPRESENTATION_CONTEXT() REPRESENTATION_CONTEXT('2D SPACE',''
  ) );
#10026 = ORIENTED_EDGE('',*,*,#9977,.T.);
#10027 = ADVANCED_FACE('',(#10028),#9965,.T.);
#10028 = FACE_BOUND('',#10029,.T.);
#10029 = EDGE_LOOP('',(#10030));
#10030 = ORIENTED_EDGE('',*,*,#9943,.T.);
#10031 = ADVANCED_FACE('',(#10032),#10015,.F.);
#10032 = FACE_BOUND('',#10033,.T.);
#10033 = EDGE_LOOP('',(#10034));
#10034 = ORIENTED_EDGE('',*,*,#10000,.F.);
#10035 = MANIFOLD_SOLID_BREP('',#10036);
#10036 = CLOSED_SHELL('',(#10037,#10125,#10129));
#10037 = ADVANCED_FACE('',(#10038),#10051,.T.);
#10038 = FACE_BOUND('',#10039,.T.);
#10039 = EDGE_LOOP('',(#10040,#10074,#10097,#10124));
#10040 = ORIENTED_EDGE('',*,*,#10041,.F.);
#10041 = EDGE_CURVE('',#10042,#10042,#10044,.T.);
#10042 = VERTEX_POINT('',#10043);
#10043 = CARTESIAN_POINT('',(18.5,17.,47.));
#10044 = SURFACE_CURVE('',#10045,(#10050,#10062),.PCURVE_S1.);
#10045 = CIRCLE('',#10046,1.);
#10046 = AXIS2_PLACEMENT_3D('',#10047,#10048,#10049);
#10047 = CARTESIAN_POINT('',(17.5,17.,47.));
#10048 = DIRECTION('',(0.,0.,1.));
#10049 = DIRECTION('',(1.,0.,-0.));
#10050 = PCURVE('',#10051,#10056);
#10051 = CYLINDRICAL_SURFACE('',#10052,1.);
#10052 = AXIS2_PLACEMENT_3D('',#10053,#10054,#10055);
#10053 = CARTESIAN_POINT('',(17.5,17.,42.));
#10054 = DIRECTION('',(0.,0.,1.));
#10055 = DIRECTION('',(1.,0.,-0.));
#10056 = DEFINITIONAL_REPRESENTATION('',(#10057),#10061);
#10057 = LINE('',#10058,#10059);
#10058 = CARTESIAN_POINT('',(0.,5.));
#10059 = VECTOR('',#10060,1.);
#10060 = DIRECTION('',(1.,0.));
#10061 = ( GEOMETRIC_REPRESENTATION_CONTEXT(2) 
PARAMETRIC_REPRESENTATION_CONTEXT() REPRESENTATION_CONTEXT('2D SPACE',''
  ) );
#10062 = PCURVE('',#10063,#10068);
#10063 = PLANE('',#10064);
#10064 = AXIS2_PLACEMENT_3D('',#10065,#10066,#10067);
#10065 = CARTESIAN_POINT('',(17.5,17.,47.));
#10066 = DIRECTION('',(0.,0.,1.));
#10067 = DIRECTION('',(1.,0.,-0.));
#10068 = DEFINITIONAL_REPRESENTATION('',(#10069),#10073);
#10069 = CIRCLE('',#10070,1.);
#10070 = AXIS2_PLACEMENT_2D('',#10071,#10072);
#10071 = CARTESIAN_POINT('',(0.,0.));
#10072 = DIRECTION('',(1.,0.));
#10073 = ( GEOMETRIC_REPRESENTATION_CONTEXT(2) 
PARAMETRIC_REPRESENTATION_CONTEXT() REPRESENTATION_CONTEXT('2D SPACE',''
  ) );
#10074 = ORIENTED_EDGE('',*,*,#10075,.F.);
#10075 = EDGE_CURVE('',#10076,#10042,#10078,.T.);
#10076 = VERTEX_POINT('',#10077);
#10077 = CARTESIAN_POINT('',(18.5,17.,42.));
#10078 = SEAM_CURVE('',#10079,(#10083,#10090),.PCURVE_S1.);
#10079 = LINE('',#10080,#10081);
#10080 = CARTESIAN_POINT('',(18.5,17.,42.));
#10081 = VECTOR('',#10082,1.);
#10082 = DIRECTION('',(0.,0.,1.));
#10083 = PCURVE('',#10051,#10084);
#10084 = DEFINITIONAL_REPRESENTATION('',(#10085),#10089);
#10085 = LINE('',#10086,#10087);
#10086 = CARTESIAN_POINT('',(6.28318530718,-0.));
#10087 = VECTOR('',#10088,1.);
#10088 = DIRECTION('',(0.,1.));
#10089 = ( GEOMETRIC_REPRESENTATION_CONTEXT(2) 
PARAMETRIC_REPRESENTATION_CONTEXT() REPRESENTATION_CONTEXT('2D SPACE',''
  ) );
#10090 = PCURVE('',#10051,#10091);
#10091 = DEFINITIONAL_REPRESENTATION('',(#10092),#10096);
#10092 = LINE('',#10093,#10094);
#10093 = CARTESIAN_POINT('',(0.,-0.));
#10094 = VECTOR('',#10095,1.);
#10095 = DIRECTION('',(0.,1.));
#10096 = ( GEOMETRIC_REPRESENTATION_CONTEXT(2) 
PARAMETRIC_REPRESENTATION_CONTEXT() REPRESENTATION_CONTEXT('2D SPACE',''
  ) );
#10097 = ORIENTED_EDGE('',*,*,#10098,.T.);
#10098 = EDGE_CURVE('',#10076,#10076,#10099,.T.);
#10099 = SURFACE_CURVE('',#10100,(#10105,#10112),.PCURVE_S1.);
#10100 = CIRCLE('',#10101,1.);
#10101 = AXIS2_PLACEMENT_3D('',#10102,#10103,#10104);
#10102 = CARTESIAN_POINT('',(17.5,17.,42.));
#10103 = DIRECTION('',(0.,0.,1.));
#10104 = DIRECTION('',(1.,0.,-0.));
#10105 = PCURVE('',#10051,#10106);
#10106 = DEFINITIONAL_REPRESENTATION('',(#10107),#10111);
#10107 = LINE('',#10108,#10109);
#10108 = CARTESIAN_POINT('',(0.,0.));
#10109 = VECTOR('',#10110,1.);
#10110 = DIRECTION('',(1.,0.));
#10111 = ( GEOMETRIC_REPRESENTATION_CONTEXT(2) 
PARAMETRIC_REPRESENTATION_CONTEXT() REPRESENTATION_CONTEXT('2D SPACE',''
  ) );
#10112 = PCURVE('',#10113,#10118);
#10113 = PLANE('',#10114);
#10114 = AXIS2_PLACEMENT_3D('',#10115,#10116,#10117);
#10115 = CARTESIAN_POINT('',(17.5,17.,42.));
#10116 = DIRECTION('',(0.,0.,1.));
#10117 = DIRECTION('',(1.,0.,-0.));
#10118 = DEFINITIONAL_REPRESENTATION('',(#10119),#10123);
#10119 = CIRCLE('',#10120,1.);
#10120 = AXIS2_PLACEMENT_2D('',#10121,#10122);
#10121 = CARTESIAN_POINT('',(0.,0.));
#10122 = DIRECTION('',(1.,0.));
#10123 = ( GEOMETRIC_REPRESENTATION_CONTEXT(2) 
PARAMETRIC_REPRESENTATION_CONTEXT() REPRESENTATION_CONTEXT('2D SPACE',''
  ) );
#10124 = ORIENTED_EDGE('',*,*,#10075,.T.);
#10125 = ADVANCED_FACE('',(#10126),#10063,.T.);
#10126 = FACE_BOUND('',#10127,.T.);
#10127 = EDGE_LOOP('',(#10128));
#10128 = ORIENTED_EDGE('',*,*,#10041,.T.);
#10129 = ADVANCED_FACE('',(#10130),#10113,.F.);
#10130 = FACE_BOUND('',#10131,.T.);
#10131 = EDGE_LOOP('',(#10132));
#10132 = ORIENTED_EDGE('',*,*,#10098,.F.);
#10133 = MANIFOLD_SOLID_BREP('',#10134);
#10134 = CLOSED_SHELL('',(#10135,#10255,#10355,#10402,#10449,#10456));
#10135 = ADVANCED_FACE('',(#10136),#10150,.F.);
#10136 = FACE_BOUND('',#10137,.F.);
#10137 = EDGE_LOOP('',(#10138,#10173,#10201,#10229));
#10138 = ORIENTED_EDGE('',*,*,#10139,.F.);
#10139 = EDGE_CURVE('',#10140,#10142,#10144,.T.);
#10140 = VERTEX_POINT('',#10141);
#10141 = CARTESIAN_POINT('',(-33.,-14.,15.));
#10142 = VERTEX_POINT('',#10143);
#10143 = CARTESIAN_POINT('',(-33.,-14.,30.));
#10144 = SURFACE_CURVE('',#10145,(#10149,#10161),.PCURVE_S1.);
#10145 = LINE('',#10146,#10147);
#10146 = CARTESIAN_POINT('',(-33.,-14.,15.));
#10147 = VECTOR('',#10148,1.);
#10148 = DIRECTION('',(0.,0.,1.));
#10149 = PCURVE('',#10150,#10155);
#10150 = PLANE('',#10151);
#10151 = AXIS2_PLACEMENT_3D('',#10152,#10153,#10154);
#10152 = CARTESIAN_POINT('',(-33.,-14.,15.));
#10153 = DIRECTION('',(1.,0.,-0.));
#10154 = DIRECTION('',(0.,0.,1.));
#10155 = DEFINITIONAL_REPRESENTATION('',(#10156),#10160);
#10156 = LINE('',#10157,#10158);
#10157 = CARTESIAN_POINT('',(0.,0.));
#10158 = VECTOR('',#10159,1.);
#10159 = DIRECTION('',(1.,0.));
#10160 = ( GEOMETRIC_REPRESENTATION_CONTEXT(2) 
PARAMETRIC_REPRESENTATION_CONTEXT() REPRESENTATION_CONTEXT('2D SPACE',''
  ) );
#10161 = PCURVE('',#10162,#10167);
#10162 = PLANE('',#10163);
#10163 = AXIS2_PLACEMENT_3D('',#10164,#10165,#10166);
#10164 = CARTESIAN_POINT('',(-33.,-14.,15.));
#10165 = DIRECTION('',(-0.,1.,0.));
#10166 = DIRECTION('',(0.,0.,1.));
#10167 = DEFINITIONAL_REPRESENTATION('',(#10168),#10172);
#10168 = LINE('',#10169,#10170);
#10169 = CARTESIAN_POINT('',(0.,0.));
#10170 = VECTOR('',#10171,1.);
#10171 = DIRECTION('',(1.,0.));
#10172 = ( GEOMETRIC_REPRESENTATION_CONTEXT(2) 
PARAMETRIC_REPRESENTATION_CONTEXT() REPRESENTATION_CONTEXT('2D SPACE',''
  ) );
#10173 = ORIENTED_EDGE('',*,*,#10174,.T.);
#10174 = EDGE_CURVE('',#10140,#10175,#10177,.T.);
#10175 = VERTEX_POINT('',#10176);
#10176 = CARTESIAN_POINT('',(-33.,30.,15.));
#10177 = SURFACE_CURVE('',#10178,(#10182,#10189),.PCURVE_S1.);
#10178 = LINE('',#10179,#10180);
#10179 = CARTESIAN_POINT('',(-33.,-14.,15.));
#10180 = VECTOR('',#10181,1.);
#10181 = DIRECTION('',(-0.,1.,0.));
#10182 = PCURVE('',#10150,#10183);
#10183 = DEFINITIONAL_REPRESENTATION('',(#10184),#10188);
#10184 = LINE('',#10185,#10186);
#10185 = CARTESIAN_POINT('',(0.,0.));
#10186 = VECTOR('',#10187,1.);
#10187 = DIRECTION('',(0.,-1.));
#10188 = ( GEOMETRIC_REPRESENTATION_CONTEXT(2) 
PARAMETRIC_REPRESENTATION_CONTEXT() REPRESENTATION_CONTEXT('2D SPACE',''
  ) );
#10189 = PCURVE('',#10190,#10195);
#10190 = PLANE('',#10191);
#10191 = AXIS2_PLACEMENT_3D('',#10192,#10193,#10194);
#10192 = CARTESIAN_POINT('',(-33.,-14.,15.));
#10193 = DIRECTION('',(0.,0.,1.));
#10194 = DIRECTION('',(1.,0.,-0.));
#10195 = DEFINITIONAL_REPRESENTATION('',(#10196),#10200);
#10196 = LINE('',#10197,#10198);
#10197 = CARTESIAN_POINT('',(0.,0.));
#10198 = VECTOR('',#10199,1.);
#10199 = DIRECTION('',(0.,1.));
#10200 = ( GEOMETRIC_REPRESENTATION_CONTEXT(2) 
PARAMETRIC_REPRESENTATION_CONTEXT() REPRESENTATION_CONTEXT('2D SPACE',''
  ) );
#10201 = ORIENTED_EDGE('',*,*,#10202,.T.);
#10202 = EDGE_CURVE('',#10175,#10203,#10205,.T.);
#10203 = VERTEX_POINT('',#10204);
#10204 = CARTESIAN_POINT('',(-33.,30.,30.));
#10205 = SURFACE_CURVE('',#10206,(#10210,#10217),.PCURVE_S1.);
#10206 = LINE('',#10207,#10208);
#10207 = CARTESIAN_POINT('',(-33.,30.,15.));
#10208 = VECTOR('',#10209,1.);
#10209 = DIRECTION('',(0.,0.,1.));
#10210 = PCURVE('',#10150,#10211);
#10211 = DEFINITIONAL_REPRESENTATION('',(#10212),#10216);
#10212 = LINE('',#10213,#10214);
#10213 = CARTESIAN_POINT('',(0.,-44.));
#10214 = VECTOR('',#10215,1.);
#10215 = DIRECTION('',(1.,0.));
#10216 = ( GEOMETRIC_REPRESENTATION_CONTEXT(2) 
PARAMETRIC_REPRESENTATION_CONTEXT() REPRESENTATION_CONTEXT('2D SPACE',''
  ) );
#10217 = PCURVE('',#10218,#10223);
#10218 = PLANE('',#10219);
#10219 = AXIS2_PLACEMENT_3D('',#10220,#10221,#10222);
#10220 = CARTESIAN_POINT('',(-33.,30.,15.));
#10221 = DIRECTION('',(-0.,1.,0.));
#10222 = DIRECTION('',(0.,0.,1.));
#10223 = DEFINITIONAL_REPRESENTATION('',(#10224),#10228);
#10224 = LINE('',#10225,#10226);
#10225 = CARTESIAN_POINT('',(0.,0.));
#10226 = VECTOR('',#10227,1.);
#10227 = DIRECTION('',(1.,0.));
#10228 = ( GEOMETRIC_REPRESENTATION_CONTEXT(2) 
PARAMETRIC_REPRESENTATION_CONTEXT() REPRESENTATION_CONTEXT('2D SPACE',''
  ) );
#10229 = ORIENTED_EDGE('',*,*,#10230,.F.);
#10230 = EDGE_CURVE('',#10142,#10203,#10231,.T.);
#10231 = SURFACE_CURVE('',#10232,(#10236,#10243),.PCURVE_S1.);
#10232 = LINE('',#10233,#10234);
#10233 = CARTESIAN_POINT('',(-33.,-14.,30.));
#10234 = VECTOR('',#10235,1.);
#10235 = DIRECTION('',(-0.,1.,0.));
#10236 = PCURVE('',#10150,#10237);
#10237 = DEFINITIONAL_REPRESENTATION('',(#10238),#10242);
#10238 = LINE('',#10239,#10240);
#10239 = CARTESIAN_POINT('',(15.,0.));
#10240 = VECTOR('',#10241,1.);
#10241 = DIRECTION('',(0.,-1.));
#10242 = ( GEOMETRIC_REPRESENTATION_CONTEXT(2) 
PARAMETRIC_REPRESENTATION_CONTEXT() REPRESENTATION_CONTEXT('2D SPACE',''
  ) );
#10243 = PCURVE('',#10244,#10249);
#10244 = PLANE('',#10245);
#10245 = AXIS2_PLACEMENT_3D('',#10246,#10247,#10248);
#10246 = CARTESIAN_POINT('',(-33.,-14.,30.));
#10247 = DIRECTION('',(0.,0.,1.));
#10248 = DIRECTION('',(1.,0.,-0.));
#10249 = DEFINITIONAL_REPRESENTATION('',(#10250),#10254);
#10250 = LINE('',#10251,#10252);
#10251 = CARTESIAN_POINT('',(0.,0.));
#10252 = VECTOR('',#10253,1.);
#10253 = DIRECTION('',(0.,1.));
#10254 = ( GEOMETRIC_REPRESENTATION_CONTEXT(2) 
PARAMETRIC_REPRESENTATION_CONTEXT() REPRESENTATION_CONTEXT('2D SPACE',''
  ) );
#10255 = ADVANCED_FACE('',(#10256),#10270,.T.);
#10256 = FACE_BOUND('',#10257,.T.);
#10257 = EDGE_LOOP('',(#10258,#10288,#10311,#10334));
#10258 = ORIENTED_EDGE('',*,*,#10259,.F.);
#10259 = EDGE_CURVE('',#10260,#10262,#10264,.T.);
#10260 = VERTEX_POINT('',#10261);
#10261 = CARTESIAN_POINT('',(33.,-14.,15.));
#10262 = VERTEX_POINT('',#10263);
#10263 = CARTESIAN_POINT('',(33.,-14.,30.));
#10264 = SURFACE_CURVE('',#10265,(#10269,#10281),.PCURVE_S1.);
#10265 = LINE('',#10266,#10267);
#10266 = CARTESIAN_POINT('',(33.,-14.,15.));
#10267 = VECTOR('',#10268,1.);
#10268 = DIRECTION('',(0.,0.,1.));
#10269 = PCURVE('',#10270,#10275);
#10270 = PLANE('',#10271);
#10271 = AXIS2_PLACEMENT_3D('',#10272,#10273,#10274);
#10272 = CARTESIAN_POINT('',(33.,-14.,15.));
#10273 = DIRECTION('',(1.,0.,-0.));
#10274 = DIRECTION('',(0.,0.,1.));
#10275 = DEFINITIONAL_REPRESENTATION('',(#10276),#10280);
#10276 = LINE('',#10277,#10278);
#10277 = CARTESIAN_POINT('',(0.,0.));
#10278 = VECTOR('',#10279,1.);
#10279 = DIRECTION('',(1.,0.));
#10280 = ( GEOMETRIC_REPRESENTATION_CONTEXT(2) 
PARAMETRIC_REPRESENTATION_CONTEXT() REPRESENTATION_CONTEXT('2D SPACE',''
  ) );
#10281 = PCURVE('',#10162,#10282);
#10282 = DEFINITIONAL_REPRESENTATION('',(#10283),#10287);
#10283 = LINE('',#10284,#10285);
#10284 = CARTESIAN_POINT('',(0.,66.));
#10285 = VECTOR('',#10286,1.);
#10286 = DIRECTION('',(1.,0.));
#10287 = ( GEOMETRIC_REPRESENTATION_CONTEXT(2) 
PARAMETRIC_REPRESENTATION_CONTEXT() REPRESENTATION_CONTEXT('2D SPACE',''
  ) );
#10288 = ORIENTED_EDGE('',*,*,#10289,.T.);
#10289 = EDGE_CURVE('',#10260,#10290,#10292,.T.);
#10290 = VERTEX_POINT('',#10291);
#10291 = CARTESIAN_POINT('',(33.,30.,15.));
#10292 = SURFACE_CURVE('',#10293,(#10297,#10304),.PCURVE_S1.);
#10293 = LINE('',#10294,#10295);
#10294 = CARTESIAN_POINT('',(33.,-14.,15.));
#10295 = VECTOR('',#10296,1.);
#10296 = DIRECTION('',(-0.,1.,0.));
#10297 = PCURVE('',#10270,#10298);
#10298 = DEFINITIONAL_REPRESENTATION('',(#10299),#10303);
#10299 = LINE('',#10300,#10301);
#10300 = CARTESIAN_POINT('',(0.,0.));
#10301 = VECTOR('',#10302,1.);
#10302 = DIRECTION('',(0.,-1.));
#10303 = ( GEOMETRIC_REPRESENTATION_CONTEXT(2) 
PARAMETRIC_REPRESENTATION_CONTEXT() REPRESENTATION_CONTEXT('2D SPACE',''
  ) );
#10304 = PCURVE('',#10190,#10305);
#10305 = DEFINITIONAL_REPRESENTATION('',(#10306),#10310);
#10306 = LINE('',#10307,#10308);
#10307 = CARTESIAN_POINT('',(66.,0.));
#10308 = VECTOR('',#10309,1.);
#10309 = DIRECTION('',(0.,1.));
#10310 = ( GEOMETRIC_REPRESENTATION_CONTEXT(2) 
PARAMETRIC_REPRESENTATION_CONTEXT() REPRESENTATION_CONTEXT('2D SPACE',''
  ) );
#10311 = ORIENTED_EDGE('',*,*,#10312,.T.);
#10312 = EDGE_CURVE('',#10290,#10313,#10315,.T.);
#10313 = VERTEX_POINT('',#10314);
#10314 = CARTESIAN_POINT('',(33.,30.,30.));
#10315 = SURFACE_CURVE('',#10316,(#10320,#10327),.PCURVE_S1.);
#10316 = LINE('',#10317,#10318);
#10317 = CARTESIAN_POINT('',(33.,30.,15.));
#10318 = VECTOR('',#10319,1.);
#10319 = DIRECTION('',(0.,0.,1.));
#10320 = PCURVE('',#10270,#10321);
#10321 = DEFINITIONAL_REPRESENTATION('',(#10322),#10326);
#10322 = LINE('',#10323,#10324);
#10323 = CARTESIAN_POINT('',(0.,-44.));
#10324 = VECTOR('',#10325,1.);
#10325 = DIRECTION('',(1.,0.));
#10326 = ( GEOMETRIC_REPRESENTATION_CONTEXT(2) 
PARAMETRIC_REPRESENTATION_CONTEXT() REPRESENTATION_CONTEXT('2D SPACE',''
  ) );
#10327 = PCURVE('',#10218,#10328);
#10328 = DEFINITIONAL_REPRESENTATION('',(#10329),#10333);
#10329 = LINE('',#10330,#10331);
#10330 = CARTESIAN_POINT('',(0.,66.));
#10331 = VECTOR('',#10332,1.);
#10332 = DIRECTION('',(1.,0.));
#10333 = ( GEOMETRIC_REPRESENTATION_CONTEXT(2) 
PARAMETRIC_REPRESENTATION_CONTEXT() REPRESENTATION_CONTEXT('2D SPACE',''
  ) );
#10334 = ORIENTED_EDGE('',*,*,#10335,.F.);
#10335 = EDGE_CURVE('',#10262,#10313,#10336,.T.);
#10336 = SURFACE_CURVE('',#10337,(#10341,#10348),.PCURVE_S1.);
#10337 = LINE('',#10338,#10339);
#10338 = CARTESIAN_POINT('',(33.,-14.,30.));
#10339 = VECTOR('',#10340,1.);
#10340 = DIRECTION('',(-0.,1.,0.));
#10341 = PCURVE('',#10270,#10342);
#10342 = DEFINITIONAL_REPRESENTATION('',(#10343),#10347);
#10343 = LINE('',#10344,#10345);
#10344 = CARTESIAN_POINT('',(15.,0.));
#10345 = VECTOR('',#10346,1.);
#10346 = DIRECTION('',(0.,-1.));
#10347 = ( GEOMETRIC_REPRESENTATION_CONTEXT(2) 
PARAMETRIC_REPRESENTATION_CONTEXT() REPRESENTATION_CONTEXT('2D SPACE',''
  ) );
#10348 = PCURVE('',#10244,#10349);
#10349 = DEFINITIONAL_REPRESENTATION('',(#10350),#10354);
#10350 = LINE('',#10351,#10352);
#10351 = CARTESIAN_POINT('',(66.,0.));
#10352 = VECTOR('',#10353,1.);
#10353 = DIRECTION('',(0.,1.));
#10354 = ( GEOMETRIC_REPRESENTATION_CONTEXT(2) 
PARAMETRIC_REPRESENTATION_CONTEXT() REPRESENTATION_CONTEXT('2D SPACE',''
  ) );
#10355 = ADVANCED_FACE('',(#10356),#10162,.F.);
#10356 = FACE_BOUND('',#10357,.F.);
#10357 = EDGE_LOOP('',(#10358,#10379,#10380,#10401));
#10358 = ORIENTED_EDGE('',*,*,#10359,.F.);
#10359 = EDGE_CURVE('',#10140,#10260,#10360,.T.);
#10360 = SURFACE_CURVE('',#10361,(#10365,#10372),.PCURVE_S1.);
#10361 = LINE('',#10362,#10363);
#10362 = CARTESIAN_POINT('',(-33.,-14.,15.));
#10363 = VECTOR('',#10364,1.);
#10364 = DIRECTION('',(1.,0.,-0.));
#10365 = PCURVE('',#10162,#10366);
#10366 = DEFINITIONAL_REPRESENTATION('',(#10367),#10371);
#10367 = LINE('',#10368,#10369);
#10368 = CARTESIAN_POINT('',(0.,0.));
#10369 = VECTOR('',#10370,1.);
#10370 = DIRECTION('',(0.,1.));
#10371 = ( GEOMETRIC_REPRESENTATION_CONTEXT(2) 
PARAMETRIC_REPRESENTATION_CONTEXT() REPRESENTATION_CONTEXT('2D SPACE',''
  ) );
#10372 = PCURVE('',#10190,#10373);
#10373 = DEFINITIONAL_REPRESENTATION('',(#10374),#10378);
#10374 = LINE('',#10375,#10376);
#10375 = CARTESIAN_POINT('',(0.,0.));
#10376 = VECTOR('',#10377,1.);
#10377 = DIRECTION('',(1.,0.));
#10378 = ( GEOMETRIC_REPRESENTATION_CONTEXT(2) 
PARAMETRIC_REPRESENTATION_CONTEXT() REPRESENTATION_CONTEXT('2D SPACE',''
  ) );
#10379 = ORIENTED_EDGE('',*,*,#10139,.T.);
#10380 = ORIENTED_EDGE('',*,*,#10381,.T.);
#10381 = EDGE_CURVE('',#10142,#10262,#10382,.T.);
#10382 = SURFACE_CURVE('',#10383,(#10387,#10394),.PCURVE_S1.);
#10383 = LINE('',#10384,#10385);
#10384 = CARTESIAN_POINT('',(-33.,-14.,30.));
#10385 = VECTOR('',#10386,1.);
#10386 = DIRECTION('',(1.,0.,-0.));
#10387 = PCURVE('',#10162,#10388);
#10388 = DEFINITIONAL_REPRESENTATION('',(#10389),#10393);
#10389 = LINE('',#10390,#10391);
#10390 = CARTESIAN_POINT('',(15.,0.));
#10391 = VECTOR('',#10392,1.);
#10392 = DIRECTION('',(0.,1.));
#10393 = ( GEOMETRIC_REPRESENTATION_CONTEXT(2) 
PARAMETRIC_REPRESENTATION_CONTEXT() REPRESENTATION_CONTEXT('2D SPACE',''
  ) );
#10394 = PCURVE('',#10244,#10395);
#10395 = DEFINITIONAL_REPRESENTATION('',(#10396),#10400);
#10396 = LINE('',#10397,#10398);
#10397 = CARTESIAN_POINT('',(0.,0.));
#10398 = VECTOR('',#10399,1.);
#10399 = DIRECTION('',(1.,0.));
#10400 = ( GEOMETRIC_REPRESENTATION_CONTEXT(2) 
PARAMETRIC_REPRESENTATION_CONTEXT() REPRESENTATION_CONTEXT('2D SPACE',''
  ) );
#10401 = ORIENTED_EDGE('',*,*,#10259,.F.);
#10402 = ADVANCED_FACE('',(#10403),#10218,.T.);
#10403 = FACE_BOUND('',#10404,.T.);
#10404 = EDGE_LOOP('',(#10405,#10426,#10427,#10448));
#10405 = ORIENTED_EDGE('',*,*,#10406,.F.);
#10406 = EDGE_CURVE('',#10175,#10290,#10407,.T.);
#10407 = SURFACE_CURVE('',#10408,(#10412,#10419),.PCURVE_S1.);
#10408 = LINE('',#10409,#10410);
#10409 = CARTESIAN_POINT('',(-33.,30.,15.));
#10410 = VECTOR('',#10411,1.);
#10411 = DIRECTION('',(1.,0.,-0.));
#10412 = PCURVE('',#10218,#10413);
#10413 = DEFINITIONAL_REPRESENTATION('',(#10414),#10418);
#10414 = LINE('',#10415,#10416);
#10415 = CARTESIAN_POINT('',(0.,0.));
#10416 = VECTOR('',#10417,1.);
#10417 = DIRECTION('',(0.,1.));
#10418 = ( GEOMETRIC_REPRESENTATION_CONTEXT(2) 
PARAMETRIC_REPRESENTATION_CONTEXT() REPRESENTATION_CONTEXT('2D SPACE',''
  ) );
#10419 = PCURVE('',#10190,#10420);
#10420 = DEFINITIONAL_REPRESENTATION('',(#10421),#10425);
#10421 = LINE('',#10422,#10423);
#10422 = CARTESIAN_POINT('',(0.,44.));
#10423 = VECTOR('',#10424,1.);
#10424 = DIRECTION('',(1.,0.));
#10425 = ( GEOMETRIC_REPRESENTATION_CONTEXT(2) 
PARAMETRIC_REPRESENTATION_CONTEXT() REPRESENTATION_CONTEXT('2D SPACE',''
  ) );
#10426 = ORIENTED_EDGE('',*,*,#10202,.T.);
#10427 = ORIENTED_EDGE('',*,*,#10428,.T.);
#10428 = EDGE_CURVE('',#10203,#10313,#10429,.T.);
#10429 = SURFACE_CURVE('',#10430,(#10434,#10441),.PCURVE_S1.);
#10430 = LINE('',#10431,#10432);
#10431 = CARTESIAN_POINT('',(-33.,30.,30.));
#10432 = VECTOR('',#10433,1.);
#10433 = DIRECTION('',(1.,0.,-0.));
#10434 = PCURVE('',#10218,#10435);
#10435 = DEFINITIONAL_REPRESENTATION('',(#10436),#10440);
#10436 = LINE('',#10437,#10438);
#10437 = CARTESIAN_POINT('',(15.,0.));
#10438 = VECTOR('',#10439,1.);
#10439 = DIRECTION('',(0.,1.));
#10440 = ( GEOMETRIC_REPRESENTATION_CONTEXT(2) 
PARAMETRIC_REPRESENTATION_CONTEXT() REPRESENTATION_CONTEXT('2D SPACE',''
  ) );
#10441 = PCURVE('',#10244,#10442);
#10442 = DEFINITIONAL_REPRESENTATION('',(#10443),#10447);
#10443 = LINE('',#10444,#10445);
#10444 = CARTESIAN_POINT('',(0.,44.));
#10445 = VECTOR('',#10446,1.);
#10446 = DIRECTION('',(1.,0.));
#10447 = ( GEOMETRIC_REPRESENTATION_CONTEXT(2) 
PARAMETRIC_REPRESENTATION_CONTEXT() REPRESENTATION_CONTEXT('2D SPACE',''
  ) );
#10448 = ORIENTED_EDGE('',*,*,#10312,.F.);
#10449 = ADVANCED_FACE('',(#10450),#10190,.F.);
#10450 = FACE_BOUND('',#10451,.F.);
#10451 = EDGE_LOOP('',(#10452,#10453,#10454,#10455));
#10452 = ORIENTED_EDGE('',*,*,#10174,.F.);
#10453 = ORIENTED_EDGE('',*,*,#10359,.T.);
#10454 = ORIENTED_EDGE('',*,*,#10289,.T.);
#10455 = ORIENTED_EDGE('',*,*,#10406,.F.);
#10456 = ADVANCED_FACE('',(#10457),#10244,.T.);
#10457 = FACE_BOUND('',#10458,.T.);
#10458 = EDGE_LOOP('',(#10459,#10460,#10461,#10462));
#10459 = ORIENTED_EDGE('',*,*,#10230,.F.);
#10460 = ORIENTED_EDGE('',*,*,#10381,.T.);
#10461 = ORIENTED_EDGE('',*,*,#10335,.T.);
#10462 = ORIENTED_EDGE('',*,*,#10428,.F.);
#10463 = MANIFOLD_SOLID_BREP('',#10464);
#10464 = CLOSED_SHELL('',(#10465,#10585,#10661,#10865,#10914,#11071,
    #11078,#11105,#11132,#11159,#11186));
#10465 = ADVANCED_FACE('',(#10466),#10480,.F.);
#10466 = FACE_BOUND('',#10467,.F.);
#10467 = EDGE_LOOP('',(#10468,#10503,#10531,#10559));
#10468 = ORIENTED_EDGE('',*,*,#10469,.F.);
#10469 = EDGE_CURVE('',#10470,#10472,#10474,.T.);
#10470 = VERTEX_POINT('',#10471);
#10471 = CARTESIAN_POINT('',(-44.,-25.,12.));
#10472 = VERTEX_POINT('',#10473);
#10473 = CARTESIAN_POINT('',(-44.,-25.,15.));
#10474 = SURFACE_CURVE('',#10475,(#10479,#10491),.PCURVE_S1.);
#10475 = LINE('',#10476,#10477);
#10476 = CARTESIAN_POINT('',(-44.,-25.,12.));
#10477 = VECTOR('',#10478,1.);
#10478 = DIRECTION('',(0.,0.,1.));
#10479 = PCURVE('',#10480,#10485);
#10480 = PLANE('',#10481);
#10481 = AXIS2_PLACEMENT_3D('',#10482,#10483,#10484);
#10482 = CARTESIAN_POINT('',(-44.,-25.,12.));
#10483 = DIRECTION('',(1.,0.,-0.));
#10484 = DIRECTION('',(0.,0.,1.));
#10485 = DEFINITIONAL_REPRESENTATION('',(#10486),#10490);
#10486 = LINE('',#10487,#10488);
#10487 = CARTESIAN_POINT('',(0.,0.));
#10488 = VECTOR('',#10489,1.);
#10489 = DIRECTION('',(1.,0.));
#10490 = ( GEOMETRIC_REPRESENTATION_CONTEXT(2) 
PARAMETRIC_REPRESENTATION_CONTEXT() REPRESENTATION_CONTEXT('2D SPACE',''
  ) );
#10491 = PCURVE('',#10492,#10497);
#10492 = PLANE('',#10493);
#10493 = AXIS2_PLACEMENT_3D('',#10494,#10495,#10496);
#10494 = CARTESIAN_POINT('',(-44.,-25.,12.));
#10495 = DIRECTION('',(-0.,1.,0.));
#10496 = DIRECTION('',(0.,0.,1.));
#10497 = DEFINITIONAL_REPRESENTATION('',(#10498),#10502);
#10498 = LINE('',#10499,#10500);
#10499 = CARTESIAN_POINT('',(0.,0.));
#10500 = VECTOR('',#10501,1.);
#10501 = DIRECTION('',(1.,0.));
#10502 = ( GEOMETRIC_REPRESENTATION_CONTEXT(2) 
PARAMETRIC_REPRESENTATION_CONTEXT() REPRESENTATION_CONTEXT('2D SPACE',''
  ) );
#10503 = ORIENTED_EDGE('',*,*,#10504,.T.);
#10504 = EDGE_CURVE('',#10470,#10505,#10507,.T.);
#10505 = VERTEX_POINT('',#10506);
#10506 = CARTESIAN_POINT('',(-44.,41.,12.));
#10507 = SURFACE_CURVE('',#10508,(#10512,#10519),.PCURVE_S1.);
#10508 = LINE('',#10509,#10510);
#10509 = CARTESIAN_POINT('',(-44.,-25.,12.));
#10510 = VECTOR('',#10511,1.);
#10511 = DIRECTION('',(-0.,1.,0.));
#10512 = PCURVE('',#10480,#10513);
#10513 = DEFINITIONAL_REPRESENTATION('',(#10514),#10518);
#10514 = LINE('',#10515,#10516);
#10515 = CARTESIAN_POINT('',(0.,0.));
#10516 = VECTOR('',#10517,1.);
#10517 = DIRECTION('',(0.,-1.));
#10518 = ( GEOMETRIC_REPRESENTATION_CONTEXT(2) 
PARAMETRIC_REPRESENTATION_CONTEXT() REPRESENTATION_CONTEXT('2D SPACE',''
  ) );
#10519 = PCURVE('',#10520,#10525);
#10520 = PLANE('',#10521);
#10521 = AXIS2_PLACEMENT_3D('',#10522,#10523,#10524);
#10522 = CARTESIAN_POINT('',(-44.,-25.,12.));
#10523 = DIRECTION('',(0.,0.,1.));
#10524 = DIRECTION('',(1.,0.,-0.));
#10525 = DEFINITIONAL_REPRESENTATION('',(#10526),#10530);
#10526 = LINE('',#10527,#10528);
#10527 = CARTESIAN_POINT('',(0.,0.));
#10528 = VECTOR('',#10529,1.);
#10529 = DIRECTION('',(0.,1.));
#10530 = ( GEOMETRIC_REPRESENTATION_CONTEXT(2) 
PARAMETRIC_REPRESENTATION_CONTEXT() REPRESENTATION_CONTEXT('2D SPACE',''
  ) );
#10531 = ORIENTED_EDGE('',*,*,#10532,.T.);
#10532 = EDGE_CURVE('',#10505,#10533,#10535,.T.);
#10533 = VERTEX_POINT('',#10534);
#10534 = CARTESIAN_POINT('',(-44.,41.,15.));
#10535 = SURFACE_CURVE('',#10536,(#10540,#10547),.PCURVE_S1.);
#10536 = LINE('',#10537,#10538);
#10537 = CARTESIAN_POINT('',(-44.,41.,12.));
#10538 = VECTOR('',#10539,1.);
#10539 = DIRECTION('',(0.,0.,1.));
#10540 = PCURVE('',#10480,#10541);
#10541 = DEFINITIONAL_REPRESENTATION('',(#10542),#10546);
#10542 = LINE('',#10543,#10544);
#10543 = CARTESIAN_POINT('',(0.,-66.));
#10544 = VECTOR('',#10545,1.);
#10545 = DIRECTION('',(1.,0.));
#10546 = ( GEOMETRIC_REPRESENTATION_CONTEXT(2) 
PARAMETRIC_REPRESENTATION_CONTEXT() REPRESENTATION_CONTEXT('2D SPACE',''
  ) );
#10547 = PCURVE('',#10548,#10553);
#10548 = PLANE('',#10549);
#10549 = AXIS2_PLACEMENT_3D('',#10550,#10551,#10552);
#10550 = CARTESIAN_POINT('',(-44.,41.,12.));
#10551 = DIRECTION('',(-0.,1.,0.));
#10552 = DIRECTION('',(0.,0.,1.));
#10553 = DEFINITIONAL_REPRESENTATION('',(#10554),#10558);
#10554 = LINE('',#10555,#10556);
#10555 = CARTESIAN_POINT('',(0.,0.));
#10556 = VECTOR('',#10557,1.);
#10557 = DIRECTION('',(1.,0.));
#10558 = ( GEOMETRIC_REPRESENTATION_CONTEXT(2) 
PARAMETRIC_REPRESENTATION_CONTEXT() REPRESENTATION_CONTEXT('2D SPACE',''
  ) );
#10559 = ORIENTED_EDGE('',*,*,#10560,.F.);
#10560 = EDGE_CURVE('',#10472,#10533,#10561,.T.);
#10561 = SURFACE_CURVE('',#10562,(#10566,#10573),.PCURVE_S1.);
#10562 = LINE('',#10563,#10564);
#10563 = CARTESIAN_POINT('',(-44.,-25.,15.));
#10564 = VECTOR('',#10565,1.);
#10565 = DIRECTION('',(-0.,1.,0.));
#10566 = PCURVE('',#10480,#10567);
#10567 = DEFINITIONAL_REPRESENTATION('',(#10568),#10572);
#10568 = LINE('',#10569,#10570);
#10569 = CARTESIAN_POINT('',(3.,0.));
#10570 = VECTOR('',#10571,1.);
#10571 = DIRECTION('',(0.,-1.));
#10572 = ( GEOMETRIC_REPRESENTATION_CONTEXT(2) 
PARAMETRIC_REPRESENTATION_CONTEXT() REPRESENTATION_CONTEXT('2D SPACE',''
  ) );
#10573 = PCURVE('',#10574,#10579);
#10574 = PLANE('',#10575);
#10575 = AXIS2_PLACEMENT_3D('',#10576,#10577,#10578);
#10576 = CARTESIAN_POINT('',(-44.,-25.,15.));
#10577 = DIRECTION('',(0.,0.,1.));
#10578 = DIRECTION('',(1.,0.,-0.));
#10579 = DEFINITIONAL_REPRESENTATION('',(#10580),#10584);
#10580 = LINE('',#10581,#10582);
#10581 = CARTESIAN_POINT('',(0.,0.));
#10582 = VECTOR('',#10583,1.);
#10583 = DIRECTION('',(0.,1.));
#10584 = ( GEOMETRIC_REPRESENTATION_CONTEXT(2) 
PARAMETRIC_REPRESENTATION_CONTEXT() REPRESENTATION_CONTEXT('2D SPACE',''
  ) );
#10585 = ADVANCED_FACE('',(#10586),#10492,.F.);
#10586 = FACE_BOUND('',#10587,.F.);
#10587 = EDGE_LOOP('',(#10588,#10611,#10612,#10635));
#10588 = ORIENTED_EDGE('',*,*,#10589,.F.);
#10589 = EDGE_CURVE('',#10470,#10590,#10592,.T.);
#10590 = VERTEX_POINT('',#10591);
#10591 = CARTESIAN_POINT('',(44.,-25.,12.));
#10592 = SURFACE_CURVE('',#10593,(#10597,#10604),.PCURVE_S1.);
#10593 = LINE('',#10594,#10595);
#10594 = CARTESIAN_POINT('',(-44.,-25.,12.));
#10595 = VECTOR('',#10596,1.);
#10596 = DIRECTION('',(1.,0.,-0.));
#10597 = PCURVE('',#10492,#10598);
#10598 = DEFINITIONAL_REPRESENTATION('',(#10599),#10603);
#10599 = LINE('',#10600,#10601);
#10600 = CARTESIAN_POINT('',(0.,0.));
#10601 = VECTOR('',#10602,1.);
#10602 = DIRECTION('',(0.,1.));
#10603 = ( GEOMETRIC_REPRESENTATION_CONTEXT(2) 
PARAMETRIC_REPRESENTATION_CONTEXT() REPRESENTATION_CONTEXT('2D SPACE',''
  ) );
#10604 = PCURVE('',#10520,#10605);
#10605 = DEFINITIONAL_REPRESENTATION('',(#10606),#10610);
#10606 = LINE('',#10607,#10608);
#10607 = CARTESIAN_POINT('',(0.,0.));
#10608 = VECTOR('',#10609,1.);
#10609 = DIRECTION('',(1.,0.));
#10610 = ( GEOMETRIC_REPRESENTATION_CONTEXT(2) 
PARAMETRIC_REPRESENTATION_CONTEXT() REPRESENTATION_CONTEXT('2D SPACE',''
  ) );
#10611 = ORIENTED_EDGE('',*,*,#10469,.T.);
#10612 = ORIENTED_EDGE('',*,*,#10613,.T.);
#10613 = EDGE_CURVE('',#10472,#10614,#10616,.T.);
#10614 = VERTEX_POINT('',#10615);
#10615 = CARTESIAN_POINT('',(44.,-25.,15.));
#10616 = SURFACE_CURVE('',#10617,(#10621,#10628),.PCURVE_S1.);
#10617 = LINE('',#10618,#10619);
#10618 = CARTESIAN_POINT('',(-44.,-25.,15.));
#10619 = VECTOR('',#10620,1.);
#10620 = DIRECTION('',(1.,0.,-0.));
#10621 = PCURVE('',#10492,#10622);
#10622 = DEFINITIONAL_REPRESENTATION('',(#10623),#10627);
#10623 = LINE('',#10624,#10625);
#10624 = CARTESIAN_POINT('',(3.,0.));
#10625 = VECTOR('',#10626,1.);
#10626 = DIRECTION('',(0.,1.));
#10627 = ( GEOMETRIC_REPRESENTATION_CONTEXT(2) 
PARAMETRIC_REPRESENTATION_CONTEXT() REPRESENTATION_CONTEXT('2D SPACE',''
  ) );
#10628 = PCURVE('',#10574,#10629);
#10629 = DEFINITIONAL_REPRESENTATION('',(#10630),#10634);
#10630 = LINE('',#10631,#10632);
#10631 = CARTESIAN_POINT('',(0.,0.));
#10632 = VECTOR('',#10633,1.);
#10633 = DIRECTION('',(1.,0.));
#10634 = ( GEOMETRIC_REPRESENTATION_CONTEXT(2) 
PARAMETRIC_REPRESENTATION_CONTEXT() REPRESENTATION_CONTEXT('2D SPACE',''
  ) );
#10635 = ORIENTED_EDGE('',*,*,#10636,.F.);
#10636 = EDGE_CURVE('',#10590,#10614,#10637,.T.);
#10637 = SURFACE_CURVE('',#10638,(#10642,#10649),.PCURVE_S1.);
#10638 = LINE('',#10639,#10640);
#10639 = CARTESIAN_POINT('',(44.,-25.,12.));
#10640 = VECTOR('',#10641,1.);
#10641 = DIRECTION('',(0.,0.,1.));
#10642 = PCURVE('',#10492,#10643);
#10643 = DEFINITIONAL_REPRESENTATION('',(#10644),#10648);
#10644 = LINE('',#10645,#10646);
#10645 = CARTESIAN_POINT('',(0.,88.));
#10646 = VECTOR('',#10647,1.);
#10647 = DIRECTION('',(1.,0.));
#10648 = ( GEOMETRIC_REPRESENTATION_CONTEXT(2) 
PARAMETRIC_REPRESENTATION_CONTEXT() REPRESENTATION_CONTEXT('2D SPACE',''
  ) );
#10649 = PCURVE('',#10650,#10655);
#10650 = PLANE('',#10651);
#10651 = AXIS2_PLACEMENT_3D('',#10652,#10653,#10654);
#10652 = CARTESIAN_POINT('',(44.,-25.,12.));
#10653 = DIRECTION('',(1.,0.,-0.));
#10654 = DIRECTION('',(0.,0.,1.));
#10655 = DEFINITIONAL_REPRESENTATION('',(#10656),#10660);
#10656 = LINE('',#10657,#10658);
#10657 = CARTESIAN_POINT('',(0.,0.));
#10658 = VECTOR('',#10659,1.);
#10659 = DIRECTION('',(1.,0.));
#10660 = ( GEOMETRIC_REPRESENTATION_CONTEXT(2) 
PARAMETRIC_REPRESENTATION_CONTEXT() REPRESENTATION_CONTEXT('2D SPACE',''
  ) );
#10661 = ADVANCED_FACE('',(#10662,#10710,#10741,#10772,#10803,#10834),
  #10574,.T.);
#10662 = FACE_BOUND('',#10663,.T.);
#10663 = EDGE_LOOP('',(#10664,#10665,#10666,#10689));
#10664 = ORIENTED_EDGE('',*,*,#10560,.F.);
#10665 = ORIENTED_EDGE('',*,*,#10613,.T.);
#10666 = ORIENTED_EDGE('',*,*,#10667,.T.);
#10667 = EDGE_CURVE('',#10614,#10668,#10670,.T.);
#10668 = VERTEX_POINT('',#10669);
#10669 = CARTESIAN_POINT('',(44.,41.,15.));
#10670 = SURFACE_CURVE('',#10671,(#10675,#10682),.PCURVE_S1.);
#10671 = LINE('',#10672,#10673);
#10672 = CARTESIAN_POINT('',(44.,-25.,15.));
#10673 = VECTOR('',#10674,1.);
#10674 = DIRECTION('',(-0.,1.,0.));
#10675 = PCURVE('',#10574,#10676);
#10676 = DEFINITIONAL_REPRESENTATION('',(#10677),#10681);
#10677 = LINE('',#10678,#10679);
#10678 = CARTESIAN_POINT('',(88.,0.));
#10679 = VECTOR('',#10680,1.);
#10680 = DIRECTION('',(0.,1.));
#10681 = ( GEOMETRIC_REPRESENTATION_CONTEXT(2) 
PARAMETRIC_REPRESENTATION_CONTEXT() REPRESENTATION_CONTEXT('2D SPACE',''
  ) );
#10682 = PCURVE('',#10650,#10683);
#10683 = DEFINITIONAL_REPRESENTATION('',(#10684),#10688);
#10684 = LINE('',#10685,#10686);
#10685 = CARTESIAN_POINT('',(3.,0.));
#10686 = VECTOR('',#10687,1.);
#10687 = DIRECTION('',(0.,-1.));
#10688 = ( GEOMETRIC_REPRESENTATION_CONTEXT(2) 
PARAMETRIC_REPRESENTATION_CONTEXT() REPRESENTATION_CONTEXT('2D SPACE',''
  ) );
#10689 = ORIENTED_EDGE('',*,*,#10690,.F.);
#10690 = EDGE_CURVE('',#10533,#10668,#10691,.T.);
#10691 = SURFACE_CURVE('',#10692,(#10696,#10703),.PCURVE_S1.);
#10692 = LINE('',#10693,#10694);
#10693 = CARTESIAN_POINT('',(-44.,41.,15.));
#10694 = VECTOR('',#10695,1.);
#10695 = DIRECTION('',(1.,0.,-0.));
#10696 = PCURVE('',#10574,#10697);
#10697 = DEFINITIONAL_REPRESENTATION('',(#10698),#10702);
#10698 = LINE('',#10699,#10700);
#10699 = CARTESIAN_POINT('',(0.,66.));
#10700 = VECTOR('',#10701,1.);
#10701 = DIRECTION('',(1.,0.));
#10702 = ( GEOMETRIC_REPRESENTATION_CONTEXT(2) 
PARAMETRIC_REPRESENTATION_CONTEXT() REPRESENTATION_CONTEXT('2D SPACE',''
  ) );
#10703 = PCURVE('',#10548,#10704);
#10704 = DEFINITIONAL_REPRESENTATION('',(#10705),#10709);
#10705 = LINE('',#10706,#10707);
#10706 = CARTESIAN_POINT('',(3.,0.));
#10707 = VECTOR('',#10708,1.);
#10708 = DIRECTION('',(0.,1.));
#10709 = ( GEOMETRIC_REPRESENTATION_CONTEXT(2) 
PARAMETRIC_REPRESENTATION_CONTEXT() REPRESENTATION_CONTEXT('2D SPACE',''
  ) );
#10710 = FACE_BOUND('',#10711,.T.);
#10711 = EDGE_LOOP('',(#10712));
#10712 = ORIENTED_EDGE('',*,*,#10713,.F.);
#10713 = EDGE_CURVE('',#10714,#10714,#10716,.T.);
#10714 = VERTEX_POINT('',#10715);
#10715 = CARTESIAN_POINT('',(-37.8,-21.,15.));
#10716 = SURFACE_CURVE('',#10717,(#10722,#10729),.PCURVE_S1.);
#10717 = CIRCLE('',#10718,2.2);
#10718 = AXIS2_PLACEMENT_3D('',#10719,#10720,#10721);
#10719 = CARTESIAN_POINT('',(-40.,-21.,15.));
#10720 = DIRECTION('',(0.,0.,1.));
#10721 = DIRECTION('',(1.,0.,-0.));
#10722 = PCURVE('',#10574,#10723);
#10723 = DEFINITIONAL_REPRESENTATION('',(#10724),#10728);
#10724 = CIRCLE('',#10725,2.2);
#10725 = AXIS2_PLACEMENT_2D('',#10726,#10727);
#10726 = CARTESIAN_POINT('',(4.,4.));
#10727 = DIRECTION('',(1.,0.));
#10728 = ( GEOMETRIC_REPRESENTATION_CONTEXT(2) 
PARAMETRIC_REPRESENTATION_CONTEXT() REPRESENTATION_CONTEXT('2D SPACE',''
  ) );
#10729 = PCURVE('',#10730,#10735);
#10730 = CYLINDRICAL_SURFACE('',#10731,2.2);
#10731 = AXIS2_PLACEMENT_3D('',#10732,#10733,#10734);
#10732 = CARTESIAN_POINT('',(-40.,-21.,11.));
#10733 = DIRECTION('',(0.,0.,1.));
#10734 = DIRECTION('',(1.,0.,-0.));
#10735 = DEFINITIONAL_REPRESENTATION('',(#10736),#10740);
#10736 = LINE('',#10737,#10738);
#10737 = CARTESIAN_POINT('',(0.,4.));
#10738 = VECTOR('',#10739,1.);
#10739 = DIRECTION('',(1.,0.));
#10740 = ( GEOMETRIC_REPRESENTATION_CONTEXT(2) 
PARAMETRIC_REPRESENTATION_CONTEXT() REPRESENTATION_CONTEXT('2D SPACE',''
  ) );
#10741 = FACE_BOUND('',#10742,.T.);
#10742 = EDGE_LOOP('',(#10743));
#10743 = ORIENTED_EDGE('',*,*,#10744,.F.);
#10744 = EDGE_CURVE('',#10745,#10745,#10747,.T.);
#10745 = VERTEX_POINT('',#10746);
#10746 = CARTESIAN_POINT('',(42.2,-21.,15.));
#10747 = SURFACE_CURVE('',#10748,(#10753,#10760),.PCURVE_S1.);
#10748 = CIRCLE('',#10749,2.2);
#10749 = AXIS2_PLACEMENT_3D('',#10750,#10751,#10752);
#10750 = CARTESIAN_POINT('',(40.,-21.,15.));
#10751 = DIRECTION('',(0.,0.,1.));
#10752 = DIRECTION('',(1.,0.,-0.));
#10753 = PCURVE('',#10574,#10754);
#10754 = DEFINITIONAL_REPRESENTATION('',(#10755),#10759);
#10755 = CIRCLE('',#10756,2.2);
#10756 = AXIS2_PLACEMENT_2D('',#10757,#10758);
#10757 = CARTESIAN_POINT('',(84.,4.));
#10758 = DIRECTION('',(1.,0.));
#10759 = ( GEOMETRIC_REPRESENTATION_CONTEXT(2) 
PARAMETRIC_REPRESENTATION_CONTEXT() REPRESENTATION_CONTEXT('2D SPACE',''
  ) );
#10760 = PCURVE('',#10761,#10766);
#10761 = CYLINDRICAL_SURFACE('',#10762,2.2);
#10762 = AXIS2_PLACEMENT_3D('',#10763,#10764,#10765);
#10763 = CARTESIAN_POINT('',(40.,-21.,11.));
#10764 = DIRECTION('',(0.,0.,1.));
#10765 = DIRECTION('',(1.,0.,-0.));
#10766 = DEFINITIONAL_REPRESENTATION('',(#10767),#10771);
#10767 = LINE('',#10768,#10769);
#10768 = CARTESIAN_POINT('',(0.,4.));
#10769 = VECTOR('',#10770,1.);
#10770 = DIRECTION('',(1.,0.));
#10771 = ( GEOMETRIC_REPRESENTATION_CONTEXT(2) 
PARAMETRIC_REPRESENTATION_CONTEXT() REPRESENTATION_CONTEXT('2D SPACE',''
  ) );
#10772 = FACE_BOUND('',#10773,.T.);
#10773 = EDGE_LOOP('',(#10774));
#10774 = ORIENTED_EDGE('',*,*,#10775,.F.);
#10775 = EDGE_CURVE('',#10776,#10776,#10778,.T.);
#10776 = VERTEX_POINT('',#10777);
#10777 = CARTESIAN_POINT('',(8.,8.,15.));
#10778 = SURFACE_CURVE('',#10779,(#10784,#10791),.PCURVE_S1.);
#10779 = CIRCLE('',#10780,8.);
#10780 = AXIS2_PLACEMENT_3D('',#10781,#10782,#10783);
#10781 = CARTESIAN_POINT('',(0.,8.,15.));
#10782 = DIRECTION('',(0.,0.,1.));
#10783 = DIRECTION('',(1.,0.,-0.));
#10784 = PCURVE('',#10574,#10785);
#10785 = DEFINITIONAL_REPRESENTATION('',(#10786),#10790);
#10786 = CIRCLE('',#10787,8.);
#10787 = AXIS2_PLACEMENT_2D('',#10788,#10789);
#10788 = CARTESIAN_POINT('',(44.,33.));
#10789 = DIRECTION('',(1.,0.));
#10790 = ( GEOMETRIC_REPRESENTATION_CONTEXT(2) 
PARAMETRIC_REPRESENTATION_CONTEXT() REPRESENTATION_CONTEXT('2D SPACE',''
  ) );
#10791 = PCURVE('',#10792,#10797);
#10792 = CYLINDRICAL_SURFACE('',#10793,8.);
#10793 = AXIS2_PLACEMENT_3D('',#10794,#10795,#10796);
#10794 = CARTESIAN_POINT('',(0.,8.,11.));
#10795 = DIRECTION('',(0.,0.,1.));
#10796 = DIRECTION('',(1.,0.,-0.));
#10797 = DEFINITIONAL_REPRESENTATION('',(#10798),#10802);
#10798 = LINE('',#10799,#10800);
#10799 = CARTESIAN_POINT('',(0.,4.));
#10800 = VECTOR('',#10801,1.);
#10801 = DIRECTION('',(1.,0.));
#10802 = ( GEOMETRIC_REPRESENTATION_CONTEXT(2) 
PARAMETRIC_REPRESENTATION_CONTEXT() REPRESENTATION_CONTEXT('2D SPACE',''
  ) );
#10803 = FACE_BOUND('',#10804,.T.);
#10804 = EDGE_LOOP('',(#10805));
#10805 = ORIENTED_EDGE('',*,*,#10806,.F.);
#10806 = EDGE_CURVE('',#10807,#10807,#10809,.T.);
#10807 = VERTEX_POINT('',#10808);
#10808 = CARTESIAN_POINT('',(-37.8,37.,15.));
#10809 = SURFACE_CURVE('',#10810,(#10815,#10822),.PCURVE_S1.);
#10810 = CIRCLE('',#10811,2.2);
#10811 = AXIS2_PLACEMENT_3D('',#10812,#10813,#10814);
#10812 = CARTESIAN_POINT('',(-40.,37.,15.));
#10813 = DIRECTION('',(0.,0.,1.));
#10814 = DIRECTION('',(1.,0.,-0.));
#10815 = PCURVE('',#10574,#10816);
#10816 = DEFINITIONAL_REPRESENTATION('',(#10817),#10821);
#10817 = CIRCLE('',#10818,2.2);
#10818 = AXIS2_PLACEMENT_2D('',#10819,#10820);
#10819 = CARTESIAN_POINT('',(4.,62.));
#10820 = DIRECTION('',(1.,0.));
#10821 = ( GEOMETRIC_REPRESENTATION_CONTEXT(2) 
PARAMETRIC_REPRESENTATION_CONTEXT() REPRESENTATION_CONTEXT('2D SPACE',''
  ) );
#10822 = PCURVE('',#10823,#10828);
#10823 = CYLINDRICAL_SURFACE('',#10824,2.2);
#10824 = AXIS2_PLACEMENT_3D('',#10825,#10826,#10827);
#10825 = CARTESIAN_POINT('',(-40.,37.,11.));
#10826 = DIRECTION('',(0.,0.,1.));
#10827 = DIRECTION('',(1.,0.,-0.));
#10828 = DEFINITIONAL_REPRESENTATION('',(#10829),#10833);
#10829 = LINE('',#10830,#10831);
#10830 = CARTESIAN_POINT('',(0.,4.));
#10831 = VECTOR('',#10832,1.);
#10832 = DIRECTION('',(1.,0.));
#10833 = ( GEOMETRIC_REPRESENTATION_CONTEXT(2) 
PARAMETRIC_REPRESENTATION_CONTEXT() REPRESENTATION_CONTEXT('2D SPACE',''
  ) );
#10834 = FACE_BOUND('',#10835,.T.);
#10835 = EDGE_LOOP('',(#10836));
#10836 = ORIENTED_EDGE('',*,*,#10837,.F.);
#10837 = EDGE_CURVE('',#10838,#10838,#10840,.T.);
#10838 = VERTEX_POINT('',#10839);
#10839 = CARTESIAN_POINT('',(42.2,37.,15.));
#10840 = SURFACE_CURVE('',#10841,(#10846,#10853),.PCURVE_S1.);
#10841 = CIRCLE('',#10842,2.2);
#10842 = AXIS2_PLACEMENT_3D('',#10843,#10844,#10845);
#10843 = CARTESIAN_POINT('',(40.,37.,15.));
#10844 = DIRECTION('',(0.,0.,1.));
#10845 = DIRECTION('',(1.,0.,-0.));
#10846 = PCURVE('',#10574,#10847);
#10847 = DEFINITIONAL_REPRESENTATION('',(#10848),#10852);
#10848 = CIRCLE('',#10849,2.2);
#10849 = AXIS2_PLACEMENT_2D('',#10850,#10851);
#10850 = CARTESIAN_POINT('',(84.,62.));
#10851 = DIRECTION('',(1.,0.));
#10852 = ( GEOMETRIC_REPRESENTATION_CONTEXT(2) 
PARAMETRIC_REPRESENTATION_CONTEXT() REPRESENTATION_CONTEXT('2D SPACE',''
  ) );
#10853 = PCURVE('',#10854,#10859);
#10854 = CYLINDRICAL_SURFACE('',#10855,2.2);
#10855 = AXIS2_PLACEMENT_3D('',#10856,#10857,#10858);
#10856 = CARTESIAN_POINT('',(40.,37.,11.));
#10857 = DIRECTION('',(0.,0.,1.));
#10858 = DIRECTION('',(1.,0.,-0.));
#10859 = DEFINITIONAL_REPRESENTATION('',(#10860),#10864);
#10860 = LINE('',#10861,#10862);
#10861 = CARTESIAN_POINT('',(0.,4.));
#10862 = VECTOR('',#10863,1.);
#10863 = DIRECTION('',(1.,0.));
#10864 = ( GEOMETRIC_REPRESENTATION_CONTEXT(2) 
PARAMETRIC_REPRESENTATION_CONTEXT() REPRESENTATION_CONTEXT('2D SPACE',''
  ) );
#10865 = ADVANCED_FACE('',(#10866),#10548,.T.);
#10866 = FACE_BOUND('',#10867,.T.);
#10867 = EDGE_LOOP('',(#10868,#10891,#10892,#10893));
#10868 = ORIENTED_EDGE('',*,*,#10869,.F.);
#10869 = EDGE_CURVE('',#10505,#10870,#10872,.T.);
#10870 = VERTEX_POINT('',#10871);
#10871 = CARTESIAN_POINT('',(44.,41.,12.));
#10872 = SURFACE_CURVE('',#10873,(#10877,#10884),.PCURVE_S1.);
#10873 = LINE('',#10874,#10875);
#10874 = CARTESIAN_POINT('',(-44.,41.,12.));
#10875 = VECTOR('',#10876,1.);
#10876 = DIRECTION('',(1.,0.,-0.));
#10877 = PCURVE('',#10548,#10878);
#10878 = DEFINITIONAL_REPRESENTATION('',(#10879),#10883);
#10879 = LINE('',#10880,#10881);
#10880 = CARTESIAN_POINT('',(0.,0.));
#10881 = VECTOR('',#10882,1.);
#10882 = DIRECTION('',(0.,1.));
#10883 = ( GEOMETRIC_REPRESENTATION_CONTEXT(2) 
PARAMETRIC_REPRESENTATION_CONTEXT() REPRESENTATION_CONTEXT('2D SPACE',''
  ) );
#10884 = PCURVE('',#10520,#10885);
#10885 = DEFINITIONAL_REPRESENTATION('',(#10886),#10890);
#10886 = LINE('',#10887,#10888);
#10887 = CARTESIAN_POINT('',(0.,66.));
#10888 = VECTOR('',#10889,1.);
#10889 = DIRECTION('',(1.,0.));
#10890 = ( GEOMETRIC_REPRESENTATION_CONTEXT(2) 
PARAMETRIC_REPRESENTATION_CONTEXT() REPRESENTATION_CONTEXT('2D SPACE',''
  ) );
#10891 = ORIENTED_EDGE('',*,*,#10532,.T.);
#10892 = ORIENTED_EDGE('',*,*,#10690,.T.);
#10893 = ORIENTED_EDGE('',*,*,#10894,.F.);
#10894 = EDGE_CURVE('',#10870,#10668,#10895,.T.);
#10895 = SURFACE_CURVE('',#10896,(#10900,#10907),.PCURVE_S1.);
#10896 = LINE('',#10897,#10898);
#10897 = CARTESIAN_POINT('',(44.,41.,12.));
#10898 = VECTOR('',#10899,1.);
#10899 = DIRECTION('',(0.,0.,1.));
#10900 = PCURVE('',#10548,#10901);
#10901 = DEFINITIONAL_REPRESENTATION('',(#10902),#10906);
#10902 = LINE('',#10903,#10904);
#10903 = CARTESIAN_POINT('',(0.,88.));
#10904 = VECTOR('',#10905,1.);
#10905 = DIRECTION('',(1.,0.));
#10906 = ( GEOMETRIC_REPRESENTATION_CONTEXT(2) 
PARAMETRIC_REPRESENTATION_CONTEXT() REPRESENTATION_CONTEXT('2D SPACE',''
  ) );
#10907 = PCURVE('',#10650,#10908);
#10908 = DEFINITIONAL_REPRESENTATION('',(#10909),#10913);
#10909 = LINE('',#10910,#10911);
#10910 = CARTESIAN_POINT('',(0.,-66.));
#10911 = VECTOR('',#10912,1.);
#10912 = DIRECTION('',(1.,0.));
#10913 = ( GEOMETRIC_REPRESENTATION_CONTEXT(2) 
PARAMETRIC_REPRESENTATION_CONTEXT() REPRESENTATION_CONTEXT('2D SPACE',''
  ) );
#10914 = ADVANCED_FACE('',(#10915,#10941,#10967,#10993,#11019,#11045),
  #10520,.F.);
#10915 = FACE_BOUND('',#10916,.F.);
#10916 = EDGE_LOOP('',(#10917,#10918,#10919,#10940));
#10917 = ORIENTED_EDGE('',*,*,#10504,.F.);
#10918 = ORIENTED_EDGE('',*,*,#10589,.T.);
#10919 = ORIENTED_EDGE('',*,*,#10920,.T.);
#10920 = EDGE_CURVE('',#10590,#10870,#10921,.T.);
#10921 = SURFACE_CURVE('',#10922,(#10926,#10933),.PCURVE_S1.);
#10922 = LINE('',#10923,#10924);
#10923 = CARTESIAN_POINT('',(44.,-25.,12.));
#10924 = VECTOR('',#10925,1.);
#10925 = DIRECTION('',(-0.,1.,0.));
#10926 = PCURVE('',#10520,#10927);
#10927 = DEFINITIONAL_REPRESENTATION('',(#10928),#10932);
#10928 = LINE('',#10929,#10930);
#10929 = CARTESIAN_POINT('',(88.,0.));
#10930 = VECTOR('',#10931,1.);
#10931 = DIRECTION('',(0.,1.));
#10932 = ( GEOMETRIC_REPRESENTATION_CONTEXT(2) 
PARAMETRIC_REPRESENTATION_CONTEXT() REPRESENTATION_CONTEXT('2D SPACE',''
  ) );
#10933 = PCURVE('',#10650,#10934);
#10934 = DEFINITIONAL_REPRESENTATION('',(#10935),#10939);
#10935 = LINE('',#10936,#10937);
#10936 = CARTESIAN_POINT('',(0.,0.));
#10937 = VECTOR('',#10938,1.);
#10938 = DIRECTION('',(0.,-1.));
#10939 = ( GEOMETRIC_REPRESENTATION_CONTEXT(2) 
PARAMETRIC_REPRESENTATION_CONTEXT() REPRESENTATION_CONTEXT('2D SPACE',''
  ) );
#10940 = ORIENTED_EDGE('',*,*,#10869,.F.);
#10941 = FACE_BOUND('',#10942,.F.);
#10942 = EDGE_LOOP('',(#10943));
#10943 = ORIENTED_EDGE('',*,*,#10944,.F.);
#10944 = EDGE_CURVE('',#10945,#10945,#10947,.T.);
#10945 = VERTEX_POINT('',#10946);
#10946 = CARTESIAN_POINT('',(-37.8,-21.,12.));
#10947 = SURFACE_CURVE('',#10948,(#10953,#10960),.PCURVE_S1.);
#10948 = CIRCLE('',#10949,2.2);
#10949 = AXIS2_PLACEMENT_3D('',#10950,#10951,#10952);
#10950 = CARTESIAN_POINT('',(-40.,-21.,12.));
#10951 = DIRECTION('',(0.,0.,1.));
#10952 = DIRECTION('',(1.,0.,-0.));
#10953 = PCURVE('',#10520,#10954);
#10954 = DEFINITIONAL_REPRESENTATION('',(#10955),#10959);
#10955 = CIRCLE('',#10956,2.2);
#10956 = AXIS2_PLACEMENT_2D('',#10957,#10958);
#10957 = CARTESIAN_POINT('',(4.,4.));
#10958 = DIRECTION('',(1.,0.));
#10959 = ( GEOMETRIC_REPRESENTATION_CONTEXT(2) 
PARAMETRIC_REPRESENTATION_CONTEXT() REPRESENTATION_CONTEXT('2D SPACE',''
  ) );
#10960 = PCURVE('',#10730,#10961);
#10961 = DEFINITIONAL_REPRESENTATION('',(#10962),#10966);
#10962 = LINE('',#10963,#10964);
#10963 = CARTESIAN_POINT('',(0.,1.));
#10964 = VECTOR('',#10965,1.);
#10965 = DIRECTION('',(1.,0.));
#10966 = ( GEOMETRIC_REPRESENTATION_CONTEXT(2) 
PARAMETRIC_REPRESENTATION_CONTEXT() REPRESENTATION_CONTEXT('2D SPACE',''
  ) );
#10967 = FACE_BOUND('',#10968,.F.);
#10968 = EDGE_LOOP('',(#10969));
#10969 = ORIENTED_EDGE('',*,*,#10970,.F.);
#10970 = EDGE_CURVE('',#10971,#10971,#10973,.T.);
#10971 = VERTEX_POINT('',#10972);
#10972 = CARTESIAN_POINT('',(42.2,-21.,12.));
#10973 = SURFACE_CURVE('',#10974,(#10979,#10986),.PCURVE_S1.);
#10974 = CIRCLE('',#10975,2.2);
#10975 = AXIS2_PLACEMENT_3D('',#10976,#10977,#10978);
#10976 = CARTESIAN_POINT('',(40.,-21.,12.));
#10977 = DIRECTION('',(0.,0.,1.));
#10978 = DIRECTION('',(1.,0.,-0.));
#10979 = PCURVE('',#10520,#10980);
#10980 = DEFINITIONAL_REPRESENTATION('',(#10981),#10985);
#10981 = CIRCLE('',#10982,2.2);
#10982 = AXIS2_PLACEMENT_2D('',#10983,#10984);
#10983 = CARTESIAN_POINT('',(84.,4.));
#10984 = DIRECTION('',(1.,0.));
#10985 = ( GEOMETRIC_REPRESENTATION_CONTEXT(2) 
PARAMETRIC_REPRESENTATION_CONTEXT() REPRESENTATION_CONTEXT('2D SPACE',''
  ) );
#10986 = PCURVE('',#10761,#10987);
#10987 = DEFINITIONAL_REPRESENTATION('',(#10988),#10992);
#10988 = LINE('',#10989,#10990);
#10989 = CARTESIAN_POINT('',(0.,1.));
#10990 = VECTOR('',#10991,1.);
#10991 = DIRECTION('',(1.,0.));
#10992 = ( GEOMETRIC_REPRESENTATION_CONTEXT(2) 
PARAMETRIC_REPRESENTATION_CONTEXT() REPRESENTATION_CONTEXT('2D SPACE',''
  ) );
#10993 = FACE_BOUND('',#10994,.F.);
#10994 = EDGE_LOOP('',(#10995));
#10995 = ORIENTED_EDGE('',*,*,#10996,.F.);
#10996 = EDGE_CURVE('',#10997,#10997,#10999,.T.);
#10997 = VERTEX_POINT('',#10998);
#10998 = CARTESIAN_POINT('',(8.,8.,12.));
#10999 = SURFACE_CURVE('',#11000,(#11005,#11012),.PCURVE_S1.);
#11000 = CIRCLE('',#11001,8.);
#11001 = AXIS2_PLACEMENT_3D('',#11002,#11003,#11004);
#11002 = CARTESIAN_POINT('',(0.,8.,12.));
#11003 = DIRECTION('',(0.,0.,1.));
#11004 = DIRECTION('',(1.,0.,-0.));
#11005 = PCURVE('',#10520,#11006);
#11006 = DEFINITIONAL_REPRESENTATION('',(#11007),#11011);
#11007 = CIRCLE('',#11008,8.);
#11008 = AXIS2_PLACEMENT_2D('',#11009,#11010);
#11009 = CARTESIAN_POINT('',(44.,33.));
#11010 = DIRECTION('',(1.,0.));
#11011 = ( GEOMETRIC_REPRESENTATION_CONTEXT(2) 
PARAMETRIC_REPRESENTATION_CONTEXT() REPRESENTATION_CONTEXT('2D SPACE',''
  ) );
#11012 = PCURVE('',#10792,#11013);
#11013 = DEFINITIONAL_REPRESENTATION('',(#11014),#11018);
#11014 = LINE('',#11015,#11016);
#11015 = CARTESIAN_POINT('',(0.,1.));
#11016 = VECTOR('',#11017,1.);
#11017 = DIRECTION('',(1.,0.));
#11018 = ( GEOMETRIC_REPRESENTATION_CONTEXT(2) 
PARAMETRIC_REPRESENTATION_CONTEXT() REPRESENTATION_CONTEXT('2D SPACE',''
  ) );
#11019 = FACE_BOUND('',#11020,.F.);
#11020 = EDGE_LOOP('',(#11021));
#11021 = ORIENTED_EDGE('',*,*,#11022,.F.);
#11022 = EDGE_CURVE('',#11023,#11023,#11025,.T.);
#11023 = VERTEX_POINT('',#11024);
#11024 = CARTESIAN_POINT('',(-37.8,37.,12.));
#11025 = SURFACE_CURVE('',#11026,(#11031,#11038),.PCURVE_S1.);
#11026 = CIRCLE('',#11027,2.2);
#11027 = AXIS2_PLACEMENT_3D('',#11028,#11029,#11030);
#11028 = CARTESIAN_POINT('',(-40.,37.,12.));
#11029 = DIRECTION('',(0.,0.,1.));
#11030 = DIRECTION('',(1.,0.,-0.));
#11031 = PCURVE('',#10520,#11032);
#11032 = DEFINITIONAL_REPRESENTATION('',(#11033),#11037);
#11033 = CIRCLE('',#11034,2.2);
#11034 = AXIS2_PLACEMENT_2D('',#11035,#11036);
#11035 = CARTESIAN_POINT('',(4.,62.));
#11036 = DIRECTION('',(1.,0.));
#11037 = ( GEOMETRIC_REPRESENTATION_CONTEXT(2) 
PARAMETRIC_REPRESENTATION_CONTEXT() REPRESENTATION_CONTEXT('2D SPACE',''
  ) );
#11038 = PCURVE('',#10823,#11039);
#11039 = DEFINITIONAL_REPRESENTATION('',(#11040),#11044);
#11040 = LINE('',#11041,#11042);
#11041 = CARTESIAN_POINT('',(0.,1.));
#11042 = VECTOR('',#11043,1.);
#11043 = DIRECTION('',(1.,0.));
#11044 = ( GEOMETRIC_REPRESENTATION_CONTEXT(2) 
PARAMETRIC_REPRESENTATION_CONTEXT() REPRESENTATION_CONTEXT('2D SPACE',''
  ) );
#11045 = FACE_BOUND('',#11046,.F.);
#11046 = EDGE_LOOP('',(#11047));
#11047 = ORIENTED_EDGE('',*,*,#11048,.F.);
#11048 = EDGE_CURVE('',#11049,#11049,#11051,.T.);
#11049 = VERTEX_POINT('',#11050);
#11050 = CARTESIAN_POINT('',(42.2,37.,12.));
#11051 = SURFACE_CURVE('',#11052,(#11057,#11064),.PCURVE_S1.);
#11052 = CIRCLE('',#11053,2.2);
#11053 = AXIS2_PLACEMENT_3D('',#11054,#11055,#11056);
#11054 = CARTESIAN_POINT('',(40.,37.,12.));
#11055 = DIRECTION('',(0.,0.,1.));
#11056 = DIRECTION('',(1.,0.,-0.));
#11057 = PCURVE('',#10520,#11058);
#11058 = DEFINITIONAL_REPRESENTATION('',(#11059),#11063);
#11059 = CIRCLE('',#11060,2.2);
#11060 = AXIS2_PLACEMENT_2D('',#11061,#11062);
#11061 = CARTESIAN_POINT('',(84.,62.));
#11062 = DIRECTION('',(1.,0.));
#11063 = ( GEOMETRIC_REPRESENTATION_CONTEXT(2) 
PARAMETRIC_REPRESENTATION_CONTEXT() REPRESENTATION_CONTEXT('2D SPACE',''
  ) );
#11064 = PCURVE('',#10854,#11065);
#11065 = DEFINITIONAL_REPRESENTATION('',(#11066),#11070);
#11066 = LINE('',#11067,#11068);
#11067 = CARTESIAN_POINT('',(0.,1.));
#11068 = VECTOR('',#11069,1.);
#11069 = DIRECTION('',(1.,0.));
#11070 = ( GEOMETRIC_REPRESENTATION_CONTEXT(2) 
PARAMETRIC_REPRESENTATION_CONTEXT() REPRESENTATION_CONTEXT('2D SPACE',''
  ) );
#11071 = ADVANCED_FACE('',(#11072),#10650,.T.);
#11072 = FACE_BOUND('',#11073,.T.);
#11073 = EDGE_LOOP('',(#11074,#11075,#11076,#11077));
#11074 = ORIENTED_EDGE('',*,*,#10636,.F.);
#11075 = ORIENTED_EDGE('',*,*,#10920,.T.);
#11076 = ORIENTED_EDGE('',*,*,#10894,.T.);
#11077 = ORIENTED_EDGE('',*,*,#10667,.F.);
#11078 = ADVANCED_FACE('',(#11079),#10730,.F.);
#11079 = FACE_BOUND('',#11080,.F.);
#11080 = EDGE_LOOP('',(#11081,#11082,#11103,#11104));
#11081 = ORIENTED_EDGE('',*,*,#10713,.F.);
#11082 = ORIENTED_EDGE('',*,*,#11083,.F.);
#11083 = EDGE_CURVE('',#10945,#10714,#11084,.T.);
#11084 = SEAM_CURVE('',#11085,(#11089,#11096),.PCURVE_S1.);
#11085 = LINE('',#11086,#11087);
#11086 = CARTESIAN_POINT('',(-37.8,-21.,11.));
#11087 = VECTOR('',#11088,1.);
#11088 = DIRECTION('',(0.,0.,1.));
#11089 = PCURVE('',#10730,#11090);
#11090 = DEFINITIONAL_REPRESENTATION('',(#11091),#11095);
#11091 = LINE('',#11092,#11093);
#11092 = CARTESIAN_POINT('',(6.28318530718,-0.));
#11093 = VECTOR('',#11094,1.);
#11094 = DIRECTION('',(0.,1.));
#11095 = ( GEOMETRIC_REPRESENTATION_CONTEXT(2) 
PARAMETRIC_REPRESENTATION_CONTEXT() REPRESENTATION_CONTEXT('2D SPACE',''
  ) );
#11096 = PCURVE('',#10730,#11097);
#11097 = DEFINITIONAL_REPRESENTATION('',(#11098),#11102);
#11098 = LINE('',#11099,#11100);
#11099 = CARTESIAN_POINT('',(0.,-0.));
#11100 = VECTOR('',#11101,1.);
#11101 = DIRECTION('',(0.,1.));
#11102 = ( GEOMETRIC_REPRESENTATION_CONTEXT(2) 
PARAMETRIC_REPRESENTATION_CONTEXT() REPRESENTATION_CONTEXT('2D SPACE',''
  ) );
#11103 = ORIENTED_EDGE('',*,*,#10944,.T.);
#11104 = ORIENTED_EDGE('',*,*,#11083,.T.);
#11105 = ADVANCED_FACE('',(#11106),#10761,.F.);
#11106 = FACE_BOUND('',#11107,.F.);
#11107 = EDGE_LOOP('',(#11108,#11109,#11130,#11131));
#11108 = ORIENTED_EDGE('',*,*,#10744,.F.);
#11109 = ORIENTED_EDGE('',*,*,#11110,.F.);
#11110 = EDGE_CURVE('',#10971,#10745,#11111,.T.);
#11111 = SEAM_CURVE('',#11112,(#11116,#11123),.PCURVE_S1.);
#11112 = LINE('',#11113,#11114);
#11113 = CARTESIAN_POINT('',(42.2,-21.,11.));
#11114 = VECTOR('',#11115,1.);
#11115 = DIRECTION('',(0.,0.,1.));
#11116 = PCURVE('',#10761,#11117);
#11117 = DEFINITIONAL_REPRESENTATION('',(#11118),#11122);
#11118 = LINE('',#11119,#11120);
#11119 = CARTESIAN_POINT('',(6.28318530718,-0.));
#11120 = VECTOR('',#11121,1.);
#11121 = DIRECTION('',(0.,1.));
#11122 = ( GEOMETRIC_REPRESENTATION_CONTEXT(2) 
PARAMETRIC_REPRESENTATION_CONTEXT() REPRESENTATION_CONTEXT('2D SPACE',''
  ) );
#11123 = PCURVE('',#10761,#11124);
#11124 = DEFINITIONAL_REPRESENTATION('',(#11125),#11129);
#11125 = LINE('',#11126,#11127);
#11126 = CARTESIAN_POINT('',(0.,-0.));
#11127 = VECTOR('',#11128,1.);
#11128 = DIRECTION('',(0.,1.));
#11129 = ( GEOMETRIC_REPRESENTATION_CONTEXT(2) 
PARAMETRIC_REPRESENTATION_CONTEXT() REPRESENTATION_CONTEXT('2D SPACE',''
  ) );
#11130 = ORIENTED_EDGE('',*,*,#10970,.T.);
#11131 = ORIENTED_EDGE('',*,*,#11110,.T.);
#11132 = ADVANCED_FACE('',(#11133),#10792,.F.);
#11133 = FACE_BOUND('',#11134,.F.);
#11134 = EDGE_LOOP('',(#11135,#11136,#11157,#11158));
#11135 = ORIENTED_EDGE('',*,*,#10775,.F.);
#11136 = ORIENTED_EDGE('',*,*,#11137,.F.);
#11137 = EDGE_CURVE('',#10997,#10776,#11138,.T.);
#11138 = SEAM_CURVE('',#11139,(#11143,#11150),.PCURVE_S1.);
#11139 = LINE('',#11140,#11141);
#11140 = CARTESIAN_POINT('',(8.,8.,11.));
#11141 = VECTOR('',#11142,1.);
#11142 = DIRECTION('',(0.,0.,1.));
#11143 = PCURVE('',#10792,#11144);
#11144 = DEFINITIONAL_REPRESENTATION('',(#11145),#11149);
#11145 = LINE('',#11146,#11147);
#11146 = CARTESIAN_POINT('',(6.28318530718,-0.));
#11147 = VECTOR('',#11148,1.);
#11148 = DIRECTION('',(0.,1.));
#11149 = ( GEOMETRIC_REPRESENTATION_CONTEXT(2) 
PARAMETRIC_REPRESENTATION_CONTEXT() REPRESENTATION_CONTEXT('2D SPACE',''
  ) );
#11150 = PCURVE('',#10792,#11151);
#11151 = DEFINITIONAL_REPRESENTATION('',(#11152),#11156);
#11152 = LINE('',#11153,#11154);
#11153 = CARTESIAN_POINT('',(0.,-0.));
#11154 = VECTOR('',#11155,1.);
#11155 = DIRECTION('',(0.,1.));
#11156 = ( GEOMETRIC_REPRESENTATION_CONTEXT(2) 
PARAMETRIC_REPRESENTATION_CONTEXT() REPRESENTATION_CONTEXT('2D SPACE',''
  ) );
#11157 = ORIENTED_EDGE('',*,*,#10996,.T.);
#11158 = ORIENTED_EDGE('',*,*,#11137,.T.);
#11159 = ADVANCED_FACE('',(#11160),#10823,.F.);
#11160 = FACE_BOUND('',#11161,.F.);
#11161 = EDGE_LOOP('',(#11162,#11163,#11184,#11185));
#11162 = ORIENTED_EDGE('',*,*,#10806,.F.);
#11163 = ORIENTED_EDGE('',*,*,#11164,.F.);
#11164 = EDGE_CURVE('',#11023,#10807,#11165,.T.);
#11165 = SEAM_CURVE('',#11166,(#11170,#11177),.PCURVE_S1.);
#11166 = LINE('',#11167,#11168);
#11167 = CARTESIAN_POINT('',(-37.8,37.,11.));
#11168 = VECTOR('',#11169,1.);
#11169 = DIRECTION('',(0.,0.,1.));
#11170 = PCURVE('',#10823,#11171);
#11171 = DEFINITIONAL_REPRESENTATION('',(#11172),#11176);
#11172 = LINE('',#11173,#11174);
#11173 = CARTESIAN_POINT('',(6.28318530718,-0.));
#11174 = VECTOR('',#11175,1.);
#11175 = DIRECTION('',(0.,1.));
#11176 = ( GEOMETRIC_REPRESENTATION_CONTEXT(2) 
PARAMETRIC_REPRESENTATION_CONTEXT() REPRESENTATION_CONTEXT('2D SPACE',''
  ) );
#11177 = PCURVE('',#10823,#11178);
#11178 = DEFINITIONAL_REPRESENTATION('',(#11179),#11183);
#11179 = LINE('',#11180,#11181);
#11180 = CARTESIAN_POINT('',(0.,-0.));
#11181 = VECTOR('',#11182,1.);
#11182 = DIRECTION('',(0.,1.));
#11183 = ( GEOMETRIC_REPRESENTATION_CONTEXT(2) 
PARAMETRIC_REPRESENTATION_CONTEXT() REPRESENTATION_CONTEXT('2D SPACE',''
  ) );
#11184 = ORIENTED_EDGE('',*,*,#11022,.T.);
#11185 = ORIENTED_EDGE('',*,*,#11164,.T.);
#11186 = ADVANCED_FACE('',(#11187),#10854,.F.);
#11187 = FACE_BOUND('',#11188,.F.);
#11188 = EDGE_LOOP('',(#11189,#11190,#11211,#11212));
#11189 = ORIENTED_EDGE('',*,*,#10837,.F.);
#11190 = ORIENTED_EDGE('',*,*,#11191,.F.);
#11191 = EDGE_CURVE('',#11049,#10838,#11192,.T.);
#11192 = SEAM_CURVE('',#11193,(#11197,#11204),.PCURVE_S1.);
#11193 = LINE('',#11194,#11195);
#11194 = CARTESIAN_POINT('',(42.2,37.,11.));
#11195 = VECTOR('',#11196,1.);
#11196 = DIRECTION('',(0.,0.,1.));
#11197 = PCURVE('',#10854,#11198);
#11198 = DEFINITIONAL_REPRESENTATION('',(#11199),#11203);
#11199 = LINE('',#11200,#11201);
#11200 = CARTESIAN_POINT('',(6.28318530718,-0.));
#11201 = VECTOR('',#11202,1.);
#11202 = DIRECTION('',(0.,1.));
#11203 = ( GEOMETRIC_REPRESENTATION_CONTEXT(2) 
PARAMETRIC_REPRESENTATION_CONTEXT() REPRESENTATION_CONTEXT('2D SPACE',''
  ) );
#11204 = PCURVE('',#10854,#11205);
#11205 = DEFINITIONAL_REPRESENTATION('',(#11206),#11210);
#11206 = LINE('',#11207,#11208);
#11207 = CARTESIAN_POINT('',(0.,-0.));
#11208 = VECTOR('',#11209,1.);
#11209 = DIRECTION('',(0.,1.));
#11210 = ( GEOMETRIC_REPRESENTATION_CONTEXT(2) 
PARAMETRIC_REPRESENTATION_CONTEXT() REPRESENTATION_CONTEXT('2D SPACE',''
  ) );
#11211 = ORIENTED_EDGE('',*,*,#11048,.T.);
#11212 = ORIENTED_EDGE('',*,*,#11191,.T.);
#11213 = MANIFOLD_SOLID_BREP('',#11214);
#11214 = CLOSED_SHELL('',(#11215,#11335,#11435,#11482,#11529,#11536));
#11215 = ADVANCED_FACE('',(#11216),#11230,.F.);
#11216 = FACE_BOUND('',#11217,.F.);
#11217 = EDGE_LOOP('',(#11218,#11253,#11281,#11309));
#11218 = ORIENTED_EDGE('',*,*,#11219,.F.);
#11219 = EDGE_CURVE('',#11220,#11222,#11224,.T.);
#11220 = VERTEX_POINT('',#11221);
#11221 = CARTESIAN_POINT('',(-75.,-14.,-140.));
#11222 = VERTEX_POINT('',#11223);
#11223 = CARTESIAN_POINT('',(-75.,-14.,-30.));
#11224 = SURFACE_CURVE('',#11225,(#11229,#11241),.PCURVE_S1.);
#11225 = LINE('',#11226,#11227);
#11226 = CARTESIAN_POINT('',(-75.,-14.,-140.));
#11227 = VECTOR('',#11228,1.);
#11228 = DIRECTION('',(0.,0.,1.));
#11229 = PCURVE('',#11230,#11235);
#11230 = PLANE('',#11231);
#11231 = AXIS2_PLACEMENT_3D('',#11232,#11233,#11234);
#11232 = CARTESIAN_POINT('',(-75.,-14.,-140.));
#11233 = DIRECTION('',(1.,0.,-0.));
#11234 = DIRECTION('',(0.,0.,1.));
#11235 = DEFINITIONAL_REPRESENTATION('',(#11236),#11240);
#11236 = LINE('',#11237,#11238);
#11237 = CARTESIAN_POINT('',(0.,0.));
#11238 = VECTOR('',#11239,1.);
#11239 = DIRECTION('',(1.,0.));
#11240 = ( GEOMETRIC_REPRESENTATION_CONTEXT(2) 
PARAMETRIC_REPRESENTATION_CONTEXT() REPRESENTATION_CONTEXT('2D SPACE',''
  ) );
#11241 = PCURVE('',#11242,#11247);
#11242 = PLANE('',#11243);
#11243 = AXIS2_PLACEMENT_3D('',#11244,#11245,#11246);
#11244 = CARTESIAN_POINT('',(-75.,-14.,-140.));
#11245 = DIRECTION('',(-0.,1.,0.));
#11246 = DIRECTION('',(0.,0.,1.));
#11247 = DEFINITIONAL_REPRESENTATION('',(#11248),#11252);
#11248 = LINE('',#11249,#11250);
#11249 = CARTESIAN_POINT('',(0.,0.));
#11250 = VECTOR('',#11251,1.);
#11251 = DIRECTION('',(1.,0.));
#11252 = ( GEOMETRIC_REPRESENTATION_CONTEXT(2) 
PARAMETRIC_REPRESENTATION_CONTEXT() REPRESENTATION_CONTEXT('2D SPACE',''
  ) );
#11253 = ORIENTED_EDGE('',*,*,#11254,.T.);
#11254 = EDGE_CURVE('',#11220,#11255,#11257,.T.);
#11255 = VERTEX_POINT('',#11256);
#11256 = CARTESIAN_POINT('',(-75.,50.,-140.));
#11257 = SURFACE_CURVE('',#11258,(#11262,#11269),.PCURVE_S1.);
#11258 = LINE('',#11259,#11260);
#11259 = CARTESIAN_POINT('',(-75.,-14.,-140.));
#11260 = VECTOR('',#11261,1.);
#11261 = DIRECTION('',(-0.,1.,0.));
#11262 = PCURVE('',#11230,#11263);
#11263 = DEFINITIONAL_REPRESENTATION('',(#11264),#11268);
#11264 = LINE('',#11265,#11266);
#11265 = CARTESIAN_POINT('',(0.,0.));
#11266 = VECTOR('',#11267,1.);
#11267 = DIRECTION('',(0.,-1.));
#11268 = ( GEOMETRIC_REPRESENTATION_CONTEXT(2) 
PARAMETRIC_REPRESENTATION_CONTEXT() REPRESENTATION_CONTEXT('2D SPACE',''
  ) );
#11269 = PCURVE('',#11270,#11275);
#11270 = PLANE('',#11271);
#11271 = AXIS2_PLACEMENT_3D('',#11272,#11273,#11274);
#11272 = CARTESIAN_POINT('',(-75.,-14.,-140.));
#11273 = DIRECTION('',(0.,0.,1.));
#11274 = DIRECTION('',(1.,0.,-0.));
#11275 = DEFINITIONAL_REPRESENTATION('',(#11276),#11280);
#11276 = LINE('',#11277,#11278);
#11277 = CARTESIAN_POINT('',(0.,0.));
#11278 = VECTOR('',#11279,1.);
#11279 = DIRECTION('',(0.,1.));
#11280 = ( GEOMETRIC_REPRESENTATION_CONTEXT(2) 
PARAMETRIC_REPRESENTATION_CONTEXT() REPRESENTATION_CONTEXT('2D SPACE',''
  ) );
#11281 = ORIENTED_EDGE('',*,*,#11282,.T.);
#11282 = EDGE_CURVE('',#11255,#11283,#11285,.T.);
#11283 = VERTEX_POINT('',#11284);
#11284 = CARTESIAN_POINT('',(-75.,50.,-30.));
#11285 = SURFACE_CURVE('',#11286,(#11290,#11297),.PCURVE_S1.);
#11286 = LINE('',#11287,#11288);
#11287 = CARTESIAN_POINT('',(-75.,50.,-140.));
#11288 = VECTOR('',#11289,1.);
#11289 = DIRECTION('',(0.,0.,1.));
#11290 = PCURVE('',#11230,#11291);
#11291 = DEFINITIONAL_REPRESENTATION('',(#11292),#11296);
#11292 = LINE('',#11293,#11294);
#11293 = CARTESIAN_POINT('',(0.,-64.));
#11294 = VECTOR('',#11295,1.);
#11295 = DIRECTION('',(1.,0.));
#11296 = ( GEOMETRIC_REPRESENTATION_CONTEXT(2) 
PARAMETRIC_REPRESENTATION_CONTEXT() REPRESENTATION_CONTEXT('2D SPACE',''
  ) );
#11297 = PCURVE('',#11298,#11303);
#11298 = PLANE('',#11299);
#11299 = AXIS2_PLACEMENT_3D('',#11300,#11301,#11302);
#11300 = CARTESIAN_POINT('',(-75.,50.,-140.));
#11301 = DIRECTION('',(-0.,1.,0.));
#11302 = DIRECTION('',(0.,0.,1.));
#11303 = DEFINITIONAL_REPRESENTATION('',(#11304),#11308);
#11304 = LINE('',#11305,#11306);
#11305 = CARTESIAN_POINT('',(0.,0.));
#11306 = VECTOR('',#11307,1.);
#11307 = DIRECTION('',(1.,0.));
#11308 = ( GEOMETRIC_REPRESENTATION_CONTEXT(2) 
PARAMETRIC_REPRESENTATION_CONTEXT() REPRESENTATION_CONTEXT('2D SPACE',''
  ) );
#11309 = ORIENTED_EDGE('',*,*,#11310,.F.);
#11310 = EDGE_CURVE('',#11222,#11283,#11311,.T.);
#11311 = SURFACE_CURVE('',#11312,(#11316,#11323),.PCURVE_S1.);
#11312 = LINE('',#11313,#11314);
#11313 = CARTESIAN_POINT('',(-75.,-14.,-30.));
#11314 = VECTOR('',#11315,1.);
#11315 = DIRECTION('',(-0.,1.,0.));
#11316 = PCURVE('',#11230,#11317);
#11317 = DEFINITIONAL_REPRESENTATION('',(#11318),#11322);
#11318 = LINE('',#11319,#11320);
#11319 = CARTESIAN_POINT('',(110.,0.));
#11320 = VECTOR('',#11321,1.);
#11321 = DIRECTION('',(0.,-1.));
#11322 = ( GEOMETRIC_REPRESENTATION_CONTEXT(2) 
PARAMETRIC_REPRESENTATION_CONTEXT() REPRESENTATION_CONTEXT('2D SPACE',''
  ) );
#11323 = PCURVE('',#11324,#11329);
#11324 = PLANE('',#11325);
#11325 = AXIS2_PLACEMENT_3D('',#11326,#11327,#11328);
#11326 = CARTESIAN_POINT('',(-75.,-14.,-30.));
#11327 = DIRECTION('',(0.,0.,1.));
#11328 = DIRECTION('',(1.,0.,-0.));
#11329 = DEFINITIONAL_REPRESENTATION('',(#11330),#11334);
#11330 = LINE('',#11331,#11332);
#11331 = CARTESIAN_POINT('',(0.,0.));
#11332 = VECTOR('',#11333,1.);
#11333 = DIRECTION('',(0.,1.));
#11334 = ( GEOMETRIC_REPRESENTATION_CONTEXT(2) 
PARAMETRIC_REPRESENTATION_CONTEXT() REPRESENTATION_CONTEXT('2D SPACE',''
  ) );
#11335 = ADVANCED_FACE('',(#11336),#11350,.T.);
#11336 = FACE_BOUND('',#11337,.T.);
#11337 = EDGE_LOOP('',(#11338,#11368,#11391,#11414));
#11338 = ORIENTED_EDGE('',*,*,#11339,.F.);
#11339 = EDGE_CURVE('',#11340,#11342,#11344,.T.);
#11340 = VERTEX_POINT('',#11341);
#11341 = CARTESIAN_POINT('',(75.,-14.,-140.));
#11342 = VERTEX_POINT('',#11343);
#11343 = CARTESIAN_POINT('',(75.,-14.,-30.));
#11344 = SURFACE_CURVE('',#11345,(#11349,#11361),.PCURVE_S1.);
#11345 = LINE('',#11346,#11347);
#11346 = CARTESIAN_POINT('',(75.,-14.,-140.));
#11347 = VECTOR('',#11348,1.);
#11348 = DIRECTION('',(0.,0.,1.));
#11349 = PCURVE('',#11350,#11355);
#11350 = PLANE('',#11351);
#11351 = AXIS2_PLACEMENT_3D('',#11352,#11353,#11354);
#11352 = CARTESIAN_POINT('',(75.,-14.,-140.));
#11353 = DIRECTION('',(1.,0.,-0.));
#11354 = DIRECTION('',(0.,0.,1.));
#11355 = DEFINITIONAL_REPRESENTATION('',(#11356),#11360);
#11356 = LINE('',#11357,#11358);
#11357 = CARTESIAN_POINT('',(0.,0.));
#11358 = VECTOR('',#11359,1.);
#11359 = DIRECTION('',(1.,0.));
#11360 = ( GEOMETRIC_REPRESENTATION_CONTEXT(2) 
PARAMETRIC_REPRESENTATION_CONTEXT() REPRESENTATION_CONTEXT('2D SPACE',''
  ) );
#11361 = PCURVE('',#11242,#11362);
#11362 = DEFINITIONAL_REPRESENTATION('',(#11363),#11367);
#11363 = LINE('',#11364,#11365);
#11364 = CARTESIAN_POINT('',(0.,150.));
#11365 = VECTOR('',#11366,1.);
#11366 = DIRECTION('',(1.,0.));
#11367 = ( GEOMETRIC_REPRESENTATION_CONTEXT(2) 
PARAMETRIC_REPRESENTATION_CONTEXT() REPRESENTATION_CONTEXT('2D SPACE',''
  ) );
#11368 = ORIENTED_EDGE('',*,*,#11369,.T.);
#11369 = EDGE_CURVE('',#11340,#11370,#11372,.T.);
#11370 = VERTEX_POINT('',#11371);
#11371 = CARTESIAN_POINT('',(75.,50.,-140.));
#11372 = SURFACE_CURVE('',#11373,(#11377,#11384),.PCURVE_S1.);
#11373 = LINE('',#11374,#11375);
#11374 = CARTESIAN_POINT('',(75.,-14.,-140.));
#11375 = VECTOR('',#11376,1.);
#11376 = DIRECTION('',(-0.,1.,0.));
#11377 = PCURVE('',#11350,#11378);
#11378 = DEFINITIONAL_REPRESENTATION('',(#11379),#11383);
#11379 = LINE('',#11380,#11381);
#11380 = CARTESIAN_POINT('',(0.,0.));
#11381 = VECTOR('',#11382,1.);
#11382 = DIRECTION('',(0.,-1.));
#11383 = ( GEOMETRIC_REPRESENTATION_CONTEXT(2) 
PARAMETRIC_REPRESENTATION_CONTEXT() REPRESENTATION_CONTEXT('2D SPACE',''
  ) );
#11384 = PCURVE('',#11270,#11385);
#11385 = DEFINITIONAL_REPRESENTATION('',(#11386),#11390);
#11386 = LINE('',#11387,#11388);
#11387 = CARTESIAN_POINT('',(150.,0.));
#11388 = VECTOR('',#11389,1.);
#11389 = DIRECTION('',(0.,1.));
#11390 = ( GEOMETRIC_REPRESENTATION_CONTEXT(2) 
PARAMETRIC_REPRESENTATION_CONTEXT() REPRESENTATION_CONTEXT('2D SPACE',''
  ) );
#11391 = ORIENTED_EDGE('',*,*,#11392,.T.);
#11392 = EDGE_CURVE('',#11370,#11393,#11395,.T.);
#11393 = VERTEX_POINT('',#11394);
#11394 = CARTESIAN_POINT('',(75.,50.,-30.));
#11395 = SURFACE_CURVE('',#11396,(#11400,#11407),.PCURVE_S1.);
#11396 = LINE('',#11397,#11398);
#11397 = CARTESIAN_POINT('',(75.,50.,-140.));
#11398 = VECTOR('',#11399,1.);
#11399 = DIRECTION('',(0.,0.,1.));
#11400 = PCURVE('',#11350,#11401);
#11401 = DEFINITIONAL_REPRESENTATION('',(#11402),#11406);
#11402 = LINE('',#11403,#11404);
#11403 = CARTESIAN_POINT('',(0.,-64.));
#11404 = VECTOR('',#11405,1.);
#11405 = DIRECTION('',(1.,0.));
#11406 = ( GEOMETRIC_REPRESENTATION_CONTEXT(2) 
PARAMETRIC_REPRESENTATION_CONTEXT() REPRESENTATION_CONTEXT('2D SPACE',''
  ) );
#11407 = PCURVE('',#11298,#11408);
#11408 = DEFINITIONAL_REPRESENTATION('',(#11409),#11413);
#11409 = LINE('',#11410,#11411);
#11410 = CARTESIAN_POINT('',(0.,150.));
#11411 = VECTOR('',#11412,1.);
#11412 = DIRECTION('',(1.,0.));
#11413 = ( GEOMETRIC_REPRESENTATION_CONTEXT(2) 
PARAMETRIC_REPRESENTATION_CONTEXT() REPRESENTATION_CONTEXT('2D SPACE',''
  ) );
#11414 = ORIENTED_EDGE('',*,*,#11415,.F.);
#11415 = EDGE_CURVE('',#11342,#11393,#11416,.T.);
#11416 = SURFACE_CURVE('',#11417,(#11421,#11428),.PCURVE_S1.);
#11417 = LINE('',#11418,#11419);
#11418 = CARTESIAN_POINT('',(75.,-14.,-30.));
#11419 = VECTOR('',#11420,1.);
#11420 = DIRECTION('',(-0.,1.,0.));
#11421 = PCURVE('',#11350,#11422);
#11422 = DEFINITIONAL_REPRESENTATION('',(#11423),#11427);
#11423 = LINE('',#11424,#11425);
#11424 = CARTESIAN_POINT('',(110.,0.));
#11425 = VECTOR('',#11426,1.);
#11426 = DIRECTION('',(0.,-1.));
#11427 = ( GEOMETRIC_REPRESENTATION_CONTEXT(2) 
PARAMETRIC_REPRESENTATION_CONTEXT() REPRESENTATION_CONTEXT('2D SPACE',''
  ) );
#11428 = PCURVE('',#11324,#11429);
#11429 = DEFINITIONAL_REPRESENTATION('',(#11430),#11434);
#11430 = LINE('',#11431,#11432);
#11431 = CARTESIAN_POINT('',(150.,0.));
#11432 = VECTOR('',#11433,1.);
#11433 = DIRECTION('',(0.,1.));
#11434 = ( GEOMETRIC_REPRESENTATION_CONTEXT(2) 
PARAMETRIC_REPRESENTATION_CONTEXT() REPRESENTATION_CONTEXT('2D SPACE',''
  ) );
#11435 = ADVANCED_FACE('',(#11436),#11242,.F.);
#11436 = FACE_BOUND('',#11437,.F.);
#11437 = EDGE_LOOP('',(#11438,#11459,#11460,#11481));
#11438 = ORIENTED_EDGE('',*,*,#11439,.F.);
#11439 = EDGE_CURVE('',#11220,#11340,#11440,.T.);
#11440 = SURFACE_CURVE('',#11441,(#11445,#11452),.PCURVE_S1.);
#11441 = LINE('',#11442,#11443);
#11442 = CARTESIAN_POINT('',(-75.,-14.,-140.));
#11443 = VECTOR('',#11444,1.);
#11444 = DIRECTION('',(1.,0.,-0.));
#11445 = PCURVE('',#11242,#11446);
#11446 = DEFINITIONAL_REPRESENTATION('',(#11447),#11451);
#11447 = LINE('',#11448,#11449);
#11448 = CARTESIAN_POINT('',(0.,0.));
#11449 = VECTOR('',#11450,1.);
#11450 = DIRECTION('',(0.,1.));
#11451 = ( GEOMETRIC_REPRESENTATION_CONTEXT(2) 
PARAMETRIC_REPRESENTATION_CONTEXT() REPRESENTATION_CONTEXT('2D SPACE',''
  ) );
#11452 = PCURVE('',#11270,#11453);
#11453 = DEFINITIONAL_REPRESENTATION('',(#11454),#11458);
#11454 = LINE('',#11455,#11456);
#11455 = CARTESIAN_POINT('',(0.,0.));
#11456 = VECTOR('',#11457,1.);
#11457 = DIRECTION('',(1.,0.));
#11458 = ( GEOMETRIC_REPRESENTATION_CONTEXT(2) 
PARAMETRIC_REPRESENTATION_CONTEXT() REPRESENTATION_CONTEXT('2D SPACE',''
  ) );
#11459 = ORIENTED_EDGE('',*,*,#11219,.T.);
#11460 = ORIENTED_EDGE('',*,*,#11461,.T.);
#11461 = EDGE_CURVE('',#11222,#11342,#11462,.T.);
#11462 = SURFACE_CURVE('',#11463,(#11467,#11474),.PCURVE_S1.);
#11463 = LINE('',#11464,#11465);
#11464 = CARTESIAN_POINT('',(-75.,-14.,-30.));
#11465 = VECTOR('',#11466,1.);
#11466 = DIRECTION('',(1.,0.,-0.));
#11467 = PCURVE('',#11242,#11468);
#11468 = DEFINITIONAL_REPRESENTATION('',(#11469),#11473);
#11469 = LINE('',#11470,#11471);
#11470 = CARTESIAN_POINT('',(110.,0.));
#11471 = VECTOR('',#11472,1.);
#11472 = DIRECTION('',(0.,1.));
#11473 = ( GEOMETRIC_REPRESENTATION_CONTEXT(2) 
PARAMETRIC_REPRESENTATION_CONTEXT() REPRESENTATION_CONTEXT('2D SPACE',''
  ) );
#11474 = PCURVE('',#11324,#11475);
#11475 = DEFINITIONAL_REPRESENTATION('',(#11476),#11480);
#11476 = LINE('',#11477,#11478);
#11477 = CARTESIAN_POINT('',(0.,0.));
#11478 = VECTOR('',#11479,1.);
#11479 = DIRECTION('',(1.,0.));
#11480 = ( GEOMETRIC_REPRESENTATION_CONTEXT(2) 
PARAMETRIC_REPRESENTATION_CONTEXT() REPRESENTATION_CONTEXT('2D SPACE',''
  ) );
#11481 = ORIENTED_EDGE('',*,*,#11339,.F.);
#11482 = ADVANCED_FACE('',(#11483),#11298,.T.);
#11483 = FACE_BOUND('',#11484,.T.);
#11484 = EDGE_LOOP('',(#11485,#11506,#11507,#11528));
#11485 = ORIENTED_EDGE('',*,*,#11486,.F.);
#11486 = EDGE_CURVE('',#11255,#11370,#11487,.T.);
#11487 = SURFACE_CURVE('',#11488,(#11492,#11499),.PCURVE_S1.);
#11488 = LINE('',#11489,#11490);
#11489 = CARTESIAN_POINT('',(-75.,50.,-140.));
#11490 = VECTOR('',#11491,1.);
#11491 = DIRECTION('',(1.,0.,-0.));
#11492 = PCURVE('',#11298,#11493);
#11493 = DEFINITIONAL_REPRESENTATION('',(#11494),#11498);
#11494 = LINE('',#11495,#11496);
#11495 = CARTESIAN_POINT('',(0.,0.));
#11496 = VECTOR('',#11497,1.);
#11497 = DIRECTION('',(0.,1.));
#11498 = ( GEOMETRIC_REPRESENTATION_CONTEXT(2) 
PARAMETRIC_REPRESENTATION_CONTEXT() REPRESENTATION_CONTEXT('2D SPACE',''
  ) );
#11499 = PCURVE('',#11270,#11500);
#11500 = DEFINITIONAL_REPRESENTATION('',(#11501),#11505);
#11501 = LINE('',#11502,#11503);
#11502 = CARTESIAN_POINT('',(0.,64.));
#11503 = VECTOR('',#11504,1.);
#11504 = DIRECTION('',(1.,0.));
#11505 = ( GEOMETRIC_REPRESENTATION_CONTEXT(2) 
PARAMETRIC_REPRESENTATION_CONTEXT() REPRESENTATION_CONTEXT('2D SPACE',''
  ) );
#11506 = ORIENTED_EDGE('',*,*,#11282,.T.);
#11507 = ORIENTED_EDGE('',*,*,#11508,.T.);
#11508 = EDGE_CURVE('',#11283,#11393,#11509,.T.);
#11509 = SURFACE_CURVE('',#11510,(#11514,#11521),.PCURVE_S1.);
#11510 = LINE('',#11511,#11512);
#11511 = CARTESIAN_POINT('',(-75.,50.,-30.));
#11512 = VECTOR('',#11513,1.);
#11513 = DIRECTION('',(1.,0.,-0.));
#11514 = PCURVE('',#11298,#11515);
#11515 = DEFINITIONAL_REPRESENTATION('',(#11516),#11520);
#11516 = LINE('',#11517,#11518);
#11517 = CARTESIAN_POINT('',(110.,0.));
#11518 = VECTOR('',#11519,1.);
#11519 = DIRECTION('',(0.,1.));
#11520 = ( GEOMETRIC_REPRESENTATION_CONTEXT(2) 
PARAMETRIC_REPRESENTATION_CONTEXT() REPRESENTATION_CONTEXT('2D SPACE',''
  ) );
#11521 = PCURVE('',#11324,#11522);
#11522 = DEFINITIONAL_REPRESENTATION('',(#11523),#11527);
#11523 = LINE('',#11524,#11525);
#11524 = CARTESIAN_POINT('',(0.,64.));
#11525 = VECTOR('',#11526,1.);
#11526 = DIRECTION('',(1.,0.));
#11527 = ( GEOMETRIC_REPRESENTATION_CONTEXT(2) 
PARAMETRIC_REPRESENTATION_CONTEXT() REPRESENTATION_CONTEXT('2D SPACE',''
  ) );
#11528 = ORIENTED_EDGE('',*,*,#11392,.F.);
#11529 = ADVANCED_FACE('',(#11530),#11270,.F.);
#11530 = FACE_BOUND('',#11531,.F.);
#11531 = EDGE_LOOP('',(#11532,#11533,#11534,#11535));
#11532 = ORIENTED_EDGE('',*,*,#11254,.F.);
#11533 = ORIENTED_EDGE('',*,*,#11439,.T.);
#11534 = ORIENTED_EDGE('',*,*,#11369,.T.);
#11535 = ORIENTED_EDGE('',*,*,#11486,.F.);
#11536 = ADVANCED_FACE('',(#11537),#11324,.T.);
#11537 = FACE_BOUND('',#11538,.T.);
#11538 = EDGE_LOOP('',(#11539,#11540,#11541,#11542));
#11539 = ORIENTED_EDGE('',*,*,#11310,.F.);
#11540 = ORIENTED_EDGE('',*,*,#11461,.T.);
#11541 = ORIENTED_EDGE('',*,*,#11415,.T.);
#11542 = ORIENTED_EDGE('',*,*,#11508,.F.);
#11543 = MANIFOLD_SOLID_BREP('',#11544);
#11544 = CLOSED_SHELL('',(#11545,#11889,#11965,#12014,#12098,#12147,
    #12226,#12274,#12322,#12371,#12455,#12504,#12583,#12610,#12625,
    #12652));
#11545 = ADVANCED_FACE('',(#11546),#11560,.F.);
#11546 = FACE_BOUND('',#11547,.F.);
#11547 = EDGE_LOOP('',(#11548,#11583,#11611,#11639,#11667,#11695,#11723,
    #11751,#11779,#11807,#11835,#11863));
#11548 = ORIENTED_EDGE('',*,*,#11549,.F.);
#11549 = EDGE_CURVE('',#11550,#11552,#11554,.T.);
#11550 = VERTEX_POINT('',#11551);
#11551 = CARTESIAN_POINT('',(-72.,-15.5,-141.5));
#11552 = VERTEX_POINT('',#11553);
#11553 = CARTESIAN_POINT('',(-72.,-15.5,-28.5));
#11554 = SURFACE_CURVE('',#11555,(#11559,#11571),.PCURVE_S1.);
#11555 = LINE('',#11556,#11557);
#11556 = CARTESIAN_POINT('',(-72.,-15.5,-141.5));
#11557 = VECTOR('',#11558,1.);
#11558 = DIRECTION('',(0.,0.,1.));
#11559 = PCURVE('',#11560,#11565);
#11560 = PLANE('',#11561);
#11561 = AXIS2_PLACEMENT_3D('',#11562,#11563,#11564);
#11562 = CARTESIAN_POINT('',(-72.,-15.5,-141.5));
#11563 = DIRECTION('',(1.,0.,-0.));
#11564 = DIRECTION('',(0.,0.,1.));
#11565 = DEFINITIONAL_REPRESENTATION('',(#11566),#11570);
#11566 = LINE('',#11567,#11568);
#11567 = CARTESIAN_POINT('',(0.,0.));
#11568 = VECTOR('',#11569,1.);
#11569 = DIRECTION('',(1.,0.));
#11570 = ( GEOMETRIC_REPRESENTATION_CONTEXT(2) 
PARAMETRIC_REPRESENTATION_CONTEXT() REPRESENTATION_CONTEXT('2D SPACE',''
  ) );
#11571 = PCURVE('',#11572,#11577);
#11572 = PLANE('',#11573);
#11573 = AXIS2_PLACEMENT_3D('',#11574,#11575,#11576);
#11574 = CARTESIAN_POINT('',(-72.,-15.5,-141.5));
#11575 = DIRECTION('',(-0.,1.,0.));
#11576 = DIRECTION('',(0.,0.,1.));
#11577 = DEFINITIONAL_REPRESENTATION('',(#11578),#11582);
#11578 = LINE('',#11579,#11580);
#11579 = CARTESIAN_POINT('',(0.,0.));
#11580 = VECTOR('',#11581,1.);
#11581 = DIRECTION('',(1.,0.));
#11582 = ( GEOMETRIC_REPRESENTATION_CONTEXT(2) 
PARAMETRIC_REPRESENTATION_CONTEXT() REPRESENTATION_CONTEXT('2D SPACE',''
  ) );
#11583 = ORIENTED_EDGE('',*,*,#11584,.F.);
#11584 = EDGE_CURVE('',#11585,#11550,#11587,.T.);
#11585 = VERTEX_POINT('',#11586);
#11586 = CARTESIAN_POINT('',(-72.,48.5,-141.5));
#11587 = SURFACE_CURVE('',#11588,(#11592,#11599),.PCURVE_S1.);
#11588 = LINE('',#11589,#11590);
#11589 = CARTESIAN_POINT('',(-72.,48.5,-141.5));
#11590 = VECTOR('',#11591,1.);
#11591 = DIRECTION('',(0.,-1.,0.));
#11592 = PCURVE('',#11560,#11593);
#11593 = DEFINITIONAL_REPRESENTATION('',(#11594),#11598);
#11594 = LINE('',#11595,#11596);
#11595 = CARTESIAN_POINT('',(0.,-64.));
#11596 = VECTOR('',#11597,1.);
#11597 = DIRECTION('',(0.,1.));
#11598 = ( GEOMETRIC_REPRESENTATION_CONTEXT(2) 
PARAMETRIC_REPRESENTATION_CONTEXT() REPRESENTATION_CONTEXT('2D SPACE',''
  ) );
#11599 = PCURVE('',#11600,#11605);
#11600 = PLANE('',#11601);
#11601 = AXIS2_PLACEMENT_3D('',#11602,#11603,#11604);
#11602 = CARTESIAN_POINT('',(-72.,-15.5,-141.5));
#11603 = DIRECTION('',(0.,0.,1.));
#11604 = DIRECTION('',(1.,0.,-0.));
#11605 = DEFINITIONAL_REPRESENTATION('',(#11606),#11610);
#11606 = LINE('',#11607,#11608);
#11607 = CARTESIAN_POINT('',(0.,64.));
#11608 = VECTOR('',#11609,1.);
#11609 = DIRECTION('',(0.,-1.));
#11610 = ( GEOMETRIC_REPRESENTATION_CONTEXT(2) 
PARAMETRIC_REPRESENTATION_CONTEXT() REPRESENTATION_CONTEXT('2D SPACE',''
  ) );
#11611 = ORIENTED_EDGE('',*,*,#11612,.F.);
#11612 = EDGE_CURVE('',#11613,#11585,#11615,.T.);
#11613 = VERTEX_POINT('',#11614);
#11614 = CARTESIAN_POINT('',(-72.,48.5,-160.));
#11615 = SURFACE_CURVE('',#11616,(#11620,#11627),.PCURVE_S1.);
#11616 = LINE('',#11617,#11618);
#11617 = CARTESIAN_POINT('',(-72.,48.5,-160.));
#11618 = VECTOR('',#11619,1.);
#11619 = DIRECTION('',(0.,0.,1.));
#11620 = PCURVE('',#11560,#11621);
#11621 = DEFINITIONAL_REPRESENTATION('',(#11622),#11626);
#11622 = LINE('',#11623,#11624);
#11623 = CARTESIAN_POINT('',(-18.5,-64.));
#11624 = VECTOR('',#11625,1.);
#11625 = DIRECTION('',(1.,0.));
#11626 = ( GEOMETRIC_REPRESENTATION_CONTEXT(2) 
PARAMETRIC_REPRESENTATION_CONTEXT() REPRESENTATION_CONTEXT('2D SPACE',''
  ) );
#11627 = PCURVE('',#11628,#11633);
#11628 = PLANE('',#11629);
#11629 = AXIS2_PLACEMENT_3D('',#11630,#11631,#11632);
#11630 = CARTESIAN_POINT('',(-72.,48.5,-160.));
#11631 = DIRECTION('',(-0.,1.,0.));
#11632 = DIRECTION('',(0.,0.,1.));
#11633 = DEFINITIONAL_REPRESENTATION('',(#11634),#11638);
#11634 = LINE('',#11635,#11636);
#11635 = CARTESIAN_POINT('',(0.,0.));
#11636 = VECTOR('',#11637,1.);
#11637 = DIRECTION('',(1.,0.));
#11638 = ( GEOMETRIC_REPRESENTATION_CONTEXT(2) 
PARAMETRIC_REPRESENTATION_CONTEXT() REPRESENTATION_CONTEXT('2D SPACE',''
  ) );
#11639 = ORIENTED_EDGE('',*,*,#11640,.T.);
#11640 = EDGE_CURVE('',#11613,#11641,#11643,.T.);
#11641 = VERTEX_POINT('',#11642);
#11642 = CARTESIAN_POINT('',(-72.,50.,-160.));
#11643 = SURFACE_CURVE('',#11644,(#11648,#11655),.PCURVE_S1.);
#11644 = LINE('',#11645,#11646);
#11645 = CARTESIAN_POINT('',(-72.,48.5,-160.));
#11646 = VECTOR('',#11647,1.);
#11647 = DIRECTION('',(-0.,1.,0.));
#11648 = PCURVE('',#11560,#11649);
#11649 = DEFINITIONAL_REPRESENTATION('',(#11650),#11654);
#11650 = LINE('',#11651,#11652);
#11651 = CARTESIAN_POINT('',(-18.5,-64.));
#11652 = VECTOR('',#11653,1.);
#11653 = DIRECTION('',(0.,-1.));
#11654 = ( GEOMETRIC_REPRESENTATION_CONTEXT(2) 
PARAMETRIC_REPRESENTATION_CONTEXT() REPRESENTATION_CONTEXT('2D SPACE',''
  ) );
#11655 = PCURVE('',#11656,#11661);
#11656 = PLANE('',#11657);
#11657 = AXIS2_PLACEMENT_3D('',#11658,#11659,#11660);
#11658 = CARTESIAN_POINT('',(-72.,48.5,-160.));
#11659 = DIRECTION('',(0.,0.,1.));
#11660 = DIRECTION('',(1.,0.,-0.));
#11661 = DEFINITIONAL_REPRESENTATION('',(#11662),#11666);
#11662 = LINE('',#11663,#11664);
#11663 = CARTESIAN_POINT('',(0.,0.));
#11664 = VECTOR('',#11665,1.);
#11665 = DIRECTION('',(0.,1.));
#11666 = ( GEOMETRIC_REPRESENTATION_CONTEXT(2) 
PARAMETRIC_REPRESENTATION_CONTEXT() REPRESENTATION_CONTEXT('2D SPACE',''
  ) );
#11667 = ORIENTED_EDGE('',*,*,#11668,.T.);
#11668 = EDGE_CURVE('',#11641,#11669,#11671,.T.);
#11669 = VERTEX_POINT('',#11670);
#11670 = CARTESIAN_POINT('',(-72.,50.,-140.));
#11671 = SURFACE_CURVE('',#11672,(#11676,#11683),.PCURVE_S1.);
#11672 = LINE('',#11673,#11674);
#11673 = CARTESIAN_POINT('',(-72.,50.,-160.));
#11674 = VECTOR('',#11675,1.);
#11675 = DIRECTION('',(0.,0.,1.));
#11676 = PCURVE('',#11560,#11677);
#11677 = DEFINITIONAL_REPRESENTATION('',(#11678),#11682);
#11678 = LINE('',#11679,#11680);
#11679 = CARTESIAN_POINT('',(-18.5,-65.5));
#11680 = VECTOR('',#11681,1.);
#11681 = DIRECTION('',(1.,0.));
#11682 = ( GEOMETRIC_REPRESENTATION_CONTEXT(2) 
PARAMETRIC_REPRESENTATION_CONTEXT() REPRESENTATION_CONTEXT('2D SPACE',''
  ) );
#11683 = PCURVE('',#11684,#11689);
#11684 = PLANE('',#11685);
#11685 = AXIS2_PLACEMENT_3D('',#11686,#11687,#11688);
#11686 = CARTESIAN_POINT('',(-72.,50.,-160.));
#11687 = DIRECTION('',(-0.,1.,0.));
#11688 = DIRECTION('',(0.,0.,1.));
#11689 = DEFINITIONAL_REPRESENTATION('',(#11690),#11694);
#11690 = LINE('',#11691,#11692);
#11691 = CARTESIAN_POINT('',(0.,0.));
#11692 = VECTOR('',#11693,1.);
#11693 = DIRECTION('',(1.,0.));
#11694 = ( GEOMETRIC_REPRESENTATION_CONTEXT(2) 
PARAMETRIC_REPRESENTATION_CONTEXT() REPRESENTATION_CONTEXT('2D SPACE',''
  ) );
#11695 = ORIENTED_EDGE('',*,*,#11696,.F.);
#11696 = EDGE_CURVE('',#11697,#11669,#11699,.T.);
#11697 = VERTEX_POINT('',#11698);
#11698 = CARTESIAN_POINT('',(-72.,-14.,-140.));
#11699 = SURFACE_CURVE('',#11700,(#11704,#11711),.PCURVE_S1.);
#11700 = LINE('',#11701,#11702);
#11701 = CARTESIAN_POINT('',(-72.,-14.,-140.));
#11702 = VECTOR('',#11703,1.);
#11703 = DIRECTION('',(0.,1.,0.));
#11704 = PCURVE('',#11560,#11705);
#11705 = DEFINITIONAL_REPRESENTATION('',(#11706),#11710);
#11706 = LINE('',#11707,#11708);
#11707 = CARTESIAN_POINT('',(1.5,-1.5));
#11708 = VECTOR('',#11709,1.);
#11709 = DIRECTION('',(0.,-1.));
#11710 = ( GEOMETRIC_REPRESENTATION_CONTEXT(2) 
PARAMETRIC_REPRESENTATION_CONTEXT() REPRESENTATION_CONTEXT('2D SPACE',''
  ) );
#11711 = PCURVE('',#11712,#11717);
#11712 = PLANE('',#11713);
#11713 = AXIS2_PLACEMENT_3D('',#11714,#11715,#11716);
#11714 = CARTESIAN_POINT('',(-72.,-15.5,-140.));
#11715 = DIRECTION('',(0.,0.,1.));
#11716 = DIRECTION('',(1.,0.,-0.));
#11717 = DEFINITIONAL_REPRESENTATION('',(#11718),#11722);
#11718 = LINE('',#11719,#11720);
#11719 = CARTESIAN_POINT('',(0.,1.5));
#11720 = VECTOR('',#11721,1.);
#11721 = DIRECTION('',(0.,1.));
#11722 = ( GEOMETRIC_REPRESENTATION_CONTEXT(2) 
PARAMETRIC_REPRESENTATION_CONTEXT() REPRESENTATION_CONTEXT('2D SPACE',''
  ) );
#11723 = ORIENTED_EDGE('',*,*,#11724,.T.);
#11724 = EDGE_CURVE('',#11697,#11725,#11727,.T.);
#11725 = VERTEX_POINT('',#11726);
#11726 = CARTESIAN_POINT('',(-72.,-14.,-30.));
#11727 = SURFACE_CURVE('',#11728,(#11732,#11739),.PCURVE_S1.);
#11728 = LINE('',#11729,#11730);
#11729 = CARTESIAN_POINT('',(-72.,-14.,-141.5));
#11730 = VECTOR('',#11731,1.);
#11731 = DIRECTION('',(0.,0.,1.));
#11732 = PCURVE('',#11560,#11733);
#11733 = DEFINITIONAL_REPRESENTATION('',(#11734),#11738);
#11734 = LINE('',#11735,#11736);
#11735 = CARTESIAN_POINT('',(0.,-1.5));
#11736 = VECTOR('',#11737,1.);
#11737 = DIRECTION('',(1.,0.));
#11738 = ( GEOMETRIC_REPRESENTATION_CONTEXT(2) 
PARAMETRIC_REPRESENTATION_CONTEXT() REPRESENTATION_CONTEXT('2D SPACE',''
  ) );
#11739 = PCURVE('',#11740,#11745);
#11740 = PLANE('',#11741);
#11741 = AXIS2_PLACEMENT_3D('',#11742,#11743,#11744);
#11742 = CARTESIAN_POINT('',(-72.,-14.,-141.5));
#11743 = DIRECTION('',(-0.,1.,0.));
#11744 = DIRECTION('',(0.,0.,1.));
#11745 = DEFINITIONAL_REPRESENTATION('',(#11746),#11750);
#11746 = LINE('',#11747,#11748);
#11747 = CARTESIAN_POINT('',(0.,0.));
#11748 = VECTOR('',#11749,1.);
#11749 = DIRECTION('',(1.,0.));
#11750 = ( GEOMETRIC_REPRESENTATION_CONTEXT(2) 
PARAMETRIC_REPRESENTATION_CONTEXT() REPRESENTATION_CONTEXT('2D SPACE',''
  ) );
#11751 = ORIENTED_EDGE('',*,*,#11752,.F.);
#11752 = EDGE_CURVE('',#11753,#11725,#11755,.T.);
#11753 = VERTEX_POINT('',#11754);
#11754 = CARTESIAN_POINT('',(-72.,50.,-30.));
#11755 = SURFACE_CURVE('',#11756,(#11760,#11767),.PCURVE_S1.);
#11756 = LINE('',#11757,#11758);
#11757 = CARTESIAN_POINT('',(-72.,50.,-30.));
#11758 = VECTOR('',#11759,1.);
#11759 = DIRECTION('',(0.,-1.,0.));
#11760 = PCURVE('',#11560,#11761);
#11761 = DEFINITIONAL_REPRESENTATION('',(#11762),#11766);
#11762 = LINE('',#11763,#11764);
#11763 = CARTESIAN_POINT('',(111.5,-65.5));
#11764 = VECTOR('',#11765,1.);
#11765 = DIRECTION('',(0.,1.));
#11766 = ( GEOMETRIC_REPRESENTATION_CONTEXT(2) 
PARAMETRIC_REPRESENTATION_CONTEXT() REPRESENTATION_CONTEXT('2D SPACE',''
  ) );
#11767 = PCURVE('',#11768,#11773);
#11768 = PLANE('',#11769);
#11769 = AXIS2_PLACEMENT_3D('',#11770,#11771,#11772);
#11770 = CARTESIAN_POINT('',(-72.,-15.5,-30.));
#11771 = DIRECTION('',(0.,0.,1.));
#11772 = DIRECTION('',(1.,0.,-0.));
#11773 = DEFINITIONAL_REPRESENTATION('',(#11774),#11778);
#11774 = LINE('',#11775,#11776);
#11775 = CARTESIAN_POINT('',(0.,65.5));
#11776 = VECTOR('',#11777,1.);
#11777 = DIRECTION('',(0.,-1.));
#11778 = ( GEOMETRIC_REPRESENTATION_CONTEXT(2) 
PARAMETRIC_REPRESENTATION_CONTEXT() REPRESENTATION_CONTEXT('2D SPACE',''
  ) );
#11779 = ORIENTED_EDGE('',*,*,#11780,.T.);
#11780 = EDGE_CURVE('',#11753,#11781,#11783,.T.);
#11781 = VERTEX_POINT('',#11782);
#11782 = CARTESIAN_POINT('',(-72.,50.,-10.));
#11783 = SURFACE_CURVE('',#11784,(#11788,#11795),.PCURVE_S1.);
#11784 = LINE('',#11785,#11786);
#11785 = CARTESIAN_POINT('',(-72.,50.,-30.));
#11786 = VECTOR('',#11787,1.);
#11787 = DIRECTION('',(0.,0.,1.));
#11788 = PCURVE('',#11560,#11789);
#11789 = DEFINITIONAL_REPRESENTATION('',(#11790),#11794);
#11790 = LINE('',#11791,#11792);
#11791 = CARTESIAN_POINT('',(111.5,-65.5));
#11792 = VECTOR('',#11793,1.);
#11793 = DIRECTION('',(1.,0.));
#11794 = ( GEOMETRIC_REPRESENTATION_CONTEXT(2) 
PARAMETRIC_REPRESENTATION_CONTEXT() REPRESENTATION_CONTEXT('2D SPACE',''
  ) );
#11795 = PCURVE('',#11796,#11801);
#11796 = PLANE('',#11797);
#11797 = AXIS2_PLACEMENT_3D('',#11798,#11799,#11800);
#11798 = CARTESIAN_POINT('',(-72.,50.,-30.));
#11799 = DIRECTION('',(-0.,1.,0.));
#11800 = DIRECTION('',(0.,0.,1.));
#11801 = DEFINITIONAL_REPRESENTATION('',(#11802),#11806);
#11802 = LINE('',#11803,#11804);
#11803 = CARTESIAN_POINT('',(0.,0.));
#11804 = VECTOR('',#11805,1.);
#11805 = DIRECTION('',(1.,0.));
#11806 = ( GEOMETRIC_REPRESENTATION_CONTEXT(2) 
PARAMETRIC_REPRESENTATION_CONTEXT() REPRESENTATION_CONTEXT('2D SPACE',''
  ) );
#11807 = ORIENTED_EDGE('',*,*,#11808,.F.);
#11808 = EDGE_CURVE('',#11809,#11781,#11811,.T.);
#11809 = VERTEX_POINT('',#11810);
#11810 = CARTESIAN_POINT('',(-72.,48.5,-10.));
#11811 = SURFACE_CURVE('',#11812,(#11816,#11823),.PCURVE_S1.);
#11812 = LINE('',#11813,#11814);
#11813 = CARTESIAN_POINT('',(-72.,48.5,-10.));
#11814 = VECTOR('',#11815,1.);
#11815 = DIRECTION('',(-0.,1.,0.));
#11816 = PCURVE('',#11560,#11817);
#11817 = DEFINITIONAL_REPRESENTATION('',(#11818),#11822);
#11818 = LINE('',#11819,#11820);
#11819 = CARTESIAN_POINT('',(131.5,-64.));
#11820 = VECTOR('',#11821,1.);
#11821 = DIRECTION('',(0.,-1.));
#11822 = ( GEOMETRIC_REPRESENTATION_CONTEXT(2) 
PARAMETRIC_REPRESENTATION_CONTEXT() REPRESENTATION_CONTEXT('2D SPACE',''
  ) );
#11823 = PCURVE('',#11824,#11829);
#11824 = PLANE('',#11825);
#11825 = AXIS2_PLACEMENT_3D('',#11826,#11827,#11828);
#11826 = CARTESIAN_POINT('',(-72.,48.5,-10.));
#11827 = DIRECTION('',(0.,0.,1.));
#11828 = DIRECTION('',(1.,0.,-0.));
#11829 = DEFINITIONAL_REPRESENTATION('',(#11830),#11834);
#11830 = LINE('',#11831,#11832);
#11831 = CARTESIAN_POINT('',(0.,0.));
#11832 = VECTOR('',#11833,1.);
#11833 = DIRECTION('',(0.,1.));
#11834 = ( GEOMETRIC_REPRESENTATION_CONTEXT(2) 
PARAMETRIC_REPRESENTATION_CONTEXT() REPRESENTATION_CONTEXT('2D SPACE',''
  ) );
#11835 = ORIENTED_EDGE('',*,*,#11836,.F.);
#11836 = EDGE_CURVE('',#11837,#11809,#11839,.T.);
#11837 = VERTEX_POINT('',#11838);
#11838 = CARTESIAN_POINT('',(-72.,48.5,-28.5));
#11839 = SURFACE_CURVE('',#11840,(#11844,#11851),.PCURVE_S1.);
#11840 = LINE('',#11841,#11842);
#11841 = CARTESIAN_POINT('',(-72.,48.5,-30.));
#11842 = VECTOR('',#11843,1.);
#11843 = DIRECTION('',(0.,0.,1.));
#11844 = PCURVE('',#11560,#11845);
#11845 = DEFINITIONAL_REPRESENTATION('',(#11846),#11850);
#11846 = LINE('',#11847,#11848);
#11847 = CARTESIAN_POINT('',(111.5,-64.));
#11848 = VECTOR('',#11849,1.);
#11849 = DIRECTION('',(1.,0.));
#11850 = ( GEOMETRIC_REPRESENTATION_CONTEXT(2) 
PARAMETRIC_REPRESENTATION_CONTEXT() REPRESENTATION_CONTEXT('2D SPACE',''
  ) );
#11851 = PCURVE('',#11852,#11857);
#11852 = PLANE('',#11853);
#11853 = AXIS2_PLACEMENT_3D('',#11854,#11855,#11856);
#11854 = CARTESIAN_POINT('',(-72.,48.5,-30.));
#11855 = DIRECTION('',(-0.,1.,0.));
#11856 = DIRECTION('',(0.,0.,1.));
#11857 = DEFINITIONAL_REPRESENTATION('',(#11858),#11862);
#11858 = LINE('',#11859,#11860);
#11859 = CARTESIAN_POINT('',(0.,0.));
#11860 = VECTOR('',#11861,1.);
#11861 = DIRECTION('',(1.,0.));
#11862 = ( GEOMETRIC_REPRESENTATION_CONTEXT(2) 
PARAMETRIC_REPRESENTATION_CONTEXT() REPRESENTATION_CONTEXT('2D SPACE',''
  ) );
#11863 = ORIENTED_EDGE('',*,*,#11864,.F.);
#11864 = EDGE_CURVE('',#11552,#11837,#11865,.T.);
#11865 = SURFACE_CURVE('',#11866,(#11870,#11877),.PCURVE_S1.);
#11866 = LINE('',#11867,#11868);
#11867 = CARTESIAN_POINT('',(-72.,-15.5,-28.5));
#11868 = VECTOR('',#11869,1.);
#11869 = DIRECTION('',(0.,1.,0.));
#11870 = PCURVE('',#11560,#11871);
#11871 = DEFINITIONAL_REPRESENTATION('',(#11872),#11876);
#11872 = LINE('',#11873,#11874);
#11873 = CARTESIAN_POINT('',(113.,0.));
#11874 = VECTOR('',#11875,1.);
#11875 = DIRECTION('',(0.,-1.));
#11876 = ( GEOMETRIC_REPRESENTATION_CONTEXT(2) 
PARAMETRIC_REPRESENTATION_CONTEXT() REPRESENTATION_CONTEXT('2D SPACE',''
  ) );
#11877 = PCURVE('',#11878,#11883);
#11878 = PLANE('',#11879);
#11879 = AXIS2_PLACEMENT_3D('',#11880,#11881,#11882);
#11880 = CARTESIAN_POINT('',(-72.,-15.5,-28.5));
#11881 = DIRECTION('',(0.,0.,1.));
#11882 = DIRECTION('',(1.,0.,-0.));
#11883 = DEFINITIONAL_REPRESENTATION('',(#11884),#11888);
#11884 = LINE('',#11885,#11886);
#11885 = CARTESIAN_POINT('',(0.,0.));
#11886 = VECTOR('',#11887,1.);
#11887 = DIRECTION('',(0.,1.));
#11888 = ( GEOMETRIC_REPRESENTATION_CONTEXT(2) 
PARAMETRIC_REPRESENTATION_CONTEXT() REPRESENTATION_CONTEXT('2D SPACE',''
  ) );
#11889 = ADVANCED_FACE('',(#11890),#11572,.F.);
#11890 = FACE_BOUND('',#11891,.F.);
#11891 = EDGE_LOOP('',(#11892,#11922,#11943,#11944));
#11892 = ORIENTED_EDGE('',*,*,#11893,.F.);
#11893 = EDGE_CURVE('',#11894,#11896,#11898,.T.);
#11894 = VERTEX_POINT('',#11895);
#11895 = CARTESIAN_POINT('',(-52.,-15.5,-141.5));
#11896 = VERTEX_POINT('',#11897);
#11897 = CARTESIAN_POINT('',(-52.,-15.5,-28.5));
#11898 = SURFACE_CURVE('',#11899,(#11903,#11910),.PCURVE_S1.);
#11899 = LINE('',#11900,#11901);
#11900 = CARTESIAN_POINT('',(-52.,-15.5,-141.5));
#11901 = VECTOR('',#11902,1.);
#11902 = DIRECTION('',(0.,0.,1.));
#11903 = PCURVE('',#11572,#11904);
#11904 = DEFINITIONAL_REPRESENTATION('',(#11905),#11909);
#11905 = LINE('',#11906,#11907);
#11906 = CARTESIAN_POINT('',(0.,20.));
#11907 = VECTOR('',#11908,1.);
#11908 = DIRECTION('',(1.,0.));
#11909 = ( GEOMETRIC_REPRESENTATION_CONTEXT(2) 
PARAMETRIC_REPRESENTATION_CONTEXT() REPRESENTATION_CONTEXT('2D SPACE',''
  ) );
#11910 = PCURVE('',#11911,#11916);
#11911 = PLANE('',#11912);
#11912 = AXIS2_PLACEMENT_3D('',#11913,#11914,#11915);
#11913 = CARTESIAN_POINT('',(-52.,-15.5,-141.5));
#11914 = DIRECTION('',(1.,0.,-0.));
#11915 = DIRECTION('',(0.,0.,1.));
#11916 = DEFINITIONAL_REPRESENTATION('',(#11917),#11921);
#11917 = LINE('',#11918,#11919);
#11918 = CARTESIAN_POINT('',(0.,0.));
#11919 = VECTOR('',#11920,1.);
#11920 = DIRECTION('',(1.,0.));
#11921 = ( GEOMETRIC_REPRESENTATION_CONTEXT(2) 
PARAMETRIC_REPRESENTATION_CONTEXT() REPRESENTATION_CONTEXT('2D SPACE',''
  ) );
#11922 = ORIENTED_EDGE('',*,*,#11923,.F.);
#11923 = EDGE_CURVE('',#11550,#11894,#11924,.T.);
#11924 = SURFACE_CURVE('',#11925,(#11929,#11936),.PCURVE_S1.);
#11925 = LINE('',#11926,#11927);
#11926 = CARTESIAN_POINT('',(-72.,-15.5,-141.5));
#11927 = VECTOR('',#11928,1.);
#11928 = DIRECTION('',(1.,0.,-0.));
#11929 = PCURVE('',#11572,#11930);
#11930 = DEFINITIONAL_REPRESENTATION('',(#11931),#11935);
#11931 = LINE('',#11932,#11933);
#11932 = CARTESIAN_POINT('',(0.,0.));
#11933 = VECTOR('',#11934,1.);
#11934 = DIRECTION('',(0.,1.));
#11935 = ( GEOMETRIC_REPRESENTATION_CONTEXT(2) 
PARAMETRIC_REPRESENTATION_CONTEXT() REPRESENTATION_CONTEXT('2D SPACE',''
  ) );
#11936 = PCURVE('',#11600,#11937);
#11937 = DEFINITIONAL_REPRESENTATION('',(#11938),#11942);
#11938 = LINE('',#11939,#11940);
#11939 = CARTESIAN_POINT('',(0.,0.));
#11940 = VECTOR('',#11941,1.);
#11941 = DIRECTION('',(1.,0.));
#11942 = ( GEOMETRIC_REPRESENTATION_CONTEXT(2) 
PARAMETRIC_REPRESENTATION_CONTEXT() REPRESENTATION_CONTEXT('2D SPACE',''
  ) );
#11943 = ORIENTED_EDGE('',*,*,#11549,.T.);
#11944 = ORIENTED_EDGE('',*,*,#11945,.T.);
#11945 = EDGE_CURVE('',#11552,#11896,#11946,.T.);
#11946 = SURFACE_CURVE('',#11947,(#11951,#11958),.PCURVE_S1.);
#11947 = LINE('',#11948,#11949);
#11948 = CARTESIAN_POINT('',(-72.,-15.5,-28.5));
#11949 = VECTOR('',#11950,1.);
#11950 = DIRECTION('',(1.,0.,-0.));
#11951 = PCURVE('',#11572,#11952);
#11952 = DEFINITIONAL_REPRESENTATION('',(#11953),#11957);
#11953 = LINE('',#11954,#11955);
#11954 = CARTESIAN_POINT('',(113.,0.));
#11955 = VECTOR('',#11956,1.);
#11956 = DIRECTION('',(0.,1.));
#11957 = ( GEOMETRIC_REPRESENTATION_CONTEXT(2) 
PARAMETRIC_REPRESENTATION_CONTEXT() REPRESENTATION_CONTEXT('2D SPACE',''
  ) );
#11958 = PCURVE('',#11878,#11959);
#11959 = DEFINITIONAL_REPRESENTATION('',(#11960),#11964);
#11960 = LINE('',#11961,#11962);
#11961 = CARTESIAN_POINT('',(0.,0.));
#11962 = VECTOR('',#11963,1.);
#11963 = DIRECTION('',(1.,0.));
#11964 = ( GEOMETRIC_REPRESENTATION_CONTEXT(2) 
PARAMETRIC_REPRESENTATION_CONTEXT() REPRESENTATION_CONTEXT('2D SPACE',''
  ) );
#11965 = ADVANCED_FACE('',(#11966),#11600,.F.);
#11966 = FACE_BOUND('',#11967,.F.);
#11967 = EDGE_LOOP('',(#11968,#11969,#11992,#12013));
#11968 = ORIENTED_EDGE('',*,*,#11923,.T.);
#11969 = ORIENTED_EDGE('',*,*,#11970,.F.);
#11970 = EDGE_CURVE('',#11971,#11894,#11973,.T.);
#11971 = VERTEX_POINT('',#11972);
#11972 = CARTESIAN_POINT('',(-52.,48.5,-141.5));
#11973 = SURFACE_CURVE('',#11974,(#11978,#11985),.PCURVE_S1.);
#11974 = LINE('',#11975,#11976);
#11975 = CARTESIAN_POINT('',(-52.,48.5,-141.5));
#11976 = VECTOR('',#11977,1.);
#11977 = DIRECTION('',(0.,-1.,0.));
#11978 = PCURVE('',#11600,#11979);
#11979 = DEFINITIONAL_REPRESENTATION('',(#11980),#11984);
#11980 = LINE('',#11981,#11982);
#11981 = CARTESIAN_POINT('',(20.,64.));
#11982 = VECTOR('',#11983,1.);
#11983 = DIRECTION('',(0.,-1.));
#11984 = ( GEOMETRIC_REPRESENTATION_CONTEXT(2) 
PARAMETRIC_REPRESENTATION_CONTEXT() REPRESENTATION_CONTEXT('2D SPACE',''
  ) );
#11985 = PCURVE('',#11911,#11986);
#11986 = DEFINITIONAL_REPRESENTATION('',(#11987),#11991);
#11987 = LINE('',#11988,#11989);
#11988 = CARTESIAN_POINT('',(0.,-64.));
#11989 = VECTOR('',#11990,1.);
#11990 = DIRECTION('',(0.,1.));
#11991 = ( GEOMETRIC_REPRESENTATION_CONTEXT(2) 
PARAMETRIC_REPRESENTATION_CONTEXT() REPRESENTATION_CONTEXT('2D SPACE',''
  ) );
#11992 = ORIENTED_EDGE('',*,*,#11993,.F.);
#11993 = EDGE_CURVE('',#11585,#11971,#11994,.T.);
#11994 = SURFACE_CURVE('',#11995,(#11999,#12006),.PCURVE_S1.);
#11995 = LINE('',#11996,#11997);
#11996 = CARTESIAN_POINT('',(-72.,48.5,-141.5));
#11997 = VECTOR('',#11998,1.);
#11998 = DIRECTION('',(1.,0.,-0.));
#11999 = PCURVE('',#11600,#12000);
#12000 = DEFINITIONAL_REPRESENTATION('',(#12001),#12005);
#12001 = LINE('',#12002,#12003);
#12002 = CARTESIAN_POINT('',(0.,64.));
#12003 = VECTOR('',#12004,1.);
#12004 = DIRECTION('',(1.,0.));
#12005 = ( GEOMETRIC_REPRESENTATION_CONTEXT(2) 
PARAMETRIC_REPRESENTATION_CONTEXT() REPRESENTATION_CONTEXT('2D SPACE',''
  ) );
#12006 = PCURVE('',#11628,#12007);
#12007 = DEFINITIONAL_REPRESENTATION('',(#12008),#12012);
#12008 = LINE('',#12009,#12010);
#12009 = CARTESIAN_POINT('',(18.5,0.));
#12010 = VECTOR('',#12011,1.);
#12011 = DIRECTION('',(0.,1.));
#12012 = ( GEOMETRIC_REPRESENTATION_CONTEXT(2) 
PARAMETRIC_REPRESENTATION_CONTEXT() REPRESENTATION_CONTEXT('2D SPACE',''
  ) );
#12013 = ORIENTED_EDGE('',*,*,#11584,.T.);
#12014 = ADVANCED_FACE('',(#12015,#12063),#11628,.F.);
#12015 = FACE_BOUND('',#12016,.F.);
#12016 = EDGE_LOOP('',(#12017,#12040,#12061,#12062));
#12017 = ORIENTED_EDGE('',*,*,#12018,.F.);
#12018 = EDGE_CURVE('',#12019,#11971,#12021,.T.);
#12019 = VERTEX_POINT('',#12020);
#12020 = CARTESIAN_POINT('',(-52.,48.5,-160.));
#12021 = SURFACE_CURVE('',#12022,(#12026,#12033),.PCURVE_S1.);
#12022 = LINE('',#12023,#12024);
#12023 = CARTESIAN_POINT('',(-52.,48.5,-160.));
#12024 = VECTOR('',#12025,1.);
#12025 = DIRECTION('',(0.,0.,1.));
#12026 = PCURVE('',#11628,#12027);
#12027 = DEFINITIONAL_REPRESENTATION('',(#12028),#12032);
#12028 = LINE('',#12029,#12030);
#12029 = CARTESIAN_POINT('',(0.,20.));
#12030 = VECTOR('',#12031,1.);
#12031 = DIRECTION('',(1.,0.));
#12032 = ( GEOMETRIC_REPRESENTATION_CONTEXT(2) 
PARAMETRIC_REPRESENTATION_CONTEXT() REPRESENTATION_CONTEXT('2D SPACE',''
  ) );
#12033 = PCURVE('',#11911,#12034);
#12034 = DEFINITIONAL_REPRESENTATION('',(#12035),#12039);
#12035 = LINE('',#12036,#12037);
#12036 = CARTESIAN_POINT('',(-18.5,-64.));
#12037 = VECTOR('',#12038,1.);
#12038 = DIRECTION('',(1.,0.));
#12039 = ( GEOMETRIC_REPRESENTATION_CONTEXT(2) 
PARAMETRIC_REPRESENTATION_CONTEXT() REPRESENTATION_CONTEXT('2D SPACE',''
  ) );
#12040 = ORIENTED_EDGE('',*,*,#12041,.F.);
#12041 = EDGE_CURVE('',#11613,#12019,#12042,.T.);
#12042 = SURFACE_CURVE('',#12043,(#12047,#12054),.PCURVE_S1.);
#12043 = LINE('',#12044,#12045);
#12044 = CARTESIAN_POINT('',(-72.,48.5,-160.));
#12045 = VECTOR('',#12046,1.);
#12046 = DIRECTION('',(1.,0.,-0.));
#12047 = PCURVE('',#11628,#12048);
#12048 = DEFINITIONAL_REPRESENTATION('',(#12049),#12053);
#12049 = LINE('',#12050,#12051);
#12050 = CARTESIAN_POINT('',(0.,0.));
#12051 = VECTOR('',#12052,1.);
#12052 = DIRECTION('',(0.,1.));
#12053 = ( GEOMETRIC_REPRESENTATION_CONTEXT(2) 
PARAMETRIC_REPRESENTATION_CONTEXT() REPRESENTATION_CONTEXT('2D SPACE',''
  ) );
#12054 = PCURVE('',#11656,#12055);
#12055 = DEFINITIONAL_REPRESENTATION('',(#12056),#12060);
#12056 = LINE('',#12057,#12058);
#12057 = CARTESIAN_POINT('',(0.,0.));
#12058 = VECTOR('',#12059,1.);
#12059 = DIRECTION('',(1.,0.));
#12060 = ( GEOMETRIC_REPRESENTATION_CONTEXT(2) 
PARAMETRIC_REPRESENTATION_CONTEXT() REPRESENTATION_CONTEXT('2D SPACE',''
  ) );
#12061 = ORIENTED_EDGE('',*,*,#11612,.T.);
#12062 = ORIENTED_EDGE('',*,*,#11993,.T.);
#12063 = FACE_BOUND('',#12064,.F.);
#12064 = EDGE_LOOP('',(#12065));
#12065 = ORIENTED_EDGE('',*,*,#12066,.T.);
#12066 = EDGE_CURVE('',#12067,#12067,#12069,.T.);
#12067 = VERTEX_POINT('',#12068);
#12068 = CARTESIAN_POINT('',(-59.25,48.5,-151.));
#12069 = SURFACE_CURVE('',#12070,(#12075,#12086),.PCURVE_S1.);
#12070 = CIRCLE('',#12071,2.75);
#12071 = AXIS2_PLACEMENT_3D('',#12072,#12073,#12074);
#12072 = CARTESIAN_POINT('',(-62.,48.5,-151.));
#12073 = DIRECTION('',(0.,-1.,2.22044604925E-16));
#12074 = DIRECTION('',(1.,0.,0.));
#12075 = PCURVE('',#11628,#12076);
#12076 = DEFINITIONAL_REPRESENTATION('',(#12077),#12085);
#12077 = ( BOUNDED_CURVE() B_SPLINE_CURVE(2,(#12078,#12079,#12080,#12081
    ,#12082,#12083,#12084),.UNSPECIFIED.,.T.,.F.) 
B_SPLINE_CURVE_WITH_KNOTS((1,2,2,2,2,1),(-2.094395102393,0.,
    2.094395102393,4.188790204786,6.28318530718,8.377580409573),
.UNSPECIFIED.) CURVE() GEOMETRIC_REPRESENTATION_ITEM() 
RATIONAL_B_SPLINE_CURVE((1.,0.5,1.,0.5,1.,0.5,1.)) REPRESENTATION_ITEM(
  '') );
#12078 = CARTESIAN_POINT('',(9.,12.75));
#12079 = CARTESIAN_POINT('',(13.763139720814,12.75));
#12080 = CARTESIAN_POINT('',(11.381569860407,8.625));
#12081 = CARTESIAN_POINT('',(9.,4.5));
#12082 = CARTESIAN_POINT('',(6.618430139593,8.625));
#12083 = CARTESIAN_POINT('',(4.236860279186,12.75));
#12084 = CARTESIAN_POINT('',(9.,12.75));
#12085 = ( GEOMETRIC_REPRESENTATION_CONTEXT(2) 
PARAMETRIC_REPRESENTATION_CONTEXT() REPRESENTATION_CONTEXT('2D SPACE',''
  ) );
#12086 = PCURVE('',#12087,#12092);
#12087 = CYLINDRICAL_SURFACE('',#12088,2.75);
#12088 = AXIS2_PLACEMENT_3D('',#12089,#12090,#12091);
#12089 = CARTESIAN_POINT('',(-62.,51.,-151.));
#12090 = DIRECTION('',(0.,-1.,2.22044604925E-16));
#12091 = DIRECTION('',(1.,0.,0.));
#12092 = DEFINITIONAL_REPRESENTATION('',(#12093),#12097);
#12093 = LINE('',#12094,#12095);
#12094 = CARTESIAN_POINT('',(0.,2.5));
#12095 = VECTOR('',#12096,1.);
#12096 = DIRECTION('',(1.,0.));
#12097 = ( GEOMETRIC_REPRESENTATION_CONTEXT(2) 
PARAMETRIC_REPRESENTATION_CONTEXT() REPRESENTATION_CONTEXT('2D SPACE',''
  ) );
#12098 = ADVANCED_FACE('',(#12099),#11656,.F.);
#12099 = FACE_BOUND('',#12100,.F.);
#12100 = EDGE_LOOP('',(#12101,#12102,#12103,#12126));
#12101 = ORIENTED_EDGE('',*,*,#11640,.F.);
#12102 = ORIENTED_EDGE('',*,*,#12041,.T.);
#12103 = ORIENTED_EDGE('',*,*,#12104,.T.);
#12104 = EDGE_CURVE('',#12019,#12105,#12107,.T.);
#12105 = VERTEX_POINT('',#12106);
#12106 = CARTESIAN_POINT('',(-52.,50.,-160.));
#12107 = SURFACE_CURVE('',#12108,(#12112,#12119),.PCURVE_S1.);
#12108 = LINE('',#12109,#12110);
#12109 = CARTESIAN_POINT('',(-52.,48.5,-160.));
#12110 = VECTOR('',#12111,1.);
#12111 = DIRECTION('',(-0.,1.,0.));
#12112 = PCURVE('',#11656,#12113);
#12113 = DEFINITIONAL_REPRESENTATION('',(#12114),#12118);
#12114 = LINE('',#12115,#12116);
#12115 = CARTESIAN_POINT('',(20.,0.));
#12116 = VECTOR('',#12117,1.);
#12117 = DIRECTION('',(0.,1.));
#12118 = ( GEOMETRIC_REPRESENTATION_CONTEXT(2) 
PARAMETRIC_REPRESENTATION_CONTEXT() REPRESENTATION_CONTEXT('2D SPACE',''
  ) );
#12119 = PCURVE('',#11911,#12120);
#12120 = DEFINITIONAL_REPRESENTATION('',(#12121),#12125);
#12121 = LINE('',#12122,#12123);
#12122 = CARTESIAN_POINT('',(-18.5,-64.));
#12123 = VECTOR('',#12124,1.);
#12124 = DIRECTION('',(0.,-1.));
#12125 = ( GEOMETRIC_REPRESENTATION_CONTEXT(2) 
PARAMETRIC_REPRESENTATION_CONTEXT() REPRESENTATION_CONTEXT('2D SPACE',''
  ) );
#12126 = ORIENTED_EDGE('',*,*,#12127,.F.);
#12127 = EDGE_CURVE('',#11641,#12105,#12128,.T.);
#12128 = SURFACE_CURVE('',#12129,(#12133,#12140),.PCURVE_S1.);
#12129 = LINE('',#12130,#12131);
#12130 = CARTESIAN_POINT('',(-72.,50.,-160.));
#12131 = VECTOR('',#12132,1.);
#12132 = DIRECTION('',(1.,0.,-0.));
#12133 = PCURVE('',#11656,#12134);
#12134 = DEFINITIONAL_REPRESENTATION('',(#12135),#12139);
#12135 = LINE('',#12136,#12137);
#12136 = CARTESIAN_POINT('',(0.,1.5));
#12137 = VECTOR('',#12138,1.);
#12138 = DIRECTION('',(1.,0.));
#12139 = ( GEOMETRIC_REPRESENTATION_CONTEXT(2) 
PARAMETRIC_REPRESENTATION_CONTEXT() REPRESENTATION_CONTEXT('2D SPACE',''
  ) );
#12140 = PCURVE('',#11684,#12141);
#12141 = DEFINITIONAL_REPRESENTATION('',(#12142),#12146);
#12142 = LINE('',#12143,#12144);
#12143 = CARTESIAN_POINT('',(0.,0.));
#12144 = VECTOR('',#12145,1.);
#12145 = DIRECTION('',(0.,1.));
#12146 = ( GEOMETRIC_REPRESENTATION_CONTEXT(2) 
PARAMETRIC_REPRESENTATION_CONTEXT() REPRESENTATION_CONTEXT('2D SPACE',''
  ) );
#12147 = ADVANCED_FACE('',(#12148,#12196),#11684,.T.);
#12148 = FACE_BOUND('',#12149,.T.);
#12149 = EDGE_LOOP('',(#12150,#12151,#12152,#12175));
#12150 = ORIENTED_EDGE('',*,*,#12127,.F.);
#12151 = ORIENTED_EDGE('',*,*,#11668,.T.);
#12152 = ORIENTED_EDGE('',*,*,#12153,.T.);
#12153 = EDGE_CURVE('',#11669,#12154,#12156,.T.);
#12154 = VERTEX_POINT('',#12155);
#12155 = CARTESIAN_POINT('',(-52.,50.,-140.));
#12156 = SURFACE_CURVE('',#12157,(#12161,#12168),.PCURVE_S1.);
#12157 = LINE('',#12158,#12159);
#12158 = CARTESIAN_POINT('',(-72.,50.,-140.));
#12159 = VECTOR('',#12160,1.);
#12160 = DIRECTION('',(1.,0.,-0.));
#12161 = PCURVE('',#11684,#12162);
#12162 = DEFINITIONAL_REPRESENTATION('',(#12163),#12167);
#12163 = LINE('',#12164,#12165);
#12164 = CARTESIAN_POINT('',(20.,0.));
#12165 = VECTOR('',#12166,1.);
#12166 = DIRECTION('',(0.,1.));
#12167 = ( GEOMETRIC_REPRESENTATION_CONTEXT(2) 
PARAMETRIC_REPRESENTATION_CONTEXT() REPRESENTATION_CONTEXT('2D SPACE',''
  ) );
#12168 = PCURVE('',#11712,#12169);
#12169 = DEFINITIONAL_REPRESENTATION('',(#12170),#12174);
#12170 = LINE('',#12171,#12172);
#12171 = CARTESIAN_POINT('',(0.,65.5));
#12172 = VECTOR('',#12173,1.);
#12173 = DIRECTION('',(1.,0.));
#12174 = ( GEOMETRIC_REPRESENTATION_CONTEXT(2) 
PARAMETRIC_REPRESENTATION_CONTEXT() REPRESENTATION_CONTEXT('2D SPACE',''
  ) );
#12175 = ORIENTED_EDGE('',*,*,#12176,.F.);
#12176 = EDGE_CURVE('',#12105,#12154,#12177,.T.);
#12177 = SURFACE_CURVE('',#12178,(#12182,#12189),.PCURVE_S1.);
#12178 = LINE('',#12179,#12180);
#12179 = CARTESIAN_POINT('',(-52.,50.,-160.));
#12180 = VECTOR('',#12181,1.);
#12181 = DIRECTION('',(0.,0.,1.));
#12182 = PCURVE('',#11684,#12183);
#12183 = DEFINITIONAL_REPRESENTATION('',(#12184),#12188);
#12184 = LINE('',#12185,#12186);
#12185 = CARTESIAN_POINT('',(0.,20.));
#12186 = VECTOR('',#12187,1.);
#12187 = DIRECTION('',(1.,0.));
#12188 = ( GEOMETRIC_REPRESENTATION_CONTEXT(2) 
PARAMETRIC_REPRESENTATION_CONTEXT() REPRESENTATION_CONTEXT('2D SPACE',''
  ) );
#12189 = PCURVE('',#11911,#12190);
#12190 = DEFINITIONAL_REPRESENTATION('',(#12191),#12195);
#12191 = LINE('',#12192,#12193);
#12192 = CARTESIAN_POINT('',(-18.5,-65.5));
#12193 = VECTOR('',#12194,1.);
#12194 = DIRECTION('',(1.,0.));
#12195 = ( GEOMETRIC_REPRESENTATION_CONTEXT(2) 
PARAMETRIC_REPRESENTATION_CONTEXT() REPRESENTATION_CONTEXT('2D SPACE',''
  ) );
#12196 = FACE_BOUND('',#12197,.T.);
#12197 = EDGE_LOOP('',(#12198));
#12198 = ORIENTED_EDGE('',*,*,#12199,.T.);
#12199 = EDGE_CURVE('',#12200,#12200,#12202,.T.);
#12200 = VERTEX_POINT('',#12201);
#12201 = CARTESIAN_POINT('',(-59.25,50.,-151.));
#12202 = SURFACE_CURVE('',#12203,(#12208,#12219),.PCURVE_S1.);
#12203 = CIRCLE('',#12204,2.75);
#12204 = AXIS2_PLACEMENT_3D('',#12205,#12206,#12207);
#12205 = CARTESIAN_POINT('',(-62.,50.,-151.));
#12206 = DIRECTION('',(0.,-1.,2.22044604925E-16));
#12207 = DIRECTION('',(1.,0.,0.));
#12208 = PCURVE('',#11684,#12209);
#12209 = DEFINITIONAL_REPRESENTATION('',(#12210),#12218);
#12210 = ( BOUNDED_CURVE() B_SPLINE_CURVE(2,(#12211,#12212,#12213,#12214
    ,#12215,#12216,#12217),.UNSPECIFIED.,.T.,.F.) 
B_SPLINE_CURVE_WITH_KNOTS((1,2,2,2,2,1),(-2.094395102393,0.,
    2.094395102393,4.188790204786,6.28318530718,8.377580409573),
.UNSPECIFIED.) CURVE() GEOMETRIC_REPRESENTATION_ITEM() 
RATIONAL_B_SPLINE_CURVE((1.,0.5,1.,0.5,1.,0.5,1.)) REPRESENTATION_ITEM(
  '') );
#12211 = CARTESIAN_POINT('',(9.,12.75));
#12212 = CARTESIAN_POINT('',(13.763139720814,12.75));
#12213 = CARTESIAN_POINT('',(11.381569860407,8.625));
#12214 = CARTESIAN_POINT('',(9.,4.5));
#12215 = CARTESIAN_POINT('',(6.618430139593,8.625));
#12216 = CARTESIAN_POINT('',(4.236860279186,12.75));
#12217 = CARTESIAN_POINT('',(9.,12.75));
#12218 = ( GEOMETRIC_REPRESENTATION_CONTEXT(2) 
PARAMETRIC_REPRESENTATION_CONTEXT() REPRESENTATION_CONTEXT('2D SPACE',''
  ) );
#12219 = PCURVE('',#12087,#12220);
#12220 = DEFINITIONAL_REPRESENTATION('',(#12221),#12225);
#12221 = LINE('',#12222,#12223);
#12222 = CARTESIAN_POINT('',(0.,1.));
#12223 = VECTOR('',#12224,1.);
#12224 = DIRECTION('',(1.,0.));
#12225 = ( GEOMETRIC_REPRESENTATION_CONTEXT(2) 
PARAMETRIC_REPRESENTATION_CONTEXT() REPRESENTATION_CONTEXT('2D SPACE',''
  ) );
#12226 = ADVANCED_FACE('',(#12227),#11712,.T.);
#12227 = FACE_BOUND('',#12228,.T.);
#12228 = EDGE_LOOP('',(#12229,#12230,#12252,#12273));
#12229 = ORIENTED_EDGE('',*,*,#11696,.F.);
#12230 = ORIENTED_EDGE('',*,*,#12231,.T.);
#12231 = EDGE_CURVE('',#11697,#12232,#12234,.T.);
#12232 = VERTEX_POINT('',#12233);
#12233 = CARTESIAN_POINT('',(-52.,-14.,-140.));
#12234 = SURFACE_CURVE('',#12235,(#12239,#12246),.PCURVE_S1.);
#12235 = LINE('',#12236,#12237);
#12236 = CARTESIAN_POINT('',(-72.,-14.,-140.));
#12237 = VECTOR('',#12238,1.);
#12238 = DIRECTION('',(1.,0.,-0.));
#12239 = PCURVE('',#11712,#12240);
#12240 = DEFINITIONAL_REPRESENTATION('',(#12241),#12245);
#12241 = LINE('',#12242,#12243);
#12242 = CARTESIAN_POINT('',(0.,1.5));
#12243 = VECTOR('',#12244,1.);
#12244 = DIRECTION('',(1.,0.));
#12245 = ( GEOMETRIC_REPRESENTATION_CONTEXT(2) 
PARAMETRIC_REPRESENTATION_CONTEXT() REPRESENTATION_CONTEXT('2D SPACE',''
  ) );
#12246 = PCURVE('',#11740,#12247);
#12247 = DEFINITIONAL_REPRESENTATION('',(#12248),#12251);
#12248 = B_SPLINE_CURVE_WITH_KNOTS('',1,(#12249,#12250),.UNSPECIFIED.,
  .F.,.F.,(2,2),(0.,20.),.PIECEWISE_BEZIER_KNOTS.);
#12249 = CARTESIAN_POINT('',(1.5,0.));
#12250 = CARTESIAN_POINT('',(1.5,20.));
#12251 = ( GEOMETRIC_REPRESENTATION_CONTEXT(2) 
PARAMETRIC_REPRESENTATION_CONTEXT() REPRESENTATION_CONTEXT('2D SPACE',''
  ) );
#12252 = ORIENTED_EDGE('',*,*,#12253,.T.);
#12253 = EDGE_CURVE('',#12232,#12154,#12254,.T.);
#12254 = SURFACE_CURVE('',#12255,(#12259,#12266),.PCURVE_S1.);
#12255 = LINE('',#12256,#12257);
#12256 = CARTESIAN_POINT('',(-52.,-14.,-140.));
#12257 = VECTOR('',#12258,1.);
#12258 = DIRECTION('',(0.,1.,0.));
#12259 = PCURVE('',#11712,#12260);
#12260 = DEFINITIONAL_REPRESENTATION('',(#12261),#12265);
#12261 = LINE('',#12262,#12263);
#12262 = CARTESIAN_POINT('',(20.,1.5));
#12263 = VECTOR('',#12264,1.);
#12264 = DIRECTION('',(0.,1.));
#12265 = ( GEOMETRIC_REPRESENTATION_CONTEXT(2) 
PARAMETRIC_REPRESENTATION_CONTEXT() REPRESENTATION_CONTEXT('2D SPACE',''
  ) );
#12266 = PCURVE('',#11911,#12267);
#12267 = DEFINITIONAL_REPRESENTATION('',(#12268),#12272);
#12268 = LINE('',#12269,#12270);
#12269 = CARTESIAN_POINT('',(1.5,-1.5));
#12270 = VECTOR('',#12271,1.);
#12271 = DIRECTION('',(0.,-1.));
#12272 = ( GEOMETRIC_REPRESENTATION_CONTEXT(2) 
PARAMETRIC_REPRESENTATION_CONTEXT() REPRESENTATION_CONTEXT('2D SPACE',''
  ) );
#12273 = ORIENTED_EDGE('',*,*,#12153,.F.);
#12274 = ADVANCED_FACE('',(#12275),#11740,.T.);
#12275 = FACE_BOUND('',#12276,.T.);
#12276 = EDGE_LOOP('',(#12277,#12300,#12301,#12302));
#12277 = ORIENTED_EDGE('',*,*,#12278,.F.);
#12278 = EDGE_CURVE('',#12232,#12279,#12281,.T.);
#12279 = VERTEX_POINT('',#12280);
#12280 = CARTESIAN_POINT('',(-52.,-14.,-30.));
#12281 = SURFACE_CURVE('',#12282,(#12286,#12293),.PCURVE_S1.);
#12282 = LINE('',#12283,#12284);
#12283 = CARTESIAN_POINT('',(-52.,-14.,-141.5));
#12284 = VECTOR('',#12285,1.);
#12285 = DIRECTION('',(0.,0.,1.));
#12286 = PCURVE('',#11740,#12287);
#12287 = DEFINITIONAL_REPRESENTATION('',(#12288),#12292);
#12288 = LINE('',#12289,#12290);
#12289 = CARTESIAN_POINT('',(0.,20.));
#12290 = VECTOR('',#12291,1.);
#12291 = DIRECTION('',(1.,0.));
#12292 = ( GEOMETRIC_REPRESENTATION_CONTEXT(2) 
PARAMETRIC_REPRESENTATION_CONTEXT() REPRESENTATION_CONTEXT('2D SPACE',''
  ) );
#12293 = PCURVE('',#11911,#12294);
#12294 = DEFINITIONAL_REPRESENTATION('',(#12295),#12299);
#12295 = LINE('',#12296,#12297);
#12296 = CARTESIAN_POINT('',(0.,-1.5));
#12297 = VECTOR('',#12298,1.);
#12298 = DIRECTION('',(1.,0.));
#12299 = ( GEOMETRIC_REPRESENTATION_CONTEXT(2) 
PARAMETRIC_REPRESENTATION_CONTEXT() REPRESENTATION_CONTEXT('2D SPACE',''
  ) );
#12300 = ORIENTED_EDGE('',*,*,#12231,.F.);
#12301 = ORIENTED_EDGE('',*,*,#11724,.T.);
#12302 = ORIENTED_EDGE('',*,*,#12303,.T.);
#12303 = EDGE_CURVE('',#11725,#12279,#12304,.T.);
#12304 = SURFACE_CURVE('',#12305,(#12309,#12315),.PCURVE_S1.);
#12305 = LINE('',#12306,#12307);
#12306 = CARTESIAN_POINT('',(-72.,-14.,-30.));
#12307 = VECTOR('',#12308,1.);
#12308 = DIRECTION('',(1.,0.,-0.));
#12309 = PCURVE('',#11740,#12310);
#12310 = DEFINITIONAL_REPRESENTATION('',(#12311),#12314);
#12311 = B_SPLINE_CURVE_WITH_KNOTS('',1,(#12312,#12313),.UNSPECIFIED.,
  .F.,.F.,(2,2),(0.,20.),.PIECEWISE_BEZIER_KNOTS.);
#12312 = CARTESIAN_POINT('',(111.5,0.));
#12313 = CARTESIAN_POINT('',(111.5,20.));
#12314 = ( GEOMETRIC_REPRESENTATION_CONTEXT(2) 
PARAMETRIC_REPRESENTATION_CONTEXT() REPRESENTATION_CONTEXT('2D SPACE',''
  ) );
#12315 = PCURVE('',#11768,#12316);
#12316 = DEFINITIONAL_REPRESENTATION('',(#12317),#12321);
#12317 = LINE('',#12318,#12319);
#12318 = CARTESIAN_POINT('',(0.,1.5));
#12319 = VECTOR('',#12320,1.);
#12320 = DIRECTION('',(1.,0.));
#12321 = ( GEOMETRIC_REPRESENTATION_CONTEXT(2) 
PARAMETRIC_REPRESENTATION_CONTEXT() REPRESENTATION_CONTEXT('2D SPACE',''
  ) );
#12322 = ADVANCED_FACE('',(#12323),#11768,.F.);
#12323 = FACE_BOUND('',#12324,.F.);
#12324 = EDGE_LOOP('',(#12325,#12326,#12349,#12370));
#12325 = ORIENTED_EDGE('',*,*,#12303,.T.);
#12326 = ORIENTED_EDGE('',*,*,#12327,.F.);
#12327 = EDGE_CURVE('',#12328,#12279,#12330,.T.);
#12328 = VERTEX_POINT('',#12329);
#12329 = CARTESIAN_POINT('',(-52.,50.,-30.));
#12330 = SURFACE_CURVE('',#12331,(#12335,#12342),.PCURVE_S1.);
#12331 = LINE('',#12332,#12333);
#12332 = CARTESIAN_POINT('',(-52.,50.,-30.));
#12333 = VECTOR('',#12334,1.);
#12334 = DIRECTION('',(0.,-1.,0.));
#12335 = PCURVE('',#11768,#12336);
#12336 = DEFINITIONAL_REPRESENTATION('',(#12337),#12341);
#12337 = LINE('',#12338,#12339);
#12338 = CARTESIAN_POINT('',(20.,65.5));
#12339 = VECTOR('',#12340,1.);
#12340 = DIRECTION('',(0.,-1.));
#12341 = ( GEOMETRIC_REPRESENTATION_CONTEXT(2) 
PARAMETRIC_REPRESENTATION_CONTEXT() REPRESENTATION_CONTEXT('2D SPACE',''
  ) );
#12342 = PCURVE('',#11911,#12343);
#12343 = DEFINITIONAL_REPRESENTATION('',(#12344),#12348);
#12344 = LINE('',#12345,#12346);
#12345 = CARTESIAN_POINT('',(111.5,-65.5));
#12346 = VECTOR('',#12347,1.);
#12347 = DIRECTION('',(0.,1.));
#12348 = ( GEOMETRIC_REPRESENTATION_CONTEXT(2) 
PARAMETRIC_REPRESENTATION_CONTEXT() REPRESENTATION_CONTEXT('2D SPACE',''
  ) );
#12349 = ORIENTED_EDGE('',*,*,#12350,.F.);
#12350 = EDGE_CURVE('',#11753,#12328,#12351,.T.);
#12351 = SURFACE_CURVE('',#12352,(#12356,#12363),.PCURVE_S1.);
#12352 = LINE('',#12353,#12354);
#12353 = CARTESIAN_POINT('',(-72.,50.,-30.));
#12354 = VECTOR('',#12355,1.);
#12355 = DIRECTION('',(1.,0.,-0.));
#12356 = PCURVE('',#11768,#12357);
#12357 = DEFINITIONAL_REPRESENTATION('',(#12358),#12362);
#12358 = LINE('',#12359,#12360);
#12359 = CARTESIAN_POINT('',(0.,65.5));
#12360 = VECTOR('',#12361,1.);
#12361 = DIRECTION('',(1.,0.));
#12362 = ( GEOMETRIC_REPRESENTATION_CONTEXT(2) 
PARAMETRIC_REPRESENTATION_CONTEXT() REPRESENTATION_CONTEXT('2D SPACE',''
  ) );
#12363 = PCURVE('',#11796,#12364);
#12364 = DEFINITIONAL_REPRESENTATION('',(#12365),#12369);
#12365 = LINE('',#12366,#12367);
#12366 = CARTESIAN_POINT('',(0.,0.));
#12367 = VECTOR('',#12368,1.);
#12368 = DIRECTION('',(0.,1.));
#12369 = ( GEOMETRIC_REPRESENTATION_CONTEXT(2) 
PARAMETRIC_REPRESENTATION_CONTEXT() REPRESENTATION_CONTEXT('2D SPACE',''
  ) );
#12370 = ORIENTED_EDGE('',*,*,#11752,.T.);
#12371 = ADVANCED_FACE('',(#12372,#12420),#11796,.T.);
#12372 = FACE_BOUND('',#12373,.T.);
#12373 = EDGE_LOOP('',(#12374,#12375,#12376,#12399));
#12374 = ORIENTED_EDGE('',*,*,#12350,.F.);
#12375 = ORIENTED_EDGE('',*,*,#11780,.T.);
#12376 = ORIENTED_EDGE('',*,*,#12377,.T.);
#12377 = EDGE_CURVE('',#11781,#12378,#12380,.T.);
#12378 = VERTEX_POINT('',#12379);
#12379 = CARTESIAN_POINT('',(-52.,50.,-10.));
#12380 = SURFACE_CURVE('',#12381,(#12385,#12392),.PCURVE_S1.);
#12381 = LINE('',#12382,#12383);
#12382 = CARTESIAN_POINT('',(-72.,50.,-10.));
#12383 = VECTOR('',#12384,1.);
#12384 = DIRECTION('',(1.,0.,-0.));
#12385 = PCURVE('',#11796,#12386);
#12386 = DEFINITIONAL_REPRESENTATION('',(#12387),#12391);
#12387 = LINE('',#12388,#12389);
#12388 = CARTESIAN_POINT('',(20.,0.));
#12389 = VECTOR('',#12390,1.);
#12390 = DIRECTION('',(0.,1.));
#12391 = ( GEOMETRIC_REPRESENTATION_CONTEXT(2) 
PARAMETRIC_REPRESENTATION_CONTEXT() REPRESENTATION_CONTEXT('2D SPACE',''
  ) );
#12392 = PCURVE('',#11824,#12393);
#12393 = DEFINITIONAL_REPRESENTATION('',(#12394),#12398);
#12394 = LINE('',#12395,#12396);
#12395 = CARTESIAN_POINT('',(0.,1.5));
#12396 = VECTOR('',#12397,1.);
#12397 = DIRECTION('',(1.,0.));
#12398 = ( GEOMETRIC_REPRESENTATION_CONTEXT(2) 
PARAMETRIC_REPRESENTATION_CONTEXT() REPRESENTATION_CONTEXT('2D SPACE',''
  ) );
#12399 = ORIENTED_EDGE('',*,*,#12400,.F.);
#12400 = EDGE_CURVE('',#12328,#12378,#12401,.T.);
#12401 = SURFACE_CURVE('',#12402,(#12406,#12413),.PCURVE_S1.);
#12402 = LINE('',#12403,#12404);
#12403 = CARTESIAN_POINT('',(-52.,50.,-30.));
#12404 = VECTOR('',#12405,1.);
#12405 = DIRECTION('',(0.,0.,1.));
#12406 = PCURVE('',#11796,#12407);
#12407 = DEFINITIONAL_REPRESENTATION('',(#12408),#12412);
#12408 = LINE('',#12409,#12410);
#12409 = CARTESIAN_POINT('',(0.,20.));
#12410 = VECTOR('',#12411,1.);
#12411 = DIRECTION('',(1.,0.));
#12412 = ( GEOMETRIC_REPRESENTATION_CONTEXT(2) 
PARAMETRIC_REPRESENTATION_CONTEXT() REPRESENTATION_CONTEXT('2D SPACE',''
  ) );
#12413 = PCURVE('',#11911,#12414);
#12414 = DEFINITIONAL_REPRESENTATION('',(#12415),#12419);
#12415 = LINE('',#12416,#12417);
#12416 = CARTESIAN_POINT('',(111.5,-65.5));
#12417 = VECTOR('',#12418,1.);
#12418 = DIRECTION('',(1.,0.));
#12419 = ( GEOMETRIC_REPRESENTATION_CONTEXT(2) 
PARAMETRIC_REPRESENTATION_CONTEXT() REPRESENTATION_CONTEXT('2D SPACE',''
  ) );
#12420 = FACE_BOUND('',#12421,.T.);
#12421 = EDGE_LOOP('',(#12422));
#12422 = ORIENTED_EDGE('',*,*,#12423,.T.);
#12423 = EDGE_CURVE('',#12424,#12424,#12426,.T.);
#12424 = VERTEX_POINT('',#12425);
#12425 = CARTESIAN_POINT('',(-59.25,50.,-19.));
#12426 = SURFACE_CURVE('',#12427,(#12432,#12443),.PCURVE_S1.);
#12427 = CIRCLE('',#12428,2.75);
#12428 = AXIS2_PLACEMENT_3D('',#12429,#12430,#12431);
#12429 = CARTESIAN_POINT('',(-62.,50.,-19.));
#12430 = DIRECTION('',(0.,-1.,2.22044604925E-16));
#12431 = DIRECTION('',(1.,0.,0.));
#12432 = PCURVE('',#11796,#12433);
#12433 = DEFINITIONAL_REPRESENTATION('',(#12434),#12442);
#12434 = ( BOUNDED_CURVE() B_SPLINE_CURVE(2,(#12435,#12436,#12437,#12438
    ,#12439,#12440,#12441),.UNSPECIFIED.,.T.,.F.) 
B_SPLINE_CURVE_WITH_KNOTS((1,2,2,2,2,1),(-2.094395102393,0.,
    2.094395102393,4.188790204786,6.28318530718,8.377580409573),
.UNSPECIFIED.) CURVE() GEOMETRIC_REPRESENTATION_ITEM() 
RATIONAL_B_SPLINE_CURVE((1.,0.5,1.,0.5,1.,0.5,1.)) REPRESENTATION_ITEM(
  '') );
#12435 = CARTESIAN_POINT('',(11.,12.75));
#12436 = CARTESIAN_POINT('',(15.763139720814,12.75));
#12437 = CARTESIAN_POINT('',(13.381569860407,8.625));
#12438 = CARTESIAN_POINT('',(11.,4.5));
#12439 = CARTESIAN_POINT('',(8.618430139593,8.625));
#12440 = CARTESIAN_POINT('',(6.236860279186,12.75));
#12441 = CARTESIAN_POINT('',(11.,12.75));
#12442 = ( GEOMETRIC_REPRESENTATION_CONTEXT(2) 
PARAMETRIC_REPRESENTATION_CONTEXT() REPRESENTATION_CONTEXT('2D SPACE',''
  ) );
#12443 = PCURVE('',#12444,#12449);
#12444 = CYLINDRICAL_SURFACE('',#12445,2.75);
#12445 = AXIS2_PLACEMENT_3D('',#12446,#12447,#12448);
#12446 = CARTESIAN_POINT('',(-62.,51.,-19.));
#12447 = DIRECTION('',(0.,-1.,2.22044604925E-16));
#12448 = DIRECTION('',(1.,0.,0.));
#12449 = DEFINITIONAL_REPRESENTATION('',(#12450),#12454);
#12450 = LINE('',#12451,#12452);
#12451 = CARTESIAN_POINT('',(0.,1.));
#12452 = VECTOR('',#12453,1.);
#12453 = DIRECTION('',(1.,0.));
#12454 = ( GEOMETRIC_REPRESENTATION_CONTEXT(2) 
PARAMETRIC_REPRESENTATION_CONTEXT() REPRESENTATION_CONTEXT('2D SPACE',''
  ) );
#12455 = ADVANCED_FACE('',(#12456),#11824,.T.);
#12456 = FACE_BOUND('',#12457,.T.);
#12457 = EDGE_LOOP('',(#12458,#12459,#12482,#12503));
#12458 = ORIENTED_EDGE('',*,*,#11808,.F.);
#12459 = ORIENTED_EDGE('',*,*,#12460,.T.);
#12460 = EDGE_CURVE('',#11809,#12461,#12463,.T.);
#12461 = VERTEX_POINT('',#12462);
#12462 = CARTESIAN_POINT('',(-52.,48.5,-10.));
#12463 = SURFACE_CURVE('',#12464,(#12468,#12475),.PCURVE_S1.);
#12464 = LINE('',#12465,#12466);
#12465 = CARTESIAN_POINT('',(-72.,48.5,-10.));
#12466 = VECTOR('',#12467,1.);
#12467 = DIRECTION('',(1.,0.,-0.));
#12468 = PCURVE('',#11824,#12469);
#12469 = DEFINITIONAL_REPRESENTATION('',(#12470),#12474);
#12470 = LINE('',#12471,#12472);
#12471 = CARTESIAN_POINT('',(0.,0.));
#12472 = VECTOR('',#12473,1.);
#12473 = DIRECTION('',(1.,0.));
#12474 = ( GEOMETRIC_REPRESENTATION_CONTEXT(2) 
PARAMETRIC_REPRESENTATION_CONTEXT() REPRESENTATION_CONTEXT('2D SPACE',''
  ) );
#12475 = PCURVE('',#11852,#12476);
#12476 = DEFINITIONAL_REPRESENTATION('',(#12477),#12481);
#12477 = LINE('',#12478,#12479);
#12478 = CARTESIAN_POINT('',(20.,0.));
#12479 = VECTOR('',#12480,1.);
#12480 = DIRECTION('',(0.,1.));
#12481 = ( GEOMETRIC_REPRESENTATION_CONTEXT(2) 
PARAMETRIC_REPRESENTATION_CONTEXT() REPRESENTATION_CONTEXT('2D SPACE',''
  ) );
#12482 = ORIENTED_EDGE('',*,*,#12483,.T.);
#12483 = EDGE_CURVE('',#12461,#12378,#12484,.T.);
#12484 = SURFACE_CURVE('',#12485,(#12489,#12496),.PCURVE_S1.);
#12485 = LINE('',#12486,#12487);
#12486 = CARTESIAN_POINT('',(-52.,48.5,-10.));
#12487 = VECTOR('',#12488,1.);
#12488 = DIRECTION('',(-0.,1.,0.));
#12489 = PCURVE('',#11824,#12490);
#12490 = DEFINITIONAL_REPRESENTATION('',(#12491),#12495);
#12491 = LINE('',#12492,#12493);
#12492 = CARTESIAN_POINT('',(20.,0.));
#12493 = VECTOR('',#12494,1.);
#12494 = DIRECTION('',(0.,1.));
#12495 = ( GEOMETRIC_REPRESENTATION_CONTEXT(2) 
PARAMETRIC_REPRESENTATION_CONTEXT() REPRESENTATION_CONTEXT('2D SPACE',''
  ) );
#12496 = PCURVE('',#11911,#12497);
#12497 = DEFINITIONAL_REPRESENTATION('',(#12498),#12502);
#12498 = LINE('',#12499,#12500);
#12499 = CARTESIAN_POINT('',(131.5,-64.));
#12500 = VECTOR('',#12501,1.);
#12501 = DIRECTION('',(0.,-1.));
#12502 = ( GEOMETRIC_REPRESENTATION_CONTEXT(2) 
PARAMETRIC_REPRESENTATION_CONTEXT() REPRESENTATION_CONTEXT('2D SPACE',''
  ) );
#12503 = ORIENTED_EDGE('',*,*,#12377,.F.);
#12504 = ADVANCED_FACE('',(#12505,#12553),#11852,.F.);
#12505 = FACE_BOUND('',#12506,.F.);
#12506 = EDGE_LOOP('',(#12507,#12530,#12531,#12532));
#12507 = ORIENTED_EDGE('',*,*,#12508,.F.);
#12508 = EDGE_CURVE('',#11837,#12509,#12511,.T.);
#12509 = VERTEX_POINT('',#12510);
#12510 = CARTESIAN_POINT('',(-52.,48.5,-28.5));
#12511 = SURFACE_CURVE('',#12512,(#12516,#12523),.PCURVE_S1.);
#12512 = LINE('',#12513,#12514);
#12513 = CARTESIAN_POINT('',(-72.,48.5,-28.5));
#12514 = VECTOR('',#12515,1.);
#12515 = DIRECTION('',(1.,0.,-0.));
#12516 = PCURVE('',#11852,#12517);
#12517 = DEFINITIONAL_REPRESENTATION('',(#12518),#12522);
#12518 = LINE('',#12519,#12520);
#12519 = CARTESIAN_POINT('',(1.5,0.));
#12520 = VECTOR('',#12521,1.);
#12521 = DIRECTION('',(0.,1.));
#12522 = ( GEOMETRIC_REPRESENTATION_CONTEXT(2) 
PARAMETRIC_REPRESENTATION_CONTEXT() REPRESENTATION_CONTEXT('2D SPACE',''
  ) );
#12523 = PCURVE('',#11878,#12524);
#12524 = DEFINITIONAL_REPRESENTATION('',(#12525),#12529);
#12525 = LINE('',#12526,#12527);
#12526 = CARTESIAN_POINT('',(0.,64.));
#12527 = VECTOR('',#12528,1.);
#12528 = DIRECTION('',(1.,0.));
#12529 = ( GEOMETRIC_REPRESENTATION_CONTEXT(2) 
PARAMETRIC_REPRESENTATION_CONTEXT() REPRESENTATION_CONTEXT('2D SPACE',''
  ) );
#12530 = ORIENTED_EDGE('',*,*,#11836,.T.);
#12531 = ORIENTED_EDGE('',*,*,#12460,.T.);
#12532 = ORIENTED_EDGE('',*,*,#12533,.F.);
#12533 = EDGE_CURVE('',#12509,#12461,#12534,.T.);
#12534 = SURFACE_CURVE('',#12535,(#12539,#12546),.PCURVE_S1.);
#12535 = LINE('',#12536,#12537);
#12536 = CARTESIAN_POINT('',(-52.,48.5,-30.));
#12537 = VECTOR('',#12538,1.);
#12538 = DIRECTION('',(0.,0.,1.));
#12539 = PCURVE('',#11852,#12540);
#12540 = DEFINITIONAL_REPRESENTATION('',(#12541),#12545);
#12541 = LINE('',#12542,#12543);
#12542 = CARTESIAN_POINT('',(0.,20.));
#12543 = VECTOR('',#12544,1.);
#12544 = DIRECTION('',(1.,0.));
#12545 = ( GEOMETRIC_REPRESENTATION_CONTEXT(2) 
PARAMETRIC_REPRESENTATION_CONTEXT() REPRESENTATION_CONTEXT('2D SPACE',''
  ) );
#12546 = PCURVE('',#11911,#12547);
#12547 = DEFINITIONAL_REPRESENTATION('',(#12548),#12552);
#12548 = LINE('',#12549,#12550);
#12549 = CARTESIAN_POINT('',(111.5,-64.));
#12550 = VECTOR('',#12551,1.);
#12551 = DIRECTION('',(1.,0.));
#12552 = ( GEOMETRIC_REPRESENTATION_CONTEXT(2) 
PARAMETRIC_REPRESENTATION_CONTEXT() REPRESENTATION_CONTEXT('2D SPACE',''
  ) );
#12553 = FACE_BOUND('',#12554,.F.);
#12554 = EDGE_LOOP('',(#12555));
#12555 = ORIENTED_EDGE('',*,*,#12556,.T.);
#12556 = EDGE_CURVE('',#12557,#12557,#12559,.T.);
#12557 = VERTEX_POINT('',#12558);
#12558 = CARTESIAN_POINT('',(-59.25,48.5,-19.));
#12559 = SURFACE_CURVE('',#12560,(#12565,#12576),.PCURVE_S1.);
#12560 = CIRCLE('',#12561,2.75);
#12561 = AXIS2_PLACEMENT_3D('',#12562,#12563,#12564);
#12562 = CARTESIAN_POINT('',(-62.,48.5,-19.));
#12563 = DIRECTION('',(0.,-1.,2.22044604925E-16));
#12564 = DIRECTION('',(1.,0.,0.));
#12565 = PCURVE('',#11852,#12566);
#12566 = DEFINITIONAL_REPRESENTATION('',(#12567),#12575);
#12567 = ( BOUNDED_CURVE() B_SPLINE_CURVE(2,(#12568,#12569,#12570,#12571
    ,#12572,#12573,#12574),.UNSPECIFIED.,.T.,.F.) 
B_SPLINE_CURVE_WITH_KNOTS((1,2,2,2,2,1),(-2.094395102393,0.,
    2.094395102393,4.188790204786,6.28318530718,8.377580409573),
.UNSPECIFIED.) CURVE() GEOMETRIC_REPRESENTATION_ITEM() 
RATIONAL_B_SPLINE_CURVE((1.,0.5,1.,0.5,1.,0.5,1.)) REPRESENTATION_ITEM(
  '') );
#12568 = CARTESIAN_POINT('',(11.,12.75));
#12569 = CARTESIAN_POINT('',(15.763139720814,12.75));
#12570 = CARTESIAN_POINT('',(13.381569860407,8.625));
#12571 = CARTESIAN_POINT('',(11.,4.5));
#12572 = CARTESIAN_POINT('',(8.618430139593,8.625));
#12573 = CARTESIAN_POINT('',(6.236860279186,12.75));
#12574 = CARTESIAN_POINT('',(11.,12.75));
#12575 = ( GEOMETRIC_REPRESENTATION_CONTEXT(2) 
PARAMETRIC_REPRESENTATION_CONTEXT() REPRESENTATION_CONTEXT('2D SPACE',''
  ) );
#12576 = PCURVE('',#12444,#12577);
#12577 = DEFINITIONAL_REPRESENTATION('',(#12578),#12582);
#12578 = LINE('',#12579,#12580);
#12579 = CARTESIAN_POINT('',(0.,2.5));
#12580 = VECTOR('',#12581,1.);
#12581 = DIRECTION('',(1.,0.));
#12582 = ( GEOMETRIC_REPRESENTATION_CONTEXT(2) 
PARAMETRIC_REPRESENTATION_CONTEXT() REPRESENTATION_CONTEXT('2D SPACE',''
  ) );
#12583 = ADVANCED_FACE('',(#12584),#11878,.T.);
#12584 = FACE_BOUND('',#12585,.T.);
#12585 = EDGE_LOOP('',(#12586,#12587,#12588,#12609));
#12586 = ORIENTED_EDGE('',*,*,#11864,.F.);
#12587 = ORIENTED_EDGE('',*,*,#11945,.T.);
#12588 = ORIENTED_EDGE('',*,*,#12589,.F.);
#12589 = EDGE_CURVE('',#12509,#11896,#12590,.T.);
#12590 = SURFACE_CURVE('',#12591,(#12595,#12602),.PCURVE_S1.);
#12591 = LINE('',#12592,#12593);
#12592 = CARTESIAN_POINT('',(-52.,48.5,-28.5));
#12593 = VECTOR('',#12594,1.);
#12594 = DIRECTION('',(0.,-1.,0.));
#12595 = PCURVE('',#11878,#12596);
#12596 = DEFINITIONAL_REPRESENTATION('',(#12597),#12601);
#12597 = LINE('',#12598,#12599);
#12598 = CARTESIAN_POINT('',(20.,64.));
#12599 = VECTOR('',#12600,1.);
#12600 = DIRECTION('',(0.,-1.));
#12601 = ( GEOMETRIC_REPRESENTATION_CONTEXT(2) 
PARAMETRIC_REPRESENTATION_CONTEXT() REPRESENTATION_CONTEXT('2D SPACE',''
  ) );
#12602 = PCURVE('',#11911,#12603);
#12603 = DEFINITIONAL_REPRESENTATION('',(#12604),#12608);
#12604 = LINE('',#12605,#12606);
#12605 = CARTESIAN_POINT('',(113.,-64.));
#12606 = VECTOR('',#12607,1.);
#12607 = DIRECTION('',(0.,1.));
#12608 = ( GEOMETRIC_REPRESENTATION_CONTEXT(2) 
PARAMETRIC_REPRESENTATION_CONTEXT() REPRESENTATION_CONTEXT('2D SPACE',''
  ) );
#12609 = ORIENTED_EDGE('',*,*,#12508,.F.);
#12610 = ADVANCED_FACE('',(#12611),#11911,.T.);
#12611 = FACE_BOUND('',#12612,.T.);
#12612 = EDGE_LOOP('',(#12613,#12614,#12615,#12616,#12617,#12618,#12619,
    #12620,#12621,#12622,#12623,#12624));
#12613 = ORIENTED_EDGE('',*,*,#11893,.F.);
#12614 = ORIENTED_EDGE('',*,*,#11970,.F.);
#12615 = ORIENTED_EDGE('',*,*,#12018,.F.);
#12616 = ORIENTED_EDGE('',*,*,#12104,.T.);
#12617 = ORIENTED_EDGE('',*,*,#12176,.T.);
#12618 = ORIENTED_EDGE('',*,*,#12253,.F.);
#12619 = ORIENTED_EDGE('',*,*,#12278,.T.);
#12620 = ORIENTED_EDGE('',*,*,#12327,.F.);
#12621 = ORIENTED_EDGE('',*,*,#12400,.T.);
#12622 = ORIENTED_EDGE('',*,*,#12483,.F.);
#12623 = ORIENTED_EDGE('',*,*,#12533,.F.);
#12624 = ORIENTED_EDGE('',*,*,#12589,.T.);
#12625 = ADVANCED_FACE('',(#12626),#12087,.F.);
#12626 = FACE_BOUND('',#12627,.F.);
#12627 = EDGE_LOOP('',(#12628,#12629,#12650,#12651));
#12628 = ORIENTED_EDGE('',*,*,#12066,.F.);
#12629 = ORIENTED_EDGE('',*,*,#12630,.F.);
#12630 = EDGE_CURVE('',#12200,#12067,#12631,.T.);
#12631 = SEAM_CURVE('',#12632,(#12636,#12643),.PCURVE_S1.);
#12632 = LINE('',#12633,#12634);
#12633 = CARTESIAN_POINT('',(-59.25,51.,-151.));
#12634 = VECTOR('',#12635,1.);
#12635 = DIRECTION('',(0.,-1.,2.22044604925E-16));
#12636 = PCURVE('',#12087,#12637);
#12637 = DEFINITIONAL_REPRESENTATION('',(#12638),#12642);
#12638 = LINE('',#12639,#12640);
#12639 = CARTESIAN_POINT('',(6.28318530718,-0.));
#12640 = VECTOR('',#12641,1.);
#12641 = DIRECTION('',(0.,1.));
#12642 = ( GEOMETRIC_REPRESENTATION_CONTEXT(2) 
PARAMETRIC_REPRESENTATION_CONTEXT() REPRESENTATION_CONTEXT('2D SPACE',''
  ) );
#12643 = PCURVE('',#12087,#12644);
#12644 = DEFINITIONAL_REPRESENTATION('',(#12645),#12649);
#12645 = LINE('',#12646,#12647);
#12646 = CARTESIAN_POINT('',(0.,-0.));
#12647 = VECTOR('',#12648,1.);
#12648 = DIRECTION('',(0.,1.));
#12649 = ( GEOMETRIC_REPRESENTATION_CONTEXT(2) 
PARAMETRIC_REPRESENTATION_CONTEXT() REPRESENTATION_CONTEXT('2D SPACE',''
  ) );
#12650 = ORIENTED_EDGE('',*,*,#12199,.T.);
#12651 = ORIENTED_EDGE('',*,*,#12630,.T.);
#12652 = ADVANCED_FACE('',(#12653),#12444,.F.);
#12653 = FACE_BOUND('',#12654,.F.);
#12654 = EDGE_LOOP('',(#12655,#12656,#12677,#12678));
#12655 = ORIENTED_EDGE('',*,*,#12556,.F.);
#12656 = ORIENTED_EDGE('',*,*,#12657,.F.);
#12657 = EDGE_CURVE('',#12424,#12557,#12658,.T.);
#12658 = SEAM_CURVE('',#12659,(#12663,#12670),.PCURVE_S1.);
#12659 = LINE('',#12660,#12661);
#12660 = CARTESIAN_POINT('',(-59.25,51.,-19.));
#12661 = VECTOR('',#12662,1.);
#12662 = DIRECTION('',(0.,-1.,2.22044604925E-16));
#12663 = PCURVE('',#12444,#12664);
#12664 = DEFINITIONAL_REPRESENTATION('',(#12665),#12669);
#12665 = LINE('',#12666,#12667);
#12666 = CARTESIAN_POINT('',(6.28318530718,-0.));
#12667 = VECTOR('',#12668,1.);
#12668 = DIRECTION('',(0.,1.));
#12669 = ( GEOMETRIC_REPRESENTATION_CONTEXT(2) 
PARAMETRIC_REPRESENTATION_CONTEXT() REPRESENTATION_CONTEXT('2D SPACE',''
  ) );
#12670 = PCURVE('',#12444,#12671);
#12671 = DEFINITIONAL_REPRESENTATION('',(#12672),#12676);
#12672 = LINE('',#12673,#12674);
#12673 = CARTESIAN_POINT('',(0.,-0.));
#12674 = VECTOR('',#12675,1.);
#12675 = DIRECTION('',(0.,1.));
#12676 = ( GEOMETRIC_REPRESENTATION_CONTEXT(2) 
PARAMETRIC_REPRESENTATION_CONTEXT() REPRESENTATION_CONTEXT('2D SPACE',''
  ) );
#12677 = ORIENTED_EDGE('',*,*,#12423,.T.);
#12678 = ORIENTED_EDGE('',*,*,#12657,.T.);
#12679 = MANIFOLD_SOLID_BREP('',#12680);
#12680 = CLOSED_SHELL('',(#12681,#13025,#13101,#13150,#13234,#13283,
    #13362,#13410,#13458,#13507,#13591,#13640,#13719,#13746,#13761,
    #13788));
#12681 = ADVANCED_FACE('',(#12682),#12696,.F.);
#12682 = FACE_BOUND('',#12683,.F.);
#12683 = EDGE_LOOP('',(#12684,#12719,#12747,#12775,#12803,#12831,#12859,
    #12887,#12915,#12943,#12971,#12999));
#12684 = ORIENTED_EDGE('',*,*,#12685,.F.);
#12685 = EDGE_CURVE('',#12686,#12688,#12690,.T.);
#12686 = VERTEX_POINT('',#12687);
#12687 = CARTESIAN_POINT('',(52.,-15.5,-141.5));
#12688 = VERTEX_POINT('',#12689);
#12689 = CARTESIAN_POINT('',(52.,-15.5,-28.5));
#12690 = SURFACE_CURVE('',#12691,(#12695,#12707),.PCURVE_S1.);
#12691 = LINE('',#12692,#12693);
#12692 = CARTESIAN_POINT('',(52.,-15.5,-141.5));
#12693 = VECTOR('',#12694,1.);
#12694 = DIRECTION('',(0.,0.,1.));
#12695 = PCURVE('',#12696,#12701);
#12696 = PLANE('',#12697);
#12697 = AXIS2_PLACEMENT_3D('',#12698,#12699,#12700);
#12698 = CARTESIAN_POINT('',(52.,-15.5,-141.5));
#12699 = DIRECTION('',(1.,0.,-0.));
#12700 = DIRECTION('',(0.,0.,1.));
#12701 = DEFINITIONAL_REPRESENTATION('',(#12702),#12706);
#12702 = LINE('',#12703,#12704);
#12703 = CARTESIAN_POINT('',(0.,0.));
#12704 = VECTOR('',#12705,1.);
#12705 = DIRECTION('',(1.,0.));
#12706 = ( GEOMETRIC_REPRESENTATION_CONTEXT(2) 
PARAMETRIC_REPRESENTATION_CONTEXT() REPRESENTATION_CONTEXT('2D SPACE',''
  ) );
#12707 = PCURVE('',#12708,#12713);
#12708 = PLANE('',#12709);
#12709 = AXIS2_PLACEMENT_3D('',#12710,#12711,#12712);
#12710 = CARTESIAN_POINT('',(52.,-15.5,-141.5));
#12711 = DIRECTION('',(-0.,1.,0.));
#12712 = DIRECTION('',(0.,0.,1.));
#12713 = DEFINITIONAL_REPRESENTATION('',(#12714),#12718);
#12714 = LINE('',#12715,#12716);
#12715 = CARTESIAN_POINT('',(0.,0.));
#12716 = VECTOR('',#12717,1.);
#12717 = DIRECTION('',(1.,0.));
#12718 = ( GEOMETRIC_REPRESENTATION_CONTEXT(2) 
PARAMETRIC_REPRESENTATION_CONTEXT() REPRESENTATION_CONTEXT('2D SPACE',''
  ) );
#12719 = ORIENTED_EDGE('',*,*,#12720,.F.);
#12720 = EDGE_CURVE('',#12721,#12686,#12723,.T.);
#12721 = VERTEX_POINT('',#12722);
#12722 = CARTESIAN_POINT('',(52.,48.5,-141.5));
#12723 = SURFACE_CURVE('',#12724,(#12728,#12735),.PCURVE_S1.);
#12724 = LINE('',#12725,#12726);
#12725 = CARTESIAN_POINT('',(52.,48.5,-141.5));
#12726 = VECTOR('',#12727,1.);
#12727 = DIRECTION('',(0.,-1.,0.));
#12728 = PCURVE('',#12696,#12729);
#12729 = DEFINITIONAL_REPRESENTATION('',(#12730),#12734);
#12730 = LINE('',#12731,#12732);
#12731 = CARTESIAN_POINT('',(0.,-64.));
#12732 = VECTOR('',#12733,1.);
#12733 = DIRECTION('',(0.,1.));
#12734 = ( GEOMETRIC_REPRESENTATION_CONTEXT(2) 
PARAMETRIC_REPRESENTATION_CONTEXT() REPRESENTATION_CONTEXT('2D SPACE',''
  ) );
#12735 = PCURVE('',#12736,#12741);
#12736 = PLANE('',#12737);
#12737 = AXIS2_PLACEMENT_3D('',#12738,#12739,#12740);
#12738 = CARTESIAN_POINT('',(52.,-15.5,-141.5));
#12739 = DIRECTION('',(0.,0.,1.));
#12740 = DIRECTION('',(1.,0.,-0.));
#12741 = DEFINITIONAL_REPRESENTATION('',(#12742),#12746);
#12742 = LINE('',#12743,#12744);
#12743 = CARTESIAN_POINT('',(0.,64.));
#12744 = VECTOR('',#12745,1.);
#12745 = DIRECTION('',(0.,-1.));
#12746 = ( GEOMETRIC_REPRESENTATION_CONTEXT(2) 
PARAMETRIC_REPRESENTATION_CONTEXT() REPRESENTATION_CONTEXT('2D SPACE',''
  ) );
#12747 = ORIENTED_EDGE('',*,*,#12748,.F.);
#12748 = EDGE_CURVE('',#12749,#12721,#12751,.T.);
#12749 = VERTEX_POINT('',#12750);
#12750 = CARTESIAN_POINT('',(52.,48.5,-160.));
#12751 = SURFACE_CURVE('',#12752,(#12756,#12763),.PCURVE_S1.);
#12752 = LINE('',#12753,#12754);
#12753 = CARTESIAN_POINT('',(52.,48.5,-160.));
#12754 = VECTOR('',#12755,1.);
#12755 = DIRECTION('',(0.,0.,1.));
#12756 = PCURVE('',#12696,#12757);
#12757 = DEFINITIONAL_REPRESENTATION('',(#12758),#12762);
#12758 = LINE('',#12759,#12760);
#12759 = CARTESIAN_POINT('',(-18.5,-64.));
#12760 = VECTOR('',#12761,1.);
#12761 = DIRECTION('',(1.,0.));
#12762 = ( GEOMETRIC_REPRESENTATION_CONTEXT(2) 
PARAMETRIC_REPRESENTATION_CONTEXT() REPRESENTATION_CONTEXT('2D SPACE',''
  ) );
#12763 = PCURVE('',#12764,#12769);
#12764 = PLANE('',#12765);
#12765 = AXIS2_PLACEMENT_3D('',#12766,#12767,#12768);
#12766 = CARTESIAN_POINT('',(52.,48.5,-160.));
#12767 = DIRECTION('',(-0.,1.,0.));
#12768 = DIRECTION('',(0.,0.,1.));
#12769 = DEFINITIONAL_REPRESENTATION('',(#12770),#12774);
#12770 = LINE('',#12771,#12772);
#12771 = CARTESIAN_POINT('',(0.,0.));
#12772 = VECTOR('',#12773,1.);
#12773 = DIRECTION('',(1.,0.));
#12774 = ( GEOMETRIC_REPRESENTATION_CONTEXT(2) 
PARAMETRIC_REPRESENTATION_CONTEXT() REPRESENTATION_CONTEXT('2D SPACE',''
  ) );
#12775 = ORIENTED_EDGE('',*,*,#12776,.T.);
#12776 = EDGE_CURVE('',#12749,#12777,#12779,.T.);
#12777 = VERTEX_POINT('',#12778);
#12778 = CARTESIAN_POINT('',(52.,50.,-160.));
#12779 = SURFACE_CURVE('',#12780,(#12784,#12791),.PCURVE_S1.);
#12780 = LINE('',#12781,#12782);
#12781 = CARTESIAN_POINT('',(52.,48.5,-160.));
#12782 = VECTOR('',#12783,1.);
#12783 = DIRECTION('',(-0.,1.,0.));
#12784 = PCURVE('',#12696,#12785);
#12785 = DEFINITIONAL_REPRESENTATION('',(#12786),#12790);
#12786 = LINE('',#12787,#12788);
#12787 = CARTESIAN_POINT('',(-18.5,-64.));
#12788 = VECTOR('',#12789,1.);
#12789 = DIRECTION('',(0.,-1.));
#12790 = ( GEOMETRIC_REPRESENTATION_CONTEXT(2) 
PARAMETRIC_REPRESENTATION_CONTEXT() REPRESENTATION_CONTEXT('2D SPACE',''
  ) );
#12791 = PCURVE('',#12792,#12797);
#12792 = PLANE('',#12793);
#12793 = AXIS2_PLACEMENT_3D('',#12794,#12795,#12796);
#12794 = CARTESIAN_POINT('',(52.,48.5,-160.));
#12795 = DIRECTION('',(0.,0.,1.));
#12796 = DIRECTION('',(1.,0.,-0.));
#12797 = DEFINITIONAL_REPRESENTATION('',(#12798),#12802);
#12798 = LINE('',#12799,#12800);
#12799 = CARTESIAN_POINT('',(0.,0.));
#12800 = VECTOR('',#12801,1.);
#12801 = DIRECTION('',(0.,1.));
#12802 = ( GEOMETRIC_REPRESENTATION_CONTEXT(2) 
PARAMETRIC_REPRESENTATION_CONTEXT() REPRESENTATION_CONTEXT('2D SPACE',''
  ) );
#12803 = ORIENTED_EDGE('',*,*,#12804,.T.);
#12804 = EDGE_CURVE('',#12777,#12805,#12807,.T.);
#12805 = VERTEX_POINT('',#12806);
#12806 = CARTESIAN_POINT('',(52.,50.,-140.));
#12807 = SURFACE_CURVE('',#12808,(#12812,#12819),.PCURVE_S1.);
#12808 = LINE('',#12809,#12810);
#12809 = CARTESIAN_POINT('',(52.,50.,-160.));
#12810 = VECTOR('',#12811,1.);
#12811 = DIRECTION('',(0.,0.,1.));
#12812 = PCURVE('',#12696,#12813);
#12813 = DEFINITIONAL_REPRESENTATION('',(#12814),#12818);
#12814 = LINE('',#12815,#12816);
#12815 = CARTESIAN_POINT('',(-18.5,-65.5));
#12816 = VECTOR('',#12817,1.);
#12817 = DIRECTION('',(1.,0.));
#12818 = ( GEOMETRIC_REPRESENTATION_CONTEXT(2) 
PARAMETRIC_REPRESENTATION_CONTEXT() REPRESENTATION_CONTEXT('2D SPACE',''
  ) );
#12819 = PCURVE('',#12820,#12825);
#12820 = PLANE('',#12821);
#12821 = AXIS2_PLACEMENT_3D('',#12822,#12823,#12824);
#12822 = CARTESIAN_POINT('',(52.,50.,-160.));
#12823 = DIRECTION('',(-0.,1.,0.));
#12824 = DIRECTION('',(0.,0.,1.));
#12825 = DEFINITIONAL_REPRESENTATION('',(#12826),#12830);
#12826 = LINE('',#12827,#12828);
#12827 = CARTESIAN_POINT('',(0.,0.));
#12828 = VECTOR('',#12829,1.);
#12829 = DIRECTION('',(1.,0.));
#12830 = ( GEOMETRIC_REPRESENTATION_CONTEXT(2) 
PARAMETRIC_REPRESENTATION_CONTEXT() REPRESENTATION_CONTEXT('2D SPACE',''
  ) );
#12831 = ORIENTED_EDGE('',*,*,#12832,.F.);
#12832 = EDGE_CURVE('',#12833,#12805,#12835,.T.);
#12833 = VERTEX_POINT('',#12834);
#12834 = CARTESIAN_POINT('',(52.,-14.,-140.));
#12835 = SURFACE_CURVE('',#12836,(#12840,#12847),.PCURVE_S1.);
#12836 = LINE('',#12837,#12838);
#12837 = CARTESIAN_POINT('',(52.,-14.,-140.));
#12838 = VECTOR('',#12839,1.);
#12839 = DIRECTION('',(0.,1.,0.));
#12840 = PCURVE('',#12696,#12841);
#12841 = DEFINITIONAL_REPRESENTATION('',(#12842),#12846);
#12842 = LINE('',#12843,#12844);
#12843 = CARTESIAN_POINT('',(1.5,-1.5));
#12844 = VECTOR('',#12845,1.);
#12845 = DIRECTION('',(0.,-1.));
#12846 = ( GEOMETRIC_REPRESENTATION_CONTEXT(2) 
PARAMETRIC_REPRESENTATION_CONTEXT() REPRESENTATION_CONTEXT('2D SPACE',''
  ) );
#12847 = PCURVE('',#12848,#12853);
#12848 = PLANE('',#12849);
#12849 = AXIS2_PLACEMENT_3D('',#12850,#12851,#12852);
#12850 = CARTESIAN_POINT('',(52.,-15.5,-140.));
#12851 = DIRECTION('',(0.,0.,1.));
#12852 = DIRECTION('',(1.,0.,-0.));
#12853 = DEFINITIONAL_REPRESENTATION('',(#12854),#12858);
#12854 = LINE('',#12855,#12856);
#12855 = CARTESIAN_POINT('',(0.,1.5));
#12856 = VECTOR('',#12857,1.);
#12857 = DIRECTION('',(0.,1.));
#12858 = ( GEOMETRIC_REPRESENTATION_CONTEXT(2) 
PARAMETRIC_REPRESENTATION_CONTEXT() REPRESENTATION_CONTEXT('2D SPACE',''
  ) );
#12859 = ORIENTED_EDGE('',*,*,#12860,.T.);
#12860 = EDGE_CURVE('',#12833,#12861,#12863,.T.);
#12861 = VERTEX_POINT('',#12862);
#12862 = CARTESIAN_POINT('',(52.,-14.,-30.));
#12863 = SURFACE_CURVE('',#12864,(#12868,#12875),.PCURVE_S1.);
#12864 = LINE('',#12865,#12866);
#12865 = CARTESIAN_POINT('',(52.,-14.,-141.5));
#12866 = VECTOR('',#12867,1.);
#12867 = DIRECTION('',(0.,0.,1.));
#12868 = PCURVE('',#12696,#12869);
#12869 = DEFINITIONAL_REPRESENTATION('',(#12870),#12874);
#12870 = LINE('',#12871,#12872);
#12871 = CARTESIAN_POINT('',(0.,-1.5));
#12872 = VECTOR('',#12873,1.);
#12873 = DIRECTION('',(1.,0.));
#12874 = ( GEOMETRIC_REPRESENTATION_CONTEXT(2) 
PARAMETRIC_REPRESENTATION_CONTEXT() REPRESENTATION_CONTEXT('2D SPACE',''
  ) );
#12875 = PCURVE('',#12876,#12881);
#12876 = PLANE('',#12877);
#12877 = AXIS2_PLACEMENT_3D('',#12878,#12879,#12880);
#12878 = CARTESIAN_POINT('',(52.,-14.,-141.5));
#12879 = DIRECTION('',(-0.,1.,0.));
#12880 = DIRECTION('',(0.,0.,1.));
#12881 = DEFINITIONAL_REPRESENTATION('',(#12882),#12886);
#12882 = LINE('',#12883,#12884);
#12883 = CARTESIAN_POINT('',(0.,0.));
#12884 = VECTOR('',#12885,1.);
#12885 = DIRECTION('',(1.,0.));
#12886 = ( GEOMETRIC_REPRESENTATION_CONTEXT(2) 
PARAMETRIC_REPRESENTATION_CONTEXT() REPRESENTATION_CONTEXT('2D SPACE',''
  ) );
#12887 = ORIENTED_EDGE('',*,*,#12888,.F.);
#12888 = EDGE_CURVE('',#12889,#12861,#12891,.T.);
#12889 = VERTEX_POINT('',#12890);
#12890 = CARTESIAN_POINT('',(52.,50.,-30.));
#12891 = SURFACE_CURVE('',#12892,(#12896,#12903),.PCURVE_S1.);
#12892 = LINE('',#12893,#12894);
#12893 = CARTESIAN_POINT('',(52.,50.,-30.));
#12894 = VECTOR('',#12895,1.);
#12895 = DIRECTION('',(0.,-1.,0.));
#12896 = PCURVE('',#12696,#12897);
#12897 = DEFINITIONAL_REPRESENTATION('',(#12898),#12902);
#12898 = LINE('',#12899,#12900);
#12899 = CARTESIAN_POINT('',(111.5,-65.5));
#12900 = VECTOR('',#12901,1.);
#12901 = DIRECTION('',(0.,1.));
#12902 = ( GEOMETRIC_REPRESENTATION_CONTEXT(2) 
PARAMETRIC_REPRESENTATION_CONTEXT() REPRESENTATION_CONTEXT('2D SPACE',''
  ) );
#12903 = PCURVE('',#12904,#12909);
#12904 = PLANE('',#12905);
#12905 = AXIS2_PLACEMENT_3D('',#12906,#12907,#12908);
#12906 = CARTESIAN_POINT('',(52.,-15.5,-30.));
#12907 = DIRECTION('',(0.,0.,1.));
#12908 = DIRECTION('',(1.,0.,-0.));
#12909 = DEFINITIONAL_REPRESENTATION('',(#12910),#12914);
#12910 = LINE('',#12911,#12912);
#12911 = CARTESIAN_POINT('',(0.,65.5));
#12912 = VECTOR('',#12913,1.);
#12913 = DIRECTION('',(0.,-1.));
#12914 = ( GEOMETRIC_REPRESENTATION_CONTEXT(2) 
PARAMETRIC_REPRESENTATION_CONTEXT() REPRESENTATION_CONTEXT('2D SPACE',''
  ) );
#12915 = ORIENTED_EDGE('',*,*,#12916,.T.);
#12916 = EDGE_CURVE('',#12889,#12917,#12919,.T.);
#12917 = VERTEX_POINT('',#12918);
#12918 = CARTESIAN_POINT('',(52.,50.,-10.));
#12919 = SURFACE_CURVE('',#12920,(#12924,#12931),.PCURVE_S1.);
#12920 = LINE('',#12921,#12922);
#12921 = CARTESIAN_POINT('',(52.,50.,-30.));
#12922 = VECTOR('',#12923,1.);
#12923 = DIRECTION('',(0.,0.,1.));
#12924 = PCURVE('',#12696,#12925);
#12925 = DEFINITIONAL_REPRESENTATION('',(#12926),#12930);
#12926 = LINE('',#12927,#12928);
#12927 = CARTESIAN_POINT('',(111.5,-65.5));
#12928 = VECTOR('',#12929,1.);
#12929 = DIRECTION('',(1.,0.));
#12930 = ( GEOMETRIC_REPRESENTATION_CONTEXT(2) 
PARAMETRIC_REPRESENTATION_CONTEXT() REPRESENTATION_CONTEXT('2D SPACE',''
  ) );
#12931 = PCURVE('',#12932,#12937);
#12932 = PLANE('',#12933);
#12933 = AXIS2_PLACEMENT_3D('',#12934,#12935,#12936);
#12934 = CARTESIAN_POINT('',(52.,50.,-30.));
#12935 = DIRECTION('',(-0.,1.,0.));
#12936 = DIRECTION('',(0.,0.,1.));
#12937 = DEFINITIONAL_REPRESENTATION('',(#12938),#12942);
#12938 = LINE('',#12939,#12940);
#12939 = CARTESIAN_POINT('',(0.,0.));
#12940 = VECTOR('',#12941,1.);
#12941 = DIRECTION('',(1.,0.));
#12942 = ( GEOMETRIC_REPRESENTATION_CONTEXT(2) 
PARAMETRIC_REPRESENTATION_CONTEXT() REPRESENTATION_CONTEXT('2D SPACE',''
  ) );
#12943 = ORIENTED_EDGE('',*,*,#12944,.F.);
#12944 = EDGE_CURVE('',#12945,#12917,#12947,.T.);
#12945 = VERTEX_POINT('',#12946);
#12946 = CARTESIAN_POINT('',(52.,48.5,-10.));
#12947 = SURFACE_CURVE('',#12948,(#12952,#12959),.PCURVE_S1.);
#12948 = LINE('',#12949,#12950);
#12949 = CARTESIAN_POINT('',(52.,48.5,-10.));
#12950 = VECTOR('',#12951,1.);
#12951 = DIRECTION('',(-0.,1.,0.));
#12952 = PCURVE('',#12696,#12953);
#12953 = DEFINITIONAL_REPRESENTATION('',(#12954),#12958);
#12954 = LINE('',#12955,#12956);
#12955 = CARTESIAN_POINT('',(131.5,-64.));
#12956 = VECTOR('',#12957,1.);
#12957 = DIRECTION('',(0.,-1.));
#12958 = ( GEOMETRIC_REPRESENTATION_CONTEXT(2) 
PARAMETRIC_REPRESENTATION_CONTEXT() REPRESENTATION_CONTEXT('2D SPACE',''
  ) );
#12959 = PCURVE('',#12960,#12965);
#12960 = PLANE('',#12961);
#12961 = AXIS2_PLACEMENT_3D('',#12962,#12963,#12964);
#12962 = CARTESIAN_POINT('',(52.,48.5,-10.));
#12963 = DIRECTION('',(0.,0.,1.));
#12964 = DIRECTION('',(1.,0.,-0.));
#12965 = DEFINITIONAL_REPRESENTATION('',(#12966),#12970);
#12966 = LINE('',#12967,#12968);
#12967 = CARTESIAN_POINT('',(0.,0.));
#12968 = VECTOR('',#12969,1.);
#12969 = DIRECTION('',(0.,1.));
#12970 = ( GEOMETRIC_REPRESENTATION_CONTEXT(2) 
PARAMETRIC_REPRESENTATION_CONTEXT() REPRESENTATION_CONTEXT('2D SPACE',''
  ) );
#12971 = ORIENTED_EDGE('',*,*,#12972,.F.);
#12972 = EDGE_CURVE('',#12973,#12945,#12975,.T.);
#12973 = VERTEX_POINT('',#12974);
#12974 = CARTESIAN_POINT('',(52.,48.5,-28.5));
#12975 = SURFACE_CURVE('',#12976,(#12980,#12987),.PCURVE_S1.);
#12976 = LINE('',#12977,#12978);
#12977 = CARTESIAN_POINT('',(52.,48.5,-30.));
#12978 = VECTOR('',#12979,1.);
#12979 = DIRECTION('',(0.,0.,1.));
#12980 = PCURVE('',#12696,#12981);
#12981 = DEFINITIONAL_REPRESENTATION('',(#12982),#12986);
#12982 = LINE('',#12983,#12984);
#12983 = CARTESIAN_POINT('',(111.5,-64.));
#12984 = VECTOR('',#12985,1.);
#12985 = DIRECTION('',(1.,0.));
#12986 = ( GEOMETRIC_REPRESENTATION_CONTEXT(2) 
PARAMETRIC_REPRESENTATION_CONTEXT() REPRESENTATION_CONTEXT('2D SPACE',''
  ) );
#12987 = PCURVE('',#12988,#12993);
#12988 = PLANE('',#12989);
#12989 = AXIS2_PLACEMENT_3D('',#12990,#12991,#12992);
#12990 = CARTESIAN_POINT('',(52.,48.5,-30.));
#12991 = DIRECTION('',(-0.,1.,0.));
#12992 = DIRECTION('',(0.,0.,1.));
#12993 = DEFINITIONAL_REPRESENTATION('',(#12994),#12998);
#12994 = LINE('',#12995,#12996);
#12995 = CARTESIAN_POINT('',(0.,0.));
#12996 = VECTOR('',#12997,1.);
#12997 = DIRECTION('',(1.,0.));
#12998 = ( GEOMETRIC_REPRESENTATION_CONTEXT(2) 
PARAMETRIC_REPRESENTATION_CONTEXT() REPRESENTATION_CONTEXT('2D SPACE',''
  ) );
#12999 = ORIENTED_EDGE('',*,*,#13000,.F.);
#13000 = EDGE_CURVE('',#12688,#12973,#13001,.T.);
#13001 = SURFACE_CURVE('',#13002,(#13006,#13013),.PCURVE_S1.);
#13002 = LINE('',#13003,#13004);
#13003 = CARTESIAN_POINT('',(52.,-15.5,-28.5));
#13004 = VECTOR('',#13005,1.);
#13005 = DIRECTION('',(0.,1.,0.));
#13006 = PCURVE('',#12696,#13007);
#13007 = DEFINITIONAL_REPRESENTATION('',(#13008),#13012);
#13008 = LINE('',#13009,#13010);
#13009 = CARTESIAN_POINT('',(113.,0.));
#13010 = VECTOR('',#13011,1.);
#13011 = DIRECTION('',(0.,-1.));
#13012 = ( GEOMETRIC_REPRESENTATION_CONTEXT(2) 
PARAMETRIC_REPRESENTATION_CONTEXT() REPRESENTATION_CONTEXT('2D SPACE',''
  ) );
#13013 = PCURVE('',#13014,#13019);
#13014 = PLANE('',#13015);
#13015 = AXIS2_PLACEMENT_3D('',#13016,#13017,#13018);
#13016 = CARTESIAN_POINT('',(52.,-15.5,-28.5));
#13017 = DIRECTION('',(0.,0.,1.));
#13018 = DIRECTION('',(1.,0.,-0.));
#13019 = DEFINITIONAL_REPRESENTATION('',(#13020),#13024);
#13020 = LINE('',#13021,#13022);
#13021 = CARTESIAN_POINT('',(0.,0.));
#13022 = VECTOR('',#13023,1.);
#13023 = DIRECTION('',(0.,1.));
#13024 = ( GEOMETRIC_REPRESENTATION_CONTEXT(2) 
PARAMETRIC_REPRESENTATION_CONTEXT() REPRESENTATION_CONTEXT('2D SPACE',''
  ) );
#13025 = ADVANCED_FACE('',(#13026),#12708,.F.);
#13026 = FACE_BOUND('',#13027,.F.);
#13027 = EDGE_LOOP('',(#13028,#13058,#13079,#13080));
#13028 = ORIENTED_EDGE('',*,*,#13029,.F.);
#13029 = EDGE_CURVE('',#13030,#13032,#13034,.T.);
#13030 = VERTEX_POINT('',#13031);
#13031 = CARTESIAN_POINT('',(72.,-15.5,-141.5));
#13032 = VERTEX_POINT('',#13033);
#13033 = CARTESIAN_POINT('',(72.,-15.5,-28.5));
#13034 = SURFACE_CURVE('',#13035,(#13039,#13046),.PCURVE_S1.);
#13035 = LINE('',#13036,#13037);
#13036 = CARTESIAN_POINT('',(72.,-15.5,-141.5));
#13037 = VECTOR('',#13038,1.);
#13038 = DIRECTION('',(0.,0.,1.));
#13039 = PCURVE('',#12708,#13040);
#13040 = DEFINITIONAL_REPRESENTATION('',(#13041),#13045);
#13041 = LINE('',#13042,#13043);
#13042 = CARTESIAN_POINT('',(0.,20.));
#13043 = VECTOR('',#13044,1.);
#13044 = DIRECTION('',(1.,0.));
#13045 = ( GEOMETRIC_REPRESENTATION_CONTEXT(2) 
PARAMETRIC_REPRESENTATION_CONTEXT() REPRESENTATION_CONTEXT('2D SPACE',''
  ) );
#13046 = PCURVE('',#13047,#13052);
#13047 = PLANE('',#13048);
#13048 = AXIS2_PLACEMENT_3D('',#13049,#13050,#13051);
#13049 = CARTESIAN_POINT('',(72.,-15.5,-141.5));
#13050 = DIRECTION('',(1.,0.,-0.));
#13051 = DIRECTION('',(0.,0.,1.));
#13052 = DEFINITIONAL_REPRESENTATION('',(#13053),#13057);
#13053 = LINE('',#13054,#13055);
#13054 = CARTESIAN_POINT('',(0.,0.));
#13055 = VECTOR('',#13056,1.);
#13056 = DIRECTION('',(1.,0.));
#13057 = ( GEOMETRIC_REPRESENTATION_CONTEXT(2) 
PARAMETRIC_REPRESENTATION_CONTEXT() REPRESENTATION_CONTEXT('2D SPACE',''
  ) );
#13058 = ORIENTED_EDGE('',*,*,#13059,.F.);
#13059 = EDGE_CURVE('',#12686,#13030,#13060,.T.);
#13060 = SURFACE_CURVE('',#13061,(#13065,#13072),.PCURVE_S1.);
#13061 = LINE('',#13062,#13063);
#13062 = CARTESIAN_POINT('',(52.,-15.5,-141.5));
#13063 = VECTOR('',#13064,1.);
#13064 = DIRECTION('',(1.,0.,-0.));
#13065 = PCURVE('',#12708,#13066);
#13066 = DEFINITIONAL_REPRESENTATION('',(#13067),#13071);
#13067 = LINE('',#13068,#13069);
#13068 = CARTESIAN_POINT('',(0.,0.));
#13069 = VECTOR('',#13070,1.);
#13070 = DIRECTION('',(0.,1.));
#13071 = ( GEOMETRIC_REPRESENTATION_CONTEXT(2) 
PARAMETRIC_REPRESENTATION_CONTEXT() REPRESENTATION_CONTEXT('2D SPACE',''
  ) );
#13072 = PCURVE('',#12736,#13073);
#13073 = DEFINITIONAL_REPRESENTATION('',(#13074),#13078);
#13074 = LINE('',#13075,#13076);
#13075 = CARTESIAN_POINT('',(0.,0.));
#13076 = VECTOR('',#13077,1.);
#13077 = DIRECTION('',(1.,0.));
#13078 = ( GEOMETRIC_REPRESENTATION_CONTEXT(2) 
PARAMETRIC_REPRESENTATION_CONTEXT() REPRESENTATION_CONTEXT('2D SPACE',''
  ) );
#13079 = ORIENTED_EDGE('',*,*,#12685,.T.);
#13080 = ORIENTED_EDGE('',*,*,#13081,.T.);
#13081 = EDGE_CURVE('',#12688,#13032,#13082,.T.);
#13082 = SURFACE_CURVE('',#13083,(#13087,#13094),.PCURVE_S1.);
#13083 = LINE('',#13084,#13085);
#13084 = CARTESIAN_POINT('',(52.,-15.5,-28.5));
#13085 = VECTOR('',#13086,1.);
#13086 = DIRECTION('',(1.,0.,-0.));
#13087 = PCURVE('',#12708,#13088);
#13088 = DEFINITIONAL_REPRESENTATION('',(#13089),#13093);
#13089 = LINE('',#13090,#13091);
#13090 = CARTESIAN_POINT('',(113.,0.));
#13091 = VECTOR('',#13092,1.);
#13092 = DIRECTION('',(0.,1.));
#13093 = ( GEOMETRIC_REPRESENTATION_CONTEXT(2) 
PARAMETRIC_REPRESENTATION_CONTEXT() REPRESENTATION_CONTEXT('2D SPACE',''
  ) );
#13094 = PCURVE('',#13014,#13095);
#13095 = DEFINITIONAL_REPRESENTATION('',(#13096),#13100);
#13096 = LINE('',#13097,#13098);
#13097 = CARTESIAN_POINT('',(0.,0.));
#13098 = VECTOR('',#13099,1.);
#13099 = DIRECTION('',(1.,0.));
#13100 = ( GEOMETRIC_REPRESENTATION_CONTEXT(2) 
PARAMETRIC_REPRESENTATION_CONTEXT() REPRESENTATION_CONTEXT('2D SPACE',''
  ) );
#13101 = ADVANCED_FACE('',(#13102),#12736,.F.);
#13102 = FACE_BOUND('',#13103,.F.);
#13103 = EDGE_LOOP('',(#13104,#13105,#13128,#13149));
#13104 = ORIENTED_EDGE('',*,*,#13059,.T.);
#13105 = ORIENTED_EDGE('',*,*,#13106,.F.);
#13106 = EDGE_CURVE('',#13107,#13030,#13109,.T.);
#13107 = VERTEX_POINT('',#13108);
#13108 = CARTESIAN_POINT('',(72.,48.5,-141.5));
#13109 = SURFACE_CURVE('',#13110,(#13114,#13121),.PCURVE_S1.);
#13110 = LINE('',#13111,#13112);
#13111 = CARTESIAN_POINT('',(72.,48.5,-141.5));
#13112 = VECTOR('',#13113,1.);
#13113 = DIRECTION('',(0.,-1.,0.));
#13114 = PCURVE('',#12736,#13115);
#13115 = DEFINITIONAL_REPRESENTATION('',(#13116),#13120);
#13116 = LINE('',#13117,#13118);
#13117 = CARTESIAN_POINT('',(20.,64.));
#13118 = VECTOR('',#13119,1.);
#13119 = DIRECTION('',(0.,-1.));
#13120 = ( GEOMETRIC_REPRESENTATION_CONTEXT(2) 
PARAMETRIC_REPRESENTATION_CONTEXT() REPRESENTATION_CONTEXT('2D SPACE',''
  ) );
#13121 = PCURVE('',#13047,#13122);
#13122 = DEFINITIONAL_REPRESENTATION('',(#13123),#13127);
#13123 = LINE('',#13124,#13125);
#13124 = CARTESIAN_POINT('',(0.,-64.));
#13125 = VECTOR('',#13126,1.);
#13126 = DIRECTION('',(0.,1.));
#13127 = ( GEOMETRIC_REPRESENTATION_CONTEXT(2) 
PARAMETRIC_REPRESENTATION_CONTEXT() REPRESENTATION_CONTEXT('2D SPACE',''
  ) );
#13128 = ORIENTED_EDGE('',*,*,#13129,.F.);
#13129 = EDGE_CURVE('',#12721,#13107,#13130,.T.);
#13130 = SURFACE_CURVE('',#13131,(#13135,#13142),.PCURVE_S1.);
#13131 = LINE('',#13132,#13133);
#13132 = CARTESIAN_POINT('',(52.,48.5,-141.5));
#13133 = VECTOR('',#13134,1.);
#13134 = DIRECTION('',(1.,0.,-0.));
#13135 = PCURVE('',#12736,#13136);
#13136 = DEFINITIONAL_REPRESENTATION('',(#13137),#13141);
#13137 = LINE('',#13138,#13139);
#13138 = CARTESIAN_POINT('',(0.,64.));
#13139 = VECTOR('',#13140,1.);
#13140 = DIRECTION('',(1.,0.));
#13141 = ( GEOMETRIC_REPRESENTATION_CONTEXT(2) 
PARAMETRIC_REPRESENTATION_CONTEXT() REPRESENTATION_CONTEXT('2D SPACE',''
  ) );
#13142 = PCURVE('',#12764,#13143);
#13143 = DEFINITIONAL_REPRESENTATION('',(#13144),#13148);
#13144 = LINE('',#13145,#13146);
#13145 = CARTESIAN_POINT('',(18.5,0.));
#13146 = VECTOR('',#13147,1.);
#13147 = DIRECTION('',(0.,1.));
#13148 = ( GEOMETRIC_REPRESENTATION_CONTEXT(2) 
PARAMETRIC_REPRESENTATION_CONTEXT() REPRESENTATION_CONTEXT('2D SPACE',''
  ) );
#13149 = ORIENTED_EDGE('',*,*,#12720,.T.);
#13150 = ADVANCED_FACE('',(#13151,#13199),#12764,.F.);
#13151 = FACE_BOUND('',#13152,.F.);
#13152 = EDGE_LOOP('',(#13153,#13176,#13197,#13198));
#13153 = ORIENTED_EDGE('',*,*,#13154,.F.);
#13154 = EDGE_CURVE('',#13155,#13107,#13157,.T.);
#13155 = VERTEX_POINT('',#13156);
#13156 = CARTESIAN_POINT('',(72.,48.5,-160.));
#13157 = SURFACE_CURVE('',#13158,(#13162,#13169),.PCURVE_S1.);
#13158 = LINE('',#13159,#13160);
#13159 = CARTESIAN_POINT('',(72.,48.5,-160.));
#13160 = VECTOR('',#13161,1.);
#13161 = DIRECTION('',(0.,0.,1.));
#13162 = PCURVE('',#12764,#13163);
#13163 = DEFINITIONAL_REPRESENTATION('',(#13164),#13168);
#13164 = LINE('',#13165,#13166);
#13165 = CARTESIAN_POINT('',(0.,20.));
#13166 = VECTOR('',#13167,1.);
#13167 = DIRECTION('',(1.,0.));
#13168 = ( GEOMETRIC_REPRESENTATION_CONTEXT(2) 
PARAMETRIC_REPRESENTATION_CONTEXT() REPRESENTATION_CONTEXT('2D SPACE',''
  ) );
#13169 = PCURVE('',#13047,#13170);
#13170 = DEFINITIONAL_REPRESENTATION('',(#13171),#13175);
#13171 = LINE('',#13172,#13173);
#13172 = CARTESIAN_POINT('',(-18.5,-64.));
#13173 = VECTOR('',#13174,1.);
#13174 = DIRECTION('',(1.,0.));
#13175 = ( GEOMETRIC_REPRESENTATION_CONTEXT(2) 
PARAMETRIC_REPRESENTATION_CONTEXT() REPRESENTATION_CONTEXT('2D SPACE',''
  ) );
#13176 = ORIENTED_EDGE('',*,*,#13177,.F.);
#13177 = EDGE_CURVE('',#12749,#13155,#13178,.T.);
#13178 = SURFACE_CURVE('',#13179,(#13183,#13190),.PCURVE_S1.);
#13179 = LINE('',#13180,#13181);
#13180 = CARTESIAN_POINT('',(52.,48.5,-160.));
#13181 = VECTOR('',#13182,1.);
#13182 = DIRECTION('',(1.,0.,-0.));
#13183 = PCURVE('',#12764,#13184);
#13184 = DEFINITIONAL_REPRESENTATION('',(#13185),#13189);
#13185 = LINE('',#13186,#13187);
#13186 = CARTESIAN_POINT('',(0.,0.));
#13187 = VECTOR('',#13188,1.);
#13188 = DIRECTION('',(0.,1.));
#13189 = ( GEOMETRIC_REPRESENTATION_CONTEXT(2) 
PARAMETRIC_REPRESENTATION_CONTEXT() REPRESENTATION_CONTEXT('2D SPACE',''
  ) );
#13190 = PCURVE('',#12792,#13191);
#13191 = DEFINITIONAL_REPRESENTATION('',(#13192),#13196);
#13192 = LINE('',#13193,#13194);
#13193 = CARTESIAN_POINT('',(0.,0.));
#13194 = VECTOR('',#13195,1.);
#13195 = DIRECTION('',(1.,0.));
#13196 = ( GEOMETRIC_REPRESENTATION_CONTEXT(2) 
PARAMETRIC_REPRESENTATION_CONTEXT() REPRESENTATION_CONTEXT('2D SPACE',''
  ) );
#13197 = ORIENTED_EDGE('',*,*,#12748,.T.);
#13198 = ORIENTED_EDGE('',*,*,#13129,.T.);
#13199 = FACE_BOUND('',#13200,.F.);
#13200 = EDGE_LOOP('',(#13201));
#13201 = ORIENTED_EDGE('',*,*,#13202,.T.);
#13202 = EDGE_CURVE('',#13203,#13203,#13205,.T.);
#13203 = VERTEX_POINT('',#13204);
#13204 = CARTESIAN_POINT('',(64.75,48.5,-151.));
#13205 = SURFACE_CURVE('',#13206,(#13211,#13222),.PCURVE_S1.);
#13206 = CIRCLE('',#13207,2.75);
#13207 = AXIS2_PLACEMENT_3D('',#13208,#13209,#13210);
#13208 = CARTESIAN_POINT('',(62.,48.5,-151.));
#13209 = DIRECTION('',(0.,-1.,2.22044604925E-16));
#13210 = DIRECTION('',(1.,0.,0.));
#13211 = PCURVE('',#12764,#13212);
#13212 = DEFINITIONAL_REPRESENTATION('',(#13213),#13221);
#13213 = ( BOUNDED_CURVE() B_SPLINE_CURVE(2,(#13214,#13215,#13216,#13217
    ,#13218,#13219,#13220),.UNSPECIFIED.,.T.,.F.) 
B_SPLINE_CURVE_WITH_KNOTS((1,2,2,2,2,1),(-2.094395102393,0.,
    2.094395102393,4.188790204786,6.28318530718,8.377580409573),
.UNSPECIFIED.) CURVE() GEOMETRIC_REPRESENTATION_ITEM() 
RATIONAL_B_SPLINE_CURVE((1.,0.5,1.,0.5,1.,0.5,1.)) REPRESENTATION_ITEM(
  '') );
#13214 = CARTESIAN_POINT('',(9.,12.75));
#13215 = CARTESIAN_POINT('',(13.763139720814,12.75));
#13216 = CARTESIAN_POINT('',(11.381569860407,8.625));
#13217 = CARTESIAN_POINT('',(9.,4.5));
#13218 = CARTESIAN_POINT('',(6.618430139593,8.625));
#13219 = CARTESIAN_POINT('',(4.236860279186,12.75));
#13220 = CARTESIAN_POINT('',(9.,12.75));
#13221 = ( GEOMETRIC_REPRESENTATION_CONTEXT(2) 
PARAMETRIC_REPRESENTATION_CONTEXT() REPRESENTATION_CONTEXT('2D SPACE',''
  ) );
#13222 = PCURVE('',#13223,#13228);
#13223 = CYLINDRICAL_SURFACE('',#13224,2.75);
#13224 = AXIS2_PLACEMENT_3D('',#13225,#13226,#13227);
#13225 = CARTESIAN_POINT('',(62.,51.,-151.));
#13226 = DIRECTION('',(0.,-1.,2.22044604925E-16));
#13227 = DIRECTION('',(1.,0.,0.));
#13228 = DEFINITIONAL_REPRESENTATION('',(#13229),#13233);
#13229 = LINE('',#13230,#13231);
#13230 = CARTESIAN_POINT('',(0.,2.5));
#13231 = VECTOR('',#13232,1.);
#13232 = DIRECTION('',(1.,0.));
#13233 = ( GEOMETRIC_REPRESENTATION_CONTEXT(2) 
PARAMETRIC_REPRESENTATION_CONTEXT() REPRESENTATION_CONTEXT('2D SPACE',''
  ) );
#13234 = ADVANCED_FACE('',(#13235),#12792,.F.);
#13235 = FACE_BOUND('',#13236,.F.);
#13236 = EDGE_LOOP('',(#13237,#13238,#13239,#13262));
#13237 = ORIENTED_EDGE('',*,*,#12776,.F.);
#13238 = ORIENTED_EDGE('',*,*,#13177,.T.);
#13239 = ORIENTED_EDGE('',*,*,#13240,.T.);
#13240 = EDGE_CURVE('',#13155,#13241,#13243,.T.);
#13241 = VERTEX_POINT('',#13242);
#13242 = CARTESIAN_POINT('',(72.,50.,-160.));
#13243 = SURFACE_CURVE('',#13244,(#13248,#13255),.PCURVE_S1.);
#13244 = LINE('',#13245,#13246);
#13245 = CARTESIAN_POINT('',(72.,48.5,-160.));
#13246 = VECTOR('',#13247,1.);
#13247 = DIRECTION('',(-0.,1.,0.));
#13248 = PCURVE('',#12792,#13249);
#13249 = DEFINITIONAL_REPRESENTATION('',(#13250),#13254);
#13250 = LINE('',#13251,#13252);
#13251 = CARTESIAN_POINT('',(20.,0.));
#13252 = VECTOR('',#13253,1.);
#13253 = DIRECTION('',(0.,1.));
#13254 = ( GEOMETRIC_REPRESENTATION_CONTEXT(2) 
PARAMETRIC_REPRESENTATION_CONTEXT() REPRESENTATION_CONTEXT('2D SPACE',''
  ) );
#13255 = PCURVE('',#13047,#13256);
#13256 = DEFINITIONAL_REPRESENTATION('',(#13257),#13261);
#13257 = LINE('',#13258,#13259);
#13258 = CARTESIAN_POINT('',(-18.5,-64.));
#13259 = VECTOR('',#13260,1.);
#13260 = DIRECTION('',(0.,-1.));
#13261 = ( GEOMETRIC_REPRESENTATION_CONTEXT(2) 
PARAMETRIC_REPRESENTATION_CONTEXT() REPRESENTATION_CONTEXT('2D SPACE',''
  ) );
#13262 = ORIENTED_EDGE('',*,*,#13263,.F.);
#13263 = EDGE_CURVE('',#12777,#13241,#13264,.T.);
#13264 = SURFACE_CURVE('',#13265,(#13269,#13276),.PCURVE_S1.);
#13265 = LINE('',#13266,#13267);
#13266 = CARTESIAN_POINT('',(52.,50.,-160.));
#13267 = VECTOR('',#13268,1.);
#13268 = DIRECTION('',(1.,0.,-0.));
#13269 = PCURVE('',#12792,#13270);
#13270 = DEFINITIONAL_REPRESENTATION('',(#13271),#13275);
#13271 = LINE('',#13272,#13273);
#13272 = CARTESIAN_POINT('',(0.,1.5));
#13273 = VECTOR('',#13274,1.);
#13274 = DIRECTION('',(1.,0.));
#13275 = ( GEOMETRIC_REPRESENTATION_CONTEXT(2) 
PARAMETRIC_REPRESENTATION_CONTEXT() REPRESENTATION_CONTEXT('2D SPACE',''
  ) );
#13276 = PCURVE('',#12820,#13277);
#13277 = DEFINITIONAL_REPRESENTATION('',(#13278),#13282);
#13278 = LINE('',#13279,#13280);
#13279 = CARTESIAN_POINT('',(0.,0.));
#13280 = VECTOR('',#13281,1.);
#13281 = DIRECTION('',(0.,1.));
#13282 = ( GEOMETRIC_REPRESENTATION_CONTEXT(2) 
PARAMETRIC_REPRESENTATION_CONTEXT() REPRESENTATION_CONTEXT('2D SPACE',''
  ) );
#13283 = ADVANCED_FACE('',(#13284,#13332),#12820,.T.);
#13284 = FACE_BOUND('',#13285,.T.);
#13285 = EDGE_LOOP('',(#13286,#13287,#13288,#13311));
#13286 = ORIENTED_EDGE('',*,*,#13263,.F.);
#13287 = ORIENTED_EDGE('',*,*,#12804,.T.);
#13288 = ORIENTED_EDGE('',*,*,#13289,.T.);
#13289 = EDGE_CURVE('',#12805,#13290,#13292,.T.);
#13290 = VERTEX_POINT('',#13291);
#13291 = CARTESIAN_POINT('',(72.,50.,-140.));
#13292 = SURFACE_CURVE('',#13293,(#13297,#13304),.PCURVE_S1.);
#13293 = LINE('',#13294,#13295);
#13294 = CARTESIAN_POINT('',(52.,50.,-140.));
#13295 = VECTOR('',#13296,1.);
#13296 = DIRECTION('',(1.,0.,-0.));
#13297 = PCURVE('',#12820,#13298);
#13298 = DEFINITIONAL_REPRESENTATION('',(#13299),#13303);
#13299 = LINE('',#13300,#13301);
#13300 = CARTESIAN_POINT('',(20.,0.));
#13301 = VECTOR('',#13302,1.);
#13302 = DIRECTION('',(0.,1.));
#13303 = ( GEOMETRIC_REPRESENTATION_CONTEXT(2) 
PARAMETRIC_REPRESENTATION_CONTEXT() REPRESENTATION_CONTEXT('2D SPACE',''
  ) );
#13304 = PCURVE('',#12848,#13305);
#13305 = DEFINITIONAL_REPRESENTATION('',(#13306),#13310);
#13306 = LINE('',#13307,#13308);
#13307 = CARTESIAN_POINT('',(0.,65.5));
#13308 = VECTOR('',#13309,1.);
#13309 = DIRECTION('',(1.,0.));
#13310 = ( GEOMETRIC_REPRESENTATION_CONTEXT(2) 
PARAMETRIC_REPRESENTATION_CONTEXT() REPRESENTATION_CONTEXT('2D SPACE',''
  ) );
#13311 = ORIENTED_EDGE('',*,*,#13312,.F.);
#13312 = EDGE_CURVE('',#13241,#13290,#13313,.T.);
#13313 = SURFACE_CURVE('',#13314,(#13318,#13325),.PCURVE_S1.);
#13314 = LINE('',#13315,#13316);
#13315 = CARTESIAN_POINT('',(72.,50.,-160.));
#13316 = VECTOR('',#13317,1.);
#13317 = DIRECTION('',(0.,0.,1.));
#13318 = PCURVE('',#12820,#13319);
#13319 = DEFINITIONAL_REPRESENTATION('',(#13320),#13324);
#13320 = LINE('',#13321,#13322);
#13321 = CARTESIAN_POINT('',(0.,20.));
#13322 = VECTOR('',#13323,1.);
#13323 = DIRECTION('',(1.,0.));
#13324 = ( GEOMETRIC_REPRESENTATION_CONTEXT(2) 
PARAMETRIC_REPRESENTATION_CONTEXT() REPRESENTATION_CONTEXT('2D SPACE',''
  ) );
#13325 = PCURVE('',#13047,#13326);
#13326 = DEFINITIONAL_REPRESENTATION('',(#13327),#13331);
#13327 = LINE('',#13328,#13329);
#13328 = CARTESIAN_POINT('',(-18.5,-65.5));
#13329 = VECTOR('',#13330,1.);
#13330 = DIRECTION('',(1.,0.));
#13331 = ( GEOMETRIC_REPRESENTATION_CONTEXT(2) 
PARAMETRIC_REPRESENTATION_CONTEXT() REPRESENTATION_CONTEXT('2D SPACE',''
  ) );
#13332 = FACE_BOUND('',#13333,.T.);
#13333 = EDGE_LOOP('',(#13334));
#13334 = ORIENTED_EDGE('',*,*,#13335,.T.);
#13335 = EDGE_CURVE('',#13336,#13336,#13338,.T.);
#13336 = VERTEX_POINT('',#13337);
#13337 = CARTESIAN_POINT('',(64.75,50.,-151.));
#13338 = SURFACE_CURVE('',#13339,(#13344,#13355),.PCURVE_S1.);
#13339 = CIRCLE('',#13340,2.75);
#13340 = AXIS2_PLACEMENT_3D('',#13341,#13342,#13343);
#13341 = CARTESIAN_POINT('',(62.,50.,-151.));
#13342 = DIRECTION('',(0.,-1.,2.22044604925E-16));
#13343 = DIRECTION('',(1.,0.,0.));
#13344 = PCURVE('',#12820,#13345);
#13345 = DEFINITIONAL_REPRESENTATION('',(#13346),#13354);
#13346 = ( BOUNDED_CURVE() B_SPLINE_CURVE(2,(#13347,#13348,#13349,#13350
    ,#13351,#13352,#13353),.UNSPECIFIED.,.T.,.F.) 
B_SPLINE_CURVE_WITH_KNOTS((1,2,2,2,2,1),(-2.094395102393,0.,
    2.094395102393,4.188790204786,6.28318530718,8.377580409573),
.UNSPECIFIED.) CURVE() GEOMETRIC_REPRESENTATION_ITEM() 
RATIONAL_B_SPLINE_CURVE((1.,0.5,1.,0.5,1.,0.5,1.)) REPRESENTATION_ITEM(
  '') );
#13347 = CARTESIAN_POINT('',(9.,12.75));
#13348 = CARTESIAN_POINT('',(13.763139720814,12.75));
#13349 = CARTESIAN_POINT('',(11.381569860407,8.625));
#13350 = CARTESIAN_POINT('',(9.,4.5));
#13351 = CARTESIAN_POINT('',(6.618430139593,8.625));
#13352 = CARTESIAN_POINT('',(4.236860279186,12.75));
#13353 = CARTESIAN_POINT('',(9.,12.75));
#13354 = ( GEOMETRIC_REPRESENTATION_CONTEXT(2) 
PARAMETRIC_REPRESENTATION_CONTEXT() REPRESENTATION_CONTEXT('2D SPACE',''
  ) );
#13355 = PCURVE('',#13223,#13356);
#13356 = DEFINITIONAL_REPRESENTATION('',(#13357),#13361);
#13357 = LINE('',#13358,#13359);
#13358 = CARTESIAN_POINT('',(0.,1.));
#13359 = VECTOR('',#13360,1.);
#13360 = DIRECTION('',(1.,0.));
#13361 = ( GEOMETRIC_REPRESENTATION_CONTEXT(2) 
PARAMETRIC_REPRESENTATION_CONTEXT() REPRESENTATION_CONTEXT('2D SPACE',''
  ) );
#13362 = ADVANCED_FACE('',(#13363),#12848,.T.);
#13363 = FACE_BOUND('',#13364,.T.);
#13364 = EDGE_LOOP('',(#13365,#13366,#13388,#13409));
#13365 = ORIENTED_EDGE('',*,*,#12832,.F.);
#13366 = ORIENTED_EDGE('',*,*,#13367,.T.);
#13367 = EDGE_CURVE('',#12833,#13368,#13370,.T.);
#13368 = VERTEX_POINT('',#13369);
#13369 = CARTESIAN_POINT('',(72.,-14.,-140.));
#13370 = SURFACE_CURVE('',#13371,(#13375,#13382),.PCURVE_S1.);
#13371 = LINE('',#13372,#13373);
#13372 = CARTESIAN_POINT('',(52.,-14.,-140.));
#13373 = VECTOR('',#13374,1.);
#13374 = DIRECTION('',(1.,0.,-0.));
#13375 = PCURVE('',#12848,#13376);
#13376 = DEFINITIONAL_REPRESENTATION('',(#13377),#13381);
#13377 = LINE('',#13378,#13379);
#13378 = CARTESIAN_POINT('',(0.,1.5));
#13379 = VECTOR('',#13380,1.);
#13380 = DIRECTION('',(1.,0.));
#13381 = ( GEOMETRIC_REPRESENTATION_CONTEXT(2) 
PARAMETRIC_REPRESENTATION_CONTEXT() REPRESENTATION_CONTEXT('2D SPACE',''
  ) );
#13382 = PCURVE('',#12876,#13383);
#13383 = DEFINITIONAL_REPRESENTATION('',(#13384),#13387);
#13384 = B_SPLINE_CURVE_WITH_KNOTS('',1,(#13385,#13386),.UNSPECIFIED.,
  .F.,.F.,(2,2),(0.,20.),.PIECEWISE_BEZIER_KNOTS.);
#13385 = CARTESIAN_POINT('',(1.5,0.));
#13386 = CARTESIAN_POINT('',(1.5,20.));
#13387 = ( GEOMETRIC_REPRESENTATION_CONTEXT(2) 
PARAMETRIC_REPRESENTATION_CONTEXT() REPRESENTATION_CONTEXT('2D SPACE',''
  ) );
#13388 = ORIENTED_EDGE('',*,*,#13389,.T.);
#13389 = EDGE_CURVE('',#13368,#13290,#13390,.T.);
#13390 = SURFACE_CURVE('',#13391,(#13395,#13402),.PCURVE_S1.);
#13391 = LINE('',#13392,#13393);
#13392 = CARTESIAN_POINT('',(72.,-14.,-140.));
#13393 = VECTOR('',#13394,1.);
#13394 = DIRECTION('',(0.,1.,0.));
#13395 = PCURVE('',#12848,#13396);
#13396 = DEFINITIONAL_REPRESENTATION('',(#13397),#13401);
#13397 = LINE('',#13398,#13399);
#13398 = CARTESIAN_POINT('',(20.,1.5));
#13399 = VECTOR('',#13400,1.);
#13400 = DIRECTION('',(0.,1.));
#13401 = ( GEOMETRIC_REPRESENTATION_CONTEXT(2) 
PARAMETRIC_REPRESENTATION_CONTEXT() REPRESENTATION_CONTEXT('2D SPACE',''
  ) );
#13402 = PCURVE('',#13047,#13403);
#13403 = DEFINITIONAL_REPRESENTATION('',(#13404),#13408);
#13404 = LINE('',#13405,#13406);
#13405 = CARTESIAN_POINT('',(1.5,-1.5));
#13406 = VECTOR('',#13407,1.);
#13407 = DIRECTION('',(0.,-1.));
#13408 = ( GEOMETRIC_REPRESENTATION_CONTEXT(2) 
PARAMETRIC_REPRESENTATION_CONTEXT() REPRESENTATION_CONTEXT('2D SPACE',''
  ) );
#13409 = ORIENTED_EDGE('',*,*,#13289,.F.);
#13410 = ADVANCED_FACE('',(#13411),#12876,.T.);
#13411 = FACE_BOUND('',#13412,.T.);
#13412 = EDGE_LOOP('',(#13413,#13436,#13437,#13438));
#13413 = ORIENTED_EDGE('',*,*,#13414,.F.);
#13414 = EDGE_CURVE('',#13368,#13415,#13417,.T.);
#13415 = VERTEX_POINT('',#13416);
#13416 = CARTESIAN_POINT('',(72.,-14.,-30.));
#13417 = SURFACE_CURVE('',#13418,(#13422,#13429),.PCURVE_S1.);
#13418 = LINE('',#13419,#13420);
#13419 = CARTESIAN_POINT('',(72.,-14.,-141.5));
#13420 = VECTOR('',#13421,1.);
#13421 = DIRECTION('',(0.,0.,1.));
#13422 = PCURVE('',#12876,#13423);
#13423 = DEFINITIONAL_REPRESENTATION('',(#13424),#13428);
#13424 = LINE('',#13425,#13426);
#13425 = CARTESIAN_POINT('',(0.,20.));
#13426 = VECTOR('',#13427,1.);
#13427 = DIRECTION('',(1.,0.));
#13428 = ( GEOMETRIC_REPRESENTATION_CONTEXT(2) 
PARAMETRIC_REPRESENTATION_CONTEXT() REPRESENTATION_CONTEXT('2D SPACE',''
  ) );
#13429 = PCURVE('',#13047,#13430);
#13430 = DEFINITIONAL_REPRESENTATION('',(#13431),#13435);
#13431 = LINE('',#13432,#13433);
#13432 = CARTESIAN_POINT('',(0.,-1.5));
#13433 = VECTOR('',#13434,1.);
#13434 = DIRECTION('',(1.,0.));
#13435 = ( GEOMETRIC_REPRESENTATION_CONTEXT(2) 
PARAMETRIC_REPRESENTATION_CONTEXT() REPRESENTATION_CONTEXT('2D SPACE',''
  ) );
#13436 = ORIENTED_EDGE('',*,*,#13367,.F.);
#13437 = ORIENTED_EDGE('',*,*,#12860,.T.);
#13438 = ORIENTED_EDGE('',*,*,#13439,.T.);
#13439 = EDGE_CURVE('',#12861,#13415,#13440,.T.);
#13440 = SURFACE_CURVE('',#13441,(#13445,#13451),.PCURVE_S1.);
#13441 = LINE('',#13442,#13443);
#13442 = CARTESIAN_POINT('',(52.,-14.,-30.));
#13443 = VECTOR('',#13444,1.);
#13444 = DIRECTION('',(1.,0.,-0.));
#13445 = PCURVE('',#12876,#13446);
#13446 = DEFINITIONAL_REPRESENTATION('',(#13447),#13450);
#13447 = B_SPLINE_CURVE_WITH_KNOTS('',1,(#13448,#13449),.UNSPECIFIED.,
  .F.,.F.,(2,2),(0.,20.),.PIECEWISE_BEZIER_KNOTS.);
#13448 = CARTESIAN_POINT('',(111.5,0.));
#13449 = CARTESIAN_POINT('',(111.5,20.));
#13450 = ( GEOMETRIC_REPRESENTATION_CONTEXT(2) 
PARAMETRIC_REPRESENTATION_CONTEXT() REPRESENTATION_CONTEXT('2D SPACE',''
  ) );
#13451 = PCURVE('',#12904,#13452);
#13452 = DEFINITIONAL_REPRESENTATION('',(#13453),#13457);
#13453 = LINE('',#13454,#13455);
#13454 = CARTESIAN_POINT('',(0.,1.5));
#13455 = VECTOR('',#13456,1.);
#13456 = DIRECTION('',(1.,0.));
#13457 = ( GEOMETRIC_REPRESENTATION_CONTEXT(2) 
PARAMETRIC_REPRESENTATION_CONTEXT() REPRESENTATION_CONTEXT('2D SPACE',''
  ) );
#13458 = ADVANCED_FACE('',(#13459),#12904,.F.);
#13459 = FACE_BOUND('',#13460,.F.);
#13460 = EDGE_LOOP('',(#13461,#13462,#13485,#13506));
#13461 = ORIENTED_EDGE('',*,*,#13439,.T.);
#13462 = ORIENTED_EDGE('',*,*,#13463,.F.);
#13463 = EDGE_CURVE('',#13464,#13415,#13466,.T.);
#13464 = VERTEX_POINT('',#13465);
#13465 = CARTESIAN_POINT('',(72.,50.,-30.));
#13466 = SURFACE_CURVE('',#13467,(#13471,#13478),.PCURVE_S1.);
#13467 = LINE('',#13468,#13469);
#13468 = CARTESIAN_POINT('',(72.,50.,-30.));
#13469 = VECTOR('',#13470,1.);
#13470 = DIRECTION('',(0.,-1.,0.));
#13471 = PCURVE('',#12904,#13472);
#13472 = DEFINITIONAL_REPRESENTATION('',(#13473),#13477);
#13473 = LINE('',#13474,#13475);
#13474 = CARTESIAN_POINT('',(20.,65.5));
#13475 = VECTOR('',#13476,1.);
#13476 = DIRECTION('',(0.,-1.));
#13477 = ( GEOMETRIC_REPRESENTATION_CONTEXT(2) 
PARAMETRIC_REPRESENTATION_CONTEXT() REPRESENTATION_CONTEXT('2D SPACE',''
  ) );
#13478 = PCURVE('',#13047,#13479);
#13479 = DEFINITIONAL_REPRESENTATION('',(#13480),#13484);
#13480 = LINE('',#13481,#13482);
#13481 = CARTESIAN_POINT('',(111.5,-65.5));
#13482 = VECTOR('',#13483,1.);
#13483 = DIRECTION('',(0.,1.));
#13484 = ( GEOMETRIC_REPRESENTATION_CONTEXT(2) 
PARAMETRIC_REPRESENTATION_CONTEXT() REPRESENTATION_CONTEXT('2D SPACE',''
  ) );
#13485 = ORIENTED_EDGE('',*,*,#13486,.F.);
#13486 = EDGE_CURVE('',#12889,#13464,#13487,.T.);
#13487 = SURFACE_CURVE('',#13488,(#13492,#13499),.PCURVE_S1.);
#13488 = LINE('',#13489,#13490);
#13489 = CARTESIAN_POINT('',(52.,50.,-30.));
#13490 = VECTOR('',#13491,1.);
#13491 = DIRECTION('',(1.,0.,-0.));
#13492 = PCURVE('',#12904,#13493);
#13493 = DEFINITIONAL_REPRESENTATION('',(#13494),#13498);
#13494 = LINE('',#13495,#13496);
#13495 = CARTESIAN_POINT('',(0.,65.5));
#13496 = VECTOR('',#13497,1.);
#13497 = DIRECTION('',(1.,0.));
#13498 = ( GEOMETRIC_REPRESENTATION_CONTEXT(2) 
PARAMETRIC_REPRESENTATION_CONTEXT() REPRESENTATION_CONTEXT('2D SPACE',''
  ) );
#13499 = PCURVE('',#12932,#13500);
#13500 = DEFINITIONAL_REPRESENTATION('',(#13501),#13505);
#13501 = LINE('',#13502,#13503);
#13502 = CARTESIAN_POINT('',(0.,0.));
#13503 = VECTOR('',#13504,1.);
#13504 = DIRECTION('',(0.,1.));
#13505 = ( GEOMETRIC_REPRESENTATION_CONTEXT(2) 
PARAMETRIC_REPRESENTATION_CONTEXT() REPRESENTATION_CONTEXT('2D SPACE',''
  ) );
#13506 = ORIENTED_EDGE('',*,*,#12888,.T.);
#13507 = ADVANCED_FACE('',(#13508,#13556),#12932,.T.);
#13508 = FACE_BOUND('',#13509,.T.);
#13509 = EDGE_LOOP('',(#13510,#13511,#13512,#13535));
#13510 = ORIENTED_EDGE('',*,*,#13486,.F.);
#13511 = ORIENTED_EDGE('',*,*,#12916,.T.);
#13512 = ORIENTED_EDGE('',*,*,#13513,.T.);
#13513 = EDGE_CURVE('',#12917,#13514,#13516,.T.);
#13514 = VERTEX_POINT('',#13515);
#13515 = CARTESIAN_POINT('',(72.,50.,-10.));
#13516 = SURFACE_CURVE('',#13517,(#13521,#13528),.PCURVE_S1.);
#13517 = LINE('',#13518,#13519);
#13518 = CARTESIAN_POINT('',(52.,50.,-10.));
#13519 = VECTOR('',#13520,1.);
#13520 = DIRECTION('',(1.,0.,-0.));
#13521 = PCURVE('',#12932,#13522);
#13522 = DEFINITIONAL_REPRESENTATION('',(#13523),#13527);
#13523 = LINE('',#13524,#13525);
#13524 = CARTESIAN_POINT('',(20.,0.));
#13525 = VECTOR('',#13526,1.);
#13526 = DIRECTION('',(0.,1.));
#13527 = ( GEOMETRIC_REPRESENTATION_CONTEXT(2) 
PARAMETRIC_REPRESENTATION_CONTEXT() REPRESENTATION_CONTEXT('2D SPACE',''
  ) );
#13528 = PCURVE('',#12960,#13529);
#13529 = DEFINITIONAL_REPRESENTATION('',(#13530),#13534);
#13530 = LINE('',#13531,#13532);
#13531 = CARTESIAN_POINT('',(0.,1.5));
#13532 = VECTOR('',#13533,1.);
#13533 = DIRECTION('',(1.,0.));
#13534 = ( GEOMETRIC_REPRESENTATION_CONTEXT(2) 
PARAMETRIC_REPRESENTATION_CONTEXT() REPRESENTATION_CONTEXT('2D SPACE',''
  ) );
#13535 = ORIENTED_EDGE('',*,*,#13536,.F.);
#13536 = EDGE_CURVE('',#13464,#13514,#13537,.T.);
#13537 = SURFACE_CURVE('',#13538,(#13542,#13549),.PCURVE_S1.);
#13538 = LINE('',#13539,#13540);
#13539 = CARTESIAN_POINT('',(72.,50.,-30.));
#13540 = VECTOR('',#13541,1.);
#13541 = DIRECTION('',(0.,0.,1.));
#13542 = PCURVE('',#12932,#13543);
#13543 = DEFINITIONAL_REPRESENTATION('',(#13544),#13548);
#13544 = LINE('',#13545,#13546);
#13545 = CARTESIAN_POINT('',(0.,20.));
#13546 = VECTOR('',#13547,1.);
#13547 = DIRECTION('',(1.,0.));
#13548 = ( GEOMETRIC_REPRESENTATION_CONTEXT(2) 
PARAMETRIC_REPRESENTATION_CONTEXT() REPRESENTATION_CONTEXT('2D SPACE',''
  ) );
#13549 = PCURVE('',#13047,#13550);
#13550 = DEFINITIONAL_REPRESENTATION('',(#13551),#13555);
#13551 = LINE('',#13552,#13553);
#13552 = CARTESIAN_POINT('',(111.5,-65.5));
#13553 = VECTOR('',#13554,1.);
#13554 = DIRECTION('',(1.,0.));
#13555 = ( GEOMETRIC_REPRESENTATION_CONTEXT(2) 
PARAMETRIC_REPRESENTATION_CONTEXT() REPRESENTATION_CONTEXT('2D SPACE',''
  ) );
#13556 = FACE_BOUND('',#13557,.T.);
#13557 = EDGE_LOOP('',(#13558));
#13558 = ORIENTED_EDGE('',*,*,#13559,.T.);
#13559 = EDGE_CURVE('',#13560,#13560,#13562,.T.);
#13560 = VERTEX_POINT('',#13561);
#13561 = CARTESIAN_POINT('',(64.75,50.,-19.));
#13562 = SURFACE_CURVE('',#13563,(#13568,#13579),.PCURVE_S1.);
#13563 = CIRCLE('',#13564,2.75);
#13564 = AXIS2_PLACEMENT_3D('',#13565,#13566,#13567);
#13565 = CARTESIAN_POINT('',(62.,50.,-19.));
#13566 = DIRECTION('',(0.,-1.,2.22044604925E-16));
#13567 = DIRECTION('',(1.,0.,0.));
#13568 = PCURVE('',#12932,#13569);
#13569 = DEFINITIONAL_REPRESENTATION('',(#13570),#13578);
#13570 = ( BOUNDED_CURVE() B_SPLINE_CURVE(2,(#13571,#13572,#13573,#13574
    ,#13575,#13576,#13577),.UNSPECIFIED.,.T.,.F.) 
B_SPLINE_CURVE_WITH_KNOTS((1,2,2,2,2,1),(-2.094395102393,0.,
    2.094395102393,4.188790204786,6.28318530718,8.377580409573),
.UNSPECIFIED.) CURVE() GEOMETRIC_REPRESENTATION_ITEM() 
RATIONAL_B_SPLINE_CURVE((1.,0.5,1.,0.5,1.,0.5,1.)) REPRESENTATION_ITEM(
  '') );
#13571 = CARTESIAN_POINT('',(11.,12.75));
#13572 = CARTESIAN_POINT('',(15.763139720814,12.75));
#13573 = CARTESIAN_POINT('',(13.381569860407,8.625));
#13574 = CARTESIAN_POINT('',(11.,4.5));
#13575 = CARTESIAN_POINT('',(8.618430139593,8.625));
#13576 = CARTESIAN_POINT('',(6.236860279186,12.75));
#13577 = CARTESIAN_POINT('',(11.,12.75));
#13578 = ( GEOMETRIC_REPRESENTATION_CONTEXT(2) 
PARAMETRIC_REPRESENTATION_CONTEXT() REPRESENTATION_CONTEXT('2D SPACE',''
  ) );
#13579 = PCURVE('',#13580,#13585);
#13580 = CYLINDRICAL_SURFACE('',#13581,2.75);
#13581 = AXIS2_PLACEMENT_3D('',#13582,#13583,#13584);
#13582 = CARTESIAN_POINT('',(62.,51.,-19.));
#13583 = DIRECTION('',(0.,-1.,2.22044604925E-16));
#13584 = DIRECTION('',(1.,0.,0.));
#13585 = DEFINITIONAL_REPRESENTATION('',(#13586),#13590);
#13586 = LINE('',#13587,#13588);
#13587 = CARTESIAN_POINT('',(0.,1.));
#13588 = VECTOR('',#13589,1.);
#13589 = DIRECTION('',(1.,0.));
#13590 = ( GEOMETRIC_REPRESENTATION_CONTEXT(2) 
PARAMETRIC_REPRESENTATION_CONTEXT() REPRESENTATION_CONTEXT('2D SPACE',''
  ) );
#13591 = ADVANCED_FACE('',(#13592),#12960,.T.);
#13592 = FACE_BOUND('',#13593,.T.);
#13593 = EDGE_LOOP('',(#13594,#13595,#13618,#13639));
#13594 = ORIENTED_EDGE('',*,*,#12944,.F.);
#13595 = ORIENTED_EDGE('',*,*,#13596,.T.);
#13596 = EDGE_CURVE('',#12945,#13597,#13599,.T.);
#13597 = VERTEX_POINT('',#13598);
#13598 = CARTESIAN_POINT('',(72.,48.5,-10.));
#13599 = SURFACE_CURVE('',#13600,(#13604,#13611),.PCURVE_S1.);
#13600 = LINE('',#13601,#13602);
#13601 = CARTESIAN_POINT('',(52.,48.5,-10.));
#13602 = VECTOR('',#13603,1.);
#13603 = DIRECTION('',(1.,0.,-0.));
#13604 = PCURVE('',#12960,#13605);
#13605 = DEFINITIONAL_REPRESENTATION('',(#13606),#13610);
#13606 = LINE('',#13607,#13608);
#13607 = CARTESIAN_POINT('',(0.,0.));
#13608 = VECTOR('',#13609,1.);
#13609 = DIRECTION('',(1.,0.));
#13610 = ( GEOMETRIC_REPRESENTATION_CONTEXT(2) 
PARAMETRIC_REPRESENTATION_CONTEXT() REPRESENTATION_CONTEXT('2D SPACE',''
  ) );
#13611 = PCURVE('',#12988,#13612);
#13612 = DEFINITIONAL_REPRESENTATION('',(#13613),#13617);
#13613 = LINE('',#13614,#13615);
#13614 = CARTESIAN_POINT('',(20.,0.));
#13615 = VECTOR('',#13616,1.);
#13616 = DIRECTION('',(0.,1.));
#13617 = ( GEOMETRIC_REPRESENTATION_CONTEXT(2) 
PARAMETRIC_REPRESENTATION_CONTEXT() REPRESENTATION_CONTEXT('2D SPACE',''
  ) );
#13618 = ORIENTED_EDGE('',*,*,#13619,.T.);
#13619 = EDGE_CURVE('',#13597,#13514,#13620,.T.);
#13620 = SURFACE_CURVE('',#13621,(#13625,#13632),.PCURVE_S1.);
#13621 = LINE('',#13622,#13623);
#13622 = CARTESIAN_POINT('',(72.,48.5,-10.));
#13623 = VECTOR('',#13624,1.);
#13624 = DIRECTION('',(-0.,1.,0.));
#13625 = PCURVE('',#12960,#13626);
#13626 = DEFINITIONAL_REPRESENTATION('',(#13627),#13631);
#13627 = LINE('',#13628,#13629);
#13628 = CARTESIAN_POINT('',(20.,0.));
#13629 = VECTOR('',#13630,1.);
#13630 = DIRECTION('',(0.,1.));
#13631 = ( GEOMETRIC_REPRESENTATION_CONTEXT(2) 
PARAMETRIC_REPRESENTATION_CONTEXT() REPRESENTATION_CONTEXT('2D SPACE',''
  ) );
#13632 = PCURVE('',#13047,#13633);
#13633 = DEFINITIONAL_REPRESENTATION('',(#13634),#13638);
#13634 = LINE('',#13635,#13636);
#13635 = CARTESIAN_POINT('',(131.5,-64.));
#13636 = VECTOR('',#13637,1.);
#13637 = DIRECTION('',(0.,-1.));
#13638 = ( GEOMETRIC_REPRESENTATION_CONTEXT(2) 
PARAMETRIC_REPRESENTATION_CONTEXT() REPRESENTATION_CONTEXT('2D SPACE',''
  ) );
#13639 = ORIENTED_EDGE('',*,*,#13513,.F.);
#13640 = ADVANCED_FACE('',(#13641,#13689),#12988,.F.);
#13641 = FACE_BOUND('',#13642,.F.);
#13642 = EDGE_LOOP('',(#13643,#13666,#13667,#13668));
#13643 = ORIENTED_EDGE('',*,*,#13644,.F.);
#13644 = EDGE_CURVE('',#12973,#13645,#13647,.T.);
#13645 = VERTEX_POINT('',#13646);
#13646 = CARTESIAN_POINT('',(72.,48.5,-28.5));
#13647 = SURFACE_CURVE('',#13648,(#13652,#13659),.PCURVE_S1.);
#13648 = LINE('',#13649,#13650);
#13649 = CARTESIAN_POINT('',(52.,48.5,-28.5));
#13650 = VECTOR('',#13651,1.);
#13651 = DIRECTION('',(1.,0.,-0.));
#13652 = PCURVE('',#12988,#13653);
#13653 = DEFINITIONAL_REPRESENTATION('',(#13654),#13658);
#13654 = LINE('',#13655,#13656);
#13655 = CARTESIAN_POINT('',(1.5,0.));
#13656 = VECTOR('',#13657,1.);
#13657 = DIRECTION('',(0.,1.));
#13658 = ( GEOMETRIC_REPRESENTATION_CONTEXT(2) 
PARAMETRIC_REPRESENTATION_CONTEXT() REPRESENTATION_CONTEXT('2D SPACE',''
  ) );
#13659 = PCURVE('',#13014,#13660);
#13660 = DEFINITIONAL_REPRESENTATION('',(#13661),#13665);
#13661 = LINE('',#13662,#13663);
#13662 = CARTESIAN_POINT('',(0.,64.));
#13663 = VECTOR('',#13664,1.);
#13664 = DIRECTION('',(1.,0.));
#13665 = ( GEOMETRIC_REPRESENTATION_CONTEXT(2) 
PARAMETRIC_REPRESENTATION_CONTEXT() REPRESENTATION_CONTEXT('2D SPACE',''
  ) );
#13666 = ORIENTED_EDGE('',*,*,#12972,.T.);
#13667 = ORIENTED_EDGE('',*,*,#13596,.T.);
#13668 = ORIENTED_EDGE('',*,*,#13669,.F.);
#13669 = EDGE_CURVE('',#13645,#13597,#13670,.T.);
#13670 = SURFACE_CURVE('',#13671,(#13675,#13682),.PCURVE_S1.);
#13671 = LINE('',#13672,#13673);
#13672 = CARTESIAN_POINT('',(72.,48.5,-30.));
#13673 = VECTOR('',#13674,1.);
#13674 = DIRECTION('',(0.,0.,1.));
#13675 = PCURVE('',#12988,#13676);
#13676 = DEFINITIONAL_REPRESENTATION('',(#13677),#13681);
#13677 = LINE('',#13678,#13679);
#13678 = CARTESIAN_POINT('',(0.,20.));
#13679 = VECTOR('',#13680,1.);
#13680 = DIRECTION('',(1.,0.));
#13681 = ( GEOMETRIC_REPRESENTATION_CONTEXT(2) 
PARAMETRIC_REPRESENTATION_CONTEXT() REPRESENTATION_CONTEXT('2D SPACE',''
  ) );
#13682 = PCURVE('',#13047,#13683);
#13683 = DEFINITIONAL_REPRESENTATION('',(#13684),#13688);
#13684 = LINE('',#13685,#13686);
#13685 = CARTESIAN_POINT('',(111.5,-64.));
#13686 = VECTOR('',#13687,1.);
#13687 = DIRECTION('',(1.,0.));
#13688 = ( GEOMETRIC_REPRESENTATION_CONTEXT(2) 
PARAMETRIC_REPRESENTATION_CONTEXT() REPRESENTATION_CONTEXT('2D SPACE',''
  ) );
#13689 = FACE_BOUND('',#13690,.F.);
#13690 = EDGE_LOOP('',(#13691));
#13691 = ORIENTED_EDGE('',*,*,#13692,.T.);
#13692 = EDGE_CURVE('',#13693,#13693,#13695,.T.);
#13693 = VERTEX_POINT('',#13694);
#13694 = CARTESIAN_POINT('',(64.75,48.5,-19.));
#13695 = SURFACE_CURVE('',#13696,(#13701,#13712),.PCURVE_S1.);
#13696 = CIRCLE('',#13697,2.75);
#13697 = AXIS2_PLACEMENT_3D('',#13698,#13699,#13700);
#13698 = CARTESIAN_POINT('',(62.,48.5,-19.));
#13699 = DIRECTION('',(0.,-1.,2.22044604925E-16));
#13700 = DIRECTION('',(1.,0.,0.));
#13701 = PCURVE('',#12988,#13702);
#13702 = DEFINITIONAL_REPRESENTATION('',(#13703),#13711);
#13703 = ( BOUNDED_CURVE() B_SPLINE_CURVE(2,(#13704,#13705,#13706,#13707
    ,#13708,#13709,#13710),.UNSPECIFIED.,.T.,.F.) 
B_SPLINE_CURVE_WITH_KNOTS((1,2,2,2,2,1),(-2.094395102393,0.,
    2.094395102393,4.188790204786,6.28318530718,8.377580409573),
.UNSPECIFIED.) CURVE() GEOMETRIC_REPRESENTATION_ITEM() 
RATIONAL_B_SPLINE_CURVE((1.,0.5,1.,0.5,1.,0.5,1.)) REPRESENTATION_ITEM(
  '') );
#13704 = CARTESIAN_POINT('',(11.,12.75));
#13705 = CARTESIAN_POINT('',(15.763139720814,12.75));
#13706 = CARTESIAN_POINT('',(13.381569860407,8.625));
#13707 = CARTESIAN_POINT('',(11.,4.5));
#13708 = CARTESIAN_POINT('',(8.618430139593,8.625));
#13709 = CARTESIAN_POINT('',(6.236860279186,12.75));
#13710 = CARTESIAN_POINT('',(11.,12.75));
#13711 = ( GEOMETRIC_REPRESENTATION_CONTEXT(2) 
PARAMETRIC_REPRESENTATION_CONTEXT() REPRESENTATION_CONTEXT('2D SPACE',''
  ) );
#13712 = PCURVE('',#13580,#13713);
#13713 = DEFINITIONAL_REPRESENTATION('',(#13714),#13718);
#13714 = LINE('',#13715,#13716);
#13715 = CARTESIAN_POINT('',(0.,2.5));
#13716 = VECTOR('',#13717,1.);
#13717 = DIRECTION('',(1.,0.));
#13718 = ( GEOMETRIC_REPRESENTATION_CONTEXT(2) 
PARAMETRIC_REPRESENTATION_CONTEXT() REPRESENTATION_CONTEXT('2D SPACE',''
  ) );
#13719 = ADVANCED_FACE('',(#13720),#13014,.T.);
#13720 = FACE_BOUND('',#13721,.T.);
#13721 = EDGE_LOOP('',(#13722,#13723,#13724,#13745));
#13722 = ORIENTED_EDGE('',*,*,#13000,.F.);
#13723 = ORIENTED_EDGE('',*,*,#13081,.T.);
#13724 = ORIENTED_EDGE('',*,*,#13725,.F.);
#13725 = EDGE_CURVE('',#13645,#13032,#13726,.T.);
#13726 = SURFACE_CURVE('',#13727,(#13731,#13738),.PCURVE_S1.);
#13727 = LINE('',#13728,#13729);
#13728 = CARTESIAN_POINT('',(72.,48.5,-28.5));
#13729 = VECTOR('',#13730,1.);
#13730 = DIRECTION('',(0.,-1.,0.));
#13731 = PCURVE('',#13014,#13732);
#13732 = DEFINITIONAL_REPRESENTATION('',(#13733),#13737);
#13733 = LINE('',#13734,#13735);
#13734 = CARTESIAN_POINT('',(20.,64.));
#13735 = VECTOR('',#13736,1.);
#13736 = DIRECTION('',(0.,-1.));
#13737 = ( GEOMETRIC_REPRESENTATION_CONTEXT(2) 
PARAMETRIC_REPRESENTATION_CONTEXT() REPRESENTATION_CONTEXT('2D SPACE',''
  ) );
#13738 = PCURVE('',#13047,#13739);
#13739 = DEFINITIONAL_REPRESENTATION('',(#13740),#13744);
#13740 = LINE('',#13741,#13742);
#13741 = CARTESIAN_POINT('',(113.,-64.));
#13742 = VECTOR('',#13743,1.);
#13743 = DIRECTION('',(0.,1.));
#13744 = ( GEOMETRIC_REPRESENTATION_CONTEXT(2) 
PARAMETRIC_REPRESENTATION_CONTEXT() REPRESENTATION_CONTEXT('2D SPACE',''
  ) );
#13745 = ORIENTED_EDGE('',*,*,#13644,.F.);
#13746 = ADVANCED_FACE('',(#13747),#13047,.T.);
#13747 = FACE_BOUND('',#13748,.T.);
#13748 = EDGE_LOOP('',(#13749,#13750,#13751,#13752,#13753,#13754,#13755,
    #13756,#13757,#13758,#13759,#13760));
#13749 = ORIENTED_EDGE('',*,*,#13029,.F.);
#13750 = ORIENTED_EDGE('',*,*,#13106,.F.);
#13751 = ORIENTED_EDGE('',*,*,#13154,.F.);
#13752 = ORIENTED_EDGE('',*,*,#13240,.T.);
#13753 = ORIENTED_EDGE('',*,*,#13312,.T.);
#13754 = ORIENTED_EDGE('',*,*,#13389,.F.);
#13755 = ORIENTED_EDGE('',*,*,#13414,.T.);
#13756 = ORIENTED_EDGE('',*,*,#13463,.F.);
#13757 = ORIENTED_EDGE('',*,*,#13536,.T.);
#13758 = ORIENTED_EDGE('',*,*,#13619,.F.);
#13759 = ORIENTED_EDGE('',*,*,#13669,.F.);
#13760 = ORIENTED_EDGE('',*,*,#13725,.T.);
#13761 = ADVANCED_FACE('',(#13762),#13223,.F.);
#13762 = FACE_BOUND('',#13763,.F.);
#13763 = EDGE_LOOP('',(#13764,#13765,#13786,#13787));
#13764 = ORIENTED_EDGE('',*,*,#13202,.F.);
#13765 = ORIENTED_EDGE('',*,*,#13766,.F.);
#13766 = EDGE_CURVE('',#13336,#13203,#13767,.T.);
#13767 = SEAM_CURVE('',#13768,(#13772,#13779),.PCURVE_S1.);
#13768 = LINE('',#13769,#13770);
#13769 = CARTESIAN_POINT('',(64.75,51.,-151.));
#13770 = VECTOR('',#13771,1.);
#13771 = DIRECTION('',(0.,-1.,2.22044604925E-16));
#13772 = PCURVE('',#13223,#13773);
#13773 = DEFINITIONAL_REPRESENTATION('',(#13774),#13778);
#13774 = LINE('',#13775,#13776);
#13775 = CARTESIAN_POINT('',(6.28318530718,-0.));
#13776 = VECTOR('',#13777,1.);
#13777 = DIRECTION('',(0.,1.));
#13778 = ( GEOMETRIC_REPRESENTATION_CONTEXT(2) 
PARAMETRIC_REPRESENTATION_CONTEXT() REPRESENTATION_CONTEXT('2D SPACE',''
  ) );
#13779 = PCURVE('',#13223,#13780);
#13780 = DEFINITIONAL_REPRESENTATION('',(#13781),#13785);
#13781 = LINE('',#13782,#13783);
#13782 = CARTESIAN_POINT('',(0.,-0.));
#13783 = VECTOR('',#13784,1.);
#13784 = DIRECTION('',(0.,1.));
#13785 = ( GEOMETRIC_REPRESENTATION_CONTEXT(2) 
PARAMETRIC_REPRESENTATION_CONTEXT() REPRESENTATION_CONTEXT('2D SPACE',''
  ) );
#13786 = ORIENTED_EDGE('',*,*,#13335,.T.);
#13787 = ORIENTED_EDGE('',*,*,#13766,.T.);
#13788 = ADVANCED_FACE('',(#13789),#13580,.F.);
#13789 = FACE_BOUND('',#13790,.F.);
#13790 = EDGE_LOOP('',(#13791,#13792,#13813,#13814));
#13791 = ORIENTED_EDGE('',*,*,#13692,.F.);
#13792 = ORIENTED_EDGE('',*,*,#13793,.F.);
#13793 = EDGE_CURVE('',#13560,#13693,#13794,.T.);
#13794 = SEAM_CURVE('',#13795,(#13799,#13806),.PCURVE_S1.);
#13795 = LINE('',#13796,#13797);
#13796 = CARTESIAN_POINT('',(64.75,51.,-19.));
#13797 = VECTOR('',#13798,1.);
#13798 = DIRECTION('',(0.,-1.,2.22044604925E-16));
#13799 = PCURVE('',#13580,#13800);
#13800 = DEFINITIONAL_REPRESENTATION('',(#13801),#13805);
#13801 = LINE('',#13802,#13803);
#13802 = CARTESIAN_POINT('',(6.28318530718,-0.));
#13803 = VECTOR('',#13804,1.);
#13804 = DIRECTION('',(0.,1.));
#13805 = ( GEOMETRIC_REPRESENTATION_CONTEXT(2) 
PARAMETRIC_REPRESENTATION_CONTEXT() REPRESENTATION_CONTEXT('2D SPACE',''
  ) );
#13806 = PCURVE('',#13580,#13807);
#13807 = DEFINITIONAL_REPRESENTATION('',(#13808),#13812);
#13808 = LINE('',#13809,#13810);
#13809 = CARTESIAN_POINT('',(0.,-0.));
#13810 = VECTOR('',#13811,1.);
#13811 = DIRECTION('',(0.,1.));
#13812 = ( GEOMETRIC_REPRESENTATION_CONTEXT(2) 
PARAMETRIC_REPRESENTATION_CONTEXT() REPRESENTATION_CONTEXT('2D SPACE',''
  ) );
#13813 = ORIENTED_EDGE('',*,*,#13559,.T.);
#13814 = ORIENTED_EDGE('',*,*,#13793,.T.);
#13815 = MANIFOLD_SOLID_BREP('',#13816);
#13816 = CLOSED_SHELL('',(#13817,#13937,#14037,#14084,#14131,#14138));
#13817 = ADVANCED_FACE('',(#13818),#13832,.F.);
#13818 = FACE_BOUND('',#13819,.F.);
#13819 = EDGE_LOOP('',(#13820,#13855,#13883,#13911));
#13820 = ORIENTED_EDGE('',*,*,#13821,.F.);
#13821 = EDGE_CURVE('',#13822,#13824,#13826,.T.);
#13822 = VERTEX_POINT('',#13823);
#13823 = CARTESIAN_POINT('',(-25.,0.,-25.));
#13824 = VERTEX_POINT('',#13825);
#13825 = CARTESIAN_POINT('',(-25.,0.,5.));
#13826 = SURFACE_CURVE('',#13827,(#13831,#13843),.PCURVE_S1.);
#13827 = LINE('',#13828,#13829);
#13828 = CARTESIAN_POINT('',(-25.,0.,-25.));
#13829 = VECTOR('',#13830,1.);
#13830 = DIRECTION('',(0.,0.,1.));
#13831 = PCURVE('',#13832,#13837);
#13832 = PLANE('',#13833);
#13833 = AXIS2_PLACEMENT_3D('',#13834,#13835,#13836);
#13834 = CARTESIAN_POINT('',(-25.,0.,-25.));
#13835 = DIRECTION('',(1.,0.,-0.));
#13836 = DIRECTION('',(0.,0.,1.));
#13837 = DEFINITIONAL_REPRESENTATION('',(#13838),#13842);
#13838 = LINE('',#13839,#13840);
#13839 = CARTESIAN_POINT('',(0.,0.));
#13840 = VECTOR('',#13841,1.);
#13841 = DIRECTION('',(1.,0.));
#13842 = ( GEOMETRIC_REPRESENTATION_CONTEXT(2) 
PARAMETRIC_REPRESENTATION_CONTEXT() REPRESENTATION_CONTEXT('2D SPACE',''
  ) );
#13843 = PCURVE('',#13844,#13849);
#13844 = PLANE('',#13845);
#13845 = AXIS2_PLACEMENT_3D('',#13846,#13847,#13848);
#13846 = CARTESIAN_POINT('',(-25.,0.,-25.));
#13847 = DIRECTION('',(-0.,1.,0.));
#13848 = DIRECTION('',(0.,0.,1.));
#13849 = DEFINITIONAL_REPRESENTATION('',(#13850),#13854);
#13850 = LINE('',#13851,#13852);
#13851 = CARTESIAN_POINT('',(0.,0.));
#13852 = VECTOR('',#13853,1.);
#13853 = DIRECTION('',(1.,0.));
#13854 = ( GEOMETRIC_REPRESENTATION_CONTEXT(2) 
PARAMETRIC_REPRESENTATION_CONTEXT() REPRESENTATION_CONTEXT('2D SPACE',''
  ) );
#13855 = ORIENTED_EDGE('',*,*,#13856,.T.);
#13856 = EDGE_CURVE('',#13822,#13857,#13859,.T.);
#13857 = VERTEX_POINT('',#13858);
#13858 = CARTESIAN_POINT('',(-25.,50.,-25.));
#13859 = SURFACE_CURVE('',#13860,(#13864,#13871),.PCURVE_S1.);
#13860 = LINE('',#13861,#13862);
#13861 = CARTESIAN_POINT('',(-25.,0.,-25.));
#13862 = VECTOR('',#13863,1.);
#13863 = DIRECTION('',(-0.,1.,0.));
#13864 = PCURVE('',#13832,#13865);
#13865 = DEFINITIONAL_REPRESENTATION('',(#13866),#13870);
#13866 = LINE('',#13867,#13868);
#13867 = CARTESIAN_POINT('',(0.,0.));
#13868 = VECTOR('',#13869,1.);
#13869 = DIRECTION('',(0.,-1.));
#13870 = ( GEOMETRIC_REPRESENTATION_CONTEXT(2) 
PARAMETRIC_REPRESENTATION_CONTEXT() REPRESENTATION_CONTEXT('2D SPACE',''
  ) );
#13871 = PCURVE('',#13872,#13877);
#13872 = PLANE('',#13873);
#13873 = AXIS2_PLACEMENT_3D('',#13874,#13875,#13876);
#13874 = CARTESIAN_POINT('',(-25.,0.,-25.));
#13875 = DIRECTION('',(0.,0.,1.));
#13876 = DIRECTION('',(1.,0.,-0.));
#13877 = DEFINITIONAL_REPRESENTATION('',(#13878),#13882);
#13878 = LINE('',#13879,#13880);
#13879 = CARTESIAN_POINT('',(0.,0.));
#13880 = VECTOR('',#13881,1.);
#13881 = DIRECTION('',(0.,1.));
#13882 = ( GEOMETRIC_REPRESENTATION_CONTEXT(2) 
PARAMETRIC_REPRESENTATION_CONTEXT() REPRESENTATION_CONTEXT('2D SPACE',''
  ) );
#13883 = ORIENTED_EDGE('',*,*,#13884,.T.);
#13884 = EDGE_CURVE('',#13857,#13885,#13887,.T.);
#13885 = VERTEX_POINT('',#13886);
#13886 = CARTESIAN_POINT('',(-25.,50.,5.));
#13887 = SURFACE_CURVE('',#13888,(#13892,#13899),.PCURVE_S1.);
#13888 = LINE('',#13889,#13890);
#13889 = CARTESIAN_POINT('',(-25.,50.,-25.));
#13890 = VECTOR('',#13891,1.);
#13891 = DIRECTION('',(0.,0.,1.));
#13892 = PCURVE('',#13832,#13893);
#13893 = DEFINITIONAL_REPRESENTATION('',(#13894),#13898);
#13894 = LINE('',#13895,#13896);
#13895 = CARTESIAN_POINT('',(0.,-50.));
#13896 = VECTOR('',#13897,1.);
#13897 = DIRECTION('',(1.,0.));
#13898 = ( GEOMETRIC_REPRESENTATION_CONTEXT(2) 
PARAMETRIC_REPRESENTATION_CONTEXT() REPRESENTATION_CONTEXT('2D SPACE',''
  ) );
#13899 = PCURVE('',#13900,#13905);
#13900 = PLANE('',#13901);
#13901 = AXIS2_PLACEMENT_3D('',#13902,#13903,#13904);
#13902 = CARTESIAN_POINT('',(-25.,50.,-25.));
#13903 = DIRECTION('',(-0.,1.,0.));
#13904 = DIRECTION('',(0.,0.,1.));
#13905 = DEFINITIONAL_REPRESENTATION('',(#13906),#13910);
#13906 = LINE('',#13907,#13908);
#13907 = CARTESIAN_POINT('',(0.,0.));
#13908 = VECTOR('',#13909,1.);
#13909 = DIRECTION('',(1.,0.));
#13910 = ( GEOMETRIC_REPRESENTATION_CONTEXT(2) 
PARAMETRIC_REPRESENTATION_CONTEXT() REPRESENTATION_CONTEXT('2D SPACE',''
  ) );
#13911 = ORIENTED_EDGE('',*,*,#13912,.F.);
#13912 = EDGE_CURVE('',#13824,#13885,#13913,.T.);
#13913 = SURFACE_CURVE('',#13914,(#13918,#13925),.PCURVE_S1.);
#13914 = LINE('',#13915,#13916);
#13915 = CARTESIAN_POINT('',(-25.,0.,5.));
#13916 = VECTOR('',#13917,1.);
#13917 = DIRECTION('',(-0.,1.,0.));
#13918 = PCURVE('',#13832,#13919);
#13919 = DEFINITIONAL_REPRESENTATION('',(#13920),#13924);
#13920 = LINE('',#13921,#13922);
#13921 = CARTESIAN_POINT('',(30.,0.));
#13922 = VECTOR('',#13923,1.);
#13923 = DIRECTION('',(0.,-1.));
#13924 = ( GEOMETRIC_REPRESENTATION_CONTEXT(2) 
PARAMETRIC_REPRESENTATION_CONTEXT() REPRESENTATION_CONTEXT('2D SPACE',''
  ) );
#13925 = PCURVE('',#13926,#13931);
#13926 = PLANE('',#13927);
#13927 = AXIS2_PLACEMENT_3D('',#13928,#13929,#13930);
#13928 = CARTESIAN_POINT('',(-25.,0.,5.));
#13929 = DIRECTION('',(0.,0.,1.));
#13930 = DIRECTION('',(1.,0.,-0.));
#13931 = DEFINITIONAL_REPRESENTATION('',(#13932),#13936);
#13932 = LINE('',#13933,#13934);
#13933 = CARTESIAN_POINT('',(0.,0.));
#13934 = VECTOR('',#13935,1.);
#13935 = DIRECTION('',(0.,1.));
#13936 = ( GEOMETRIC_REPRESENTATION_CONTEXT(2) 
PARAMETRIC_REPRESENTATION_CONTEXT() REPRESENTATION_CONTEXT('2D SPACE',''
  ) );
#13937 = ADVANCED_FACE('',(#13938),#13952,.T.);
#13938 = FACE_BOUND('',#13939,.T.);
#13939 = EDGE_LOOP('',(#13940,#13970,#13993,#14016));
#13940 = ORIENTED_EDGE('',*,*,#13941,.F.);
#13941 = EDGE_CURVE('',#13942,#13944,#13946,.T.);
#13942 = VERTEX_POINT('',#13943);
#13943 = CARTESIAN_POINT('',(25.,0.,-25.));
#13944 = VERTEX_POINT('',#13945);
#13945 = CARTESIAN_POINT('',(25.,0.,5.));
#13946 = SURFACE_CURVE('',#13947,(#13951,#13963),.PCURVE_S1.);
#13947 = LINE('',#13948,#13949);
#13948 = CARTESIAN_POINT('',(25.,0.,-25.));
#13949 = VECTOR('',#13950,1.);
#13950 = DIRECTION('',(0.,0.,1.));
#13951 = PCURVE('',#13952,#13957);
#13952 = PLANE('',#13953);
#13953 = AXIS2_PLACEMENT_3D('',#13954,#13955,#13956);
#13954 = CARTESIAN_POINT('',(25.,0.,-25.));
#13955 = DIRECTION('',(1.,0.,-0.));
#13956 = DIRECTION('',(0.,0.,1.));
#13957 = DEFINITIONAL_REPRESENTATION('',(#13958),#13962);
#13958 = LINE('',#13959,#13960);
#13959 = CARTESIAN_POINT('',(0.,0.));
#13960 = VECTOR('',#13961,1.);
#13961 = DIRECTION('',(1.,0.));
#13962 = ( GEOMETRIC_REPRESENTATION_CONTEXT(2) 
PARAMETRIC_REPRESENTATION_CONTEXT() REPRESENTATION_CONTEXT('2D SPACE',''
  ) );
#13963 = PCURVE('',#13844,#13964);
#13964 = DEFINITIONAL_REPRESENTATION('',(#13965),#13969);
#13965 = LINE('',#13966,#13967);
#13966 = CARTESIAN_POINT('',(0.,50.));
#13967 = VECTOR('',#13968,1.);
#13968 = DIRECTION('',(1.,0.));
#13969 = ( GEOMETRIC_REPRESENTATION_CONTEXT(2) 
PARAMETRIC_REPRESENTATION_CONTEXT() REPRESENTATION_CONTEXT('2D SPACE',''
  ) );
#13970 = ORIENTED_EDGE('',*,*,#13971,.T.);
#13971 = EDGE_CURVE('',#13942,#13972,#13974,.T.);
#13972 = VERTEX_POINT('',#13973);
#13973 = CARTESIAN_POINT('',(25.,50.,-25.));
#13974 = SURFACE_CURVE('',#13975,(#13979,#13986),.PCURVE_S1.);
#13975 = LINE('',#13976,#13977);
#13976 = CARTESIAN_POINT('',(25.,0.,-25.));
#13977 = VECTOR('',#13978,1.);
#13978 = DIRECTION('',(-0.,1.,0.));
#13979 = PCURVE('',#13952,#13980);
#13980 = DEFINITIONAL_REPRESENTATION('',(#13981),#13985);
#13981 = LINE('',#13982,#13983);
#13982 = CARTESIAN_POINT('',(0.,0.));
#13983 = VECTOR('',#13984,1.);
#13984 = DIRECTION('',(0.,-1.));
#13985 = ( GEOMETRIC_REPRESENTATION_CONTEXT(2) 
PARAMETRIC_REPRESENTATION_CONTEXT() REPRESENTATION_CONTEXT('2D SPACE',''
  ) );
#13986 = PCURVE('',#13872,#13987);
#13987 = DEFINITIONAL_REPRESENTATION('',(#13988),#13992);
#13988 = LINE('',#13989,#13990);
#13989 = CARTESIAN_POINT('',(50.,0.));
#13990 = VECTOR('',#13991,1.);
#13991 = DIRECTION('',(0.,1.));
#13992 = ( GEOMETRIC_REPRESENTATION_CONTEXT(2) 
PARAMETRIC_REPRESENTATION_CONTEXT() REPRESENTATION_CONTEXT('2D SPACE',''
  ) );
#13993 = ORIENTED_EDGE('',*,*,#13994,.T.);
#13994 = EDGE_CURVE('',#13972,#13995,#13997,.T.);
#13995 = VERTEX_POINT('',#13996);
#13996 = CARTESIAN_POINT('',(25.,50.,5.));
#13997 = SURFACE_CURVE('',#13998,(#14002,#14009),.PCURVE_S1.);
#13998 = LINE('',#13999,#14000);
#13999 = CARTESIAN_POINT('',(25.,50.,-25.));
#14000 = VECTOR('',#14001,1.);
#14001 = DIRECTION('',(0.,0.,1.));
#14002 = PCURVE('',#13952,#14003);
#14003 = DEFINITIONAL_REPRESENTATION('',(#14004),#14008);
#14004 = LINE('',#14005,#14006);
#14005 = CARTESIAN_POINT('',(0.,-50.));
#14006 = VECTOR('',#14007,1.);
#14007 = DIRECTION('',(1.,0.));
#14008 = ( GEOMETRIC_REPRESENTATION_CONTEXT(2) 
PARAMETRIC_REPRESENTATION_CONTEXT() REPRESENTATION_CONTEXT('2D SPACE',''
  ) );
#14009 = PCURVE('',#13900,#14010);
#14010 = DEFINITIONAL_REPRESENTATION('',(#14011),#14015);
#14011 = LINE('',#14012,#14013);
#14012 = CARTESIAN_POINT('',(0.,50.));
#14013 = VECTOR('',#14014,1.);
#14014 = DIRECTION('',(1.,0.));
#14015 = ( GEOMETRIC_REPRESENTATION_CONTEXT(2) 
PARAMETRIC_REPRESENTATION_CONTEXT() REPRESENTATION_CONTEXT('2D SPACE',''
  ) );
#14016 = ORIENTED_EDGE('',*,*,#14017,.F.);
#14017 = EDGE_CURVE('',#13944,#13995,#14018,.T.);
#14018 = SURFACE_CURVE('',#14019,(#14023,#14030),.PCURVE_S1.);
#14019 = LINE('',#14020,#14021);
#14020 = CARTESIAN_POINT('',(25.,0.,5.));
#14021 = VECTOR('',#14022,1.);
#14022 = DIRECTION('',(-0.,1.,0.));
#14023 = PCURVE('',#13952,#14024);
#14024 = DEFINITIONAL_REPRESENTATION('',(#14025),#14029);
#14025 = LINE('',#14026,#14027);
#14026 = CARTESIAN_POINT('',(30.,0.));
#14027 = VECTOR('',#14028,1.);
#14028 = DIRECTION('',(0.,-1.));
#14029 = ( GEOMETRIC_REPRESENTATION_CONTEXT(2) 
PARAMETRIC_REPRESENTATION_CONTEXT() REPRESENTATION_CONTEXT('2D SPACE',''
  ) );
#14030 = PCURVE('',#13926,#14031);
#14031 = DEFINITIONAL_REPRESENTATION('',(#14032),#14036);
#14032 = LINE('',#14033,#14034);
#14033 = CARTESIAN_POINT('',(50.,0.));
#14034 = VECTOR('',#14035,1.);
#14035 = DIRECTION('',(0.,1.));
#14036 = ( GEOMETRIC_REPRESENTATION_CONTEXT(2) 
PARAMETRIC_REPRESENTATION_CONTEXT() REPRESENTATION_CONTEXT('2D SPACE',''
  ) );
#14037 = ADVANCED_FACE('',(#14038),#13844,.F.);
#14038 = FACE_BOUND('',#14039,.F.);
#14039 = EDGE_LOOP('',(#14040,#14061,#14062,#14083));
#14040 = ORIENTED_EDGE('',*,*,#14041,.F.);
#14041 = EDGE_CURVE('',#13822,#13942,#14042,.T.);
#14042 = SURFACE_CURVE('',#14043,(#14047,#14054),.PCURVE_S1.);
#14043 = LINE('',#14044,#14045);
#14044 = CARTESIAN_POINT('',(-25.,0.,-25.));
#14045 = VECTOR('',#14046,1.);
#14046 = DIRECTION('',(1.,0.,-0.));
#14047 = PCURVE('',#13844,#14048);
#14048 = DEFINITIONAL_REPRESENTATION('',(#14049),#14053);
#14049 = LINE('',#14050,#14051);
#14050 = CARTESIAN_POINT('',(0.,0.));
#14051 = VECTOR('',#14052,1.);
#14052 = DIRECTION('',(0.,1.));
#14053 = ( GEOMETRIC_REPRESENTATION_CONTEXT(2) 
PARAMETRIC_REPRESENTATION_CONTEXT() REPRESENTATION_CONTEXT('2D SPACE',''
  ) );
#14054 = PCURVE('',#13872,#14055);
#14055 = DEFINITIONAL_REPRESENTATION('',(#14056),#14060);
#14056 = LINE('',#14057,#14058);
#14057 = CARTESIAN_POINT('',(0.,0.));
#14058 = VECTOR('',#14059,1.);
#14059 = DIRECTION('',(1.,0.));
#14060 = ( GEOMETRIC_REPRESENTATION_CONTEXT(2) 
PARAMETRIC_REPRESENTATION_CONTEXT() REPRESENTATION_CONTEXT('2D SPACE',''
  ) );
#14061 = ORIENTED_EDGE('',*,*,#13821,.T.);
#14062 = ORIENTED_EDGE('',*,*,#14063,.T.);
#14063 = EDGE_CURVE('',#13824,#13944,#14064,.T.);
#14064 = SURFACE_CURVE('',#14065,(#14069,#14076),.PCURVE_S1.);
#14065 = LINE('',#14066,#14067);
#14066 = CARTESIAN_POINT('',(-25.,0.,5.));
#14067 = VECTOR('',#14068,1.);
#14068 = DIRECTION('',(1.,0.,-0.));
#14069 = PCURVE('',#13844,#14070);
#14070 = DEFINITIONAL_REPRESENTATION('',(#14071),#14075);
#14071 = LINE('',#14072,#14073);
#14072 = CARTESIAN_POINT('',(30.,0.));
#14073 = VECTOR('',#14074,1.);
#14074 = DIRECTION('',(0.,1.));
#14075 = ( GEOMETRIC_REPRESENTATION_CONTEXT(2) 
PARAMETRIC_REPRESENTATION_CONTEXT() REPRESENTATION_CONTEXT('2D SPACE',''
  ) );
#14076 = PCURVE('',#13926,#14077);
#14077 = DEFINITIONAL_REPRESENTATION('',(#14078),#14082);
#14078 = LINE('',#14079,#14080);
#14079 = CARTESIAN_POINT('',(0.,0.));
#14080 = VECTOR('',#14081,1.);
#14081 = DIRECTION('',(1.,0.));
#14082 = ( GEOMETRIC_REPRESENTATION_CONTEXT(2) 
PARAMETRIC_REPRESENTATION_CONTEXT() REPRESENTATION_CONTEXT('2D SPACE',''
  ) );
#14083 = ORIENTED_EDGE('',*,*,#13941,.F.);
#14084 = ADVANCED_FACE('',(#14085),#13900,.T.);
#14085 = FACE_BOUND('',#14086,.T.);
#14086 = EDGE_LOOP('',(#14087,#14108,#14109,#14130));
#14087 = ORIENTED_EDGE('',*,*,#14088,.F.);
#14088 = EDGE_CURVE('',#13857,#13972,#14089,.T.);
#14089 = SURFACE_CURVE('',#14090,(#14094,#14101),.PCURVE_S1.);
#14090 = LINE('',#14091,#14092);
#14091 = CARTESIAN_POINT('',(-25.,50.,-25.));
#14092 = VECTOR('',#14093,1.);
#14093 = DIRECTION('',(1.,0.,-0.));
#14094 = PCURVE('',#13900,#14095);
#14095 = DEFINITIONAL_REPRESENTATION('',(#14096),#14100);
#14096 = LINE('',#14097,#14098);
#14097 = CARTESIAN_POINT('',(0.,0.));
#14098 = VECTOR('',#14099,1.);
#14099 = DIRECTION('',(0.,1.));
#14100 = ( GEOMETRIC_REPRESENTATION_CONTEXT(2) 
PARAMETRIC_REPRESENTATION_CONTEXT() REPRESENTATION_CONTEXT('2D SPACE',''
  ) );
#14101 = PCURVE('',#13872,#14102);
#14102 = DEFINITIONAL_REPRESENTATION('',(#14103),#14107);
#14103 = LINE('',#14104,#14105);
#14104 = CARTESIAN_POINT('',(0.,50.));
#14105 = VECTOR('',#14106,1.);
#14106 = DIRECTION('',(1.,0.));
#14107 = ( GEOMETRIC_REPRESENTATION_CONTEXT(2) 
PARAMETRIC_REPRESENTATION_CONTEXT() REPRESENTATION_CONTEXT('2D SPACE',''
  ) );
#14108 = ORIENTED_EDGE('',*,*,#13884,.T.);
#14109 = ORIENTED_EDGE('',*,*,#14110,.T.);
#14110 = EDGE_CURVE('',#13885,#13995,#14111,.T.);
#14111 = SURFACE_CURVE('',#14112,(#14116,#14123),.PCURVE_S1.);
#14112 = LINE('',#14113,#14114);
#14113 = CARTESIAN_POINT('',(-25.,50.,5.));
#14114 = VECTOR('',#14115,1.);
#14115 = DIRECTION('',(1.,0.,-0.));
#14116 = PCURVE('',#13900,#14117);
#14117 = DEFINITIONAL_REPRESENTATION('',(#14118),#14122);
#14118 = LINE('',#14119,#14120);
#14119 = CARTESIAN_POINT('',(30.,0.));
#14120 = VECTOR('',#14121,1.);
#14121 = DIRECTION('',(0.,1.));
#14122 = ( GEOMETRIC_REPRESENTATION_CONTEXT(2) 
PARAMETRIC_REPRESENTATION_CONTEXT() REPRESENTATION_CONTEXT('2D SPACE',''
  ) );
#14123 = PCURVE('',#13926,#14124);
#14124 = DEFINITIONAL_REPRESENTATION('',(#14125),#14129);
#14125 = LINE('',#14126,#14127);
#14126 = CARTESIAN_POINT('',(0.,50.));
#14127 = VECTOR('',#14128,1.);
#14128 = DIRECTION('',(1.,0.));
#14129 = ( GEOMETRIC_REPRESENTATION_CONTEXT(2) 
PARAMETRIC_REPRESENTATION_CONTEXT() REPRESENTATION_CONTEXT('2D SPACE',''
  ) );
#14130 = ORIENTED_EDGE('',*,*,#13994,.F.);
#14131 = ADVANCED_FACE('',(#14132),#13872,.F.);
#14132 = FACE_BOUND('',#14133,.F.);
#14133 = EDGE_LOOP('',(#14134,#14135,#14136,#14137));
#14134 = ORIENTED_EDGE('',*,*,#13856,.F.);
#14135 = ORIENTED_EDGE('',*,*,#14041,.T.);
#14136 = ORIENTED_EDGE('',*,*,#13971,.T.);
#14137 = ORIENTED_EDGE('',*,*,#14088,.F.);
#14138 = ADVANCED_FACE('',(#14139),#13926,.T.);
#14139 = FACE_BOUND('',#14140,.T.);
#14140 = EDGE_LOOP('',(#14141,#14142,#14143,#14144));
#14141 = ORIENTED_EDGE('',*,*,#13912,.F.);
#14142 = ORIENTED_EDGE('',*,*,#14063,.T.);
#14143 = ORIENTED_EDGE('',*,*,#14017,.T.);
#14144 = ORIENTED_EDGE('',*,*,#14110,.F.);
#14145 = ( GEOMETRIC_REPRESENTATION_CONTEXT(3) 
GLOBAL_UNCERTAINTY_ASSIGNED_CONTEXT((#14149)) 
GLOBAL_UNIT_ASSIGNED_CONTEXT((#14146,#14147,#14148)) 
REPRESENTATION_CONTEXT('Context #1',
  '3D Context with UNIT and UNCERTAINTY') );
#14146 = ( LENGTH_UNIT() NAMED_UNIT(*) SI_UNIT(.MILLI.,.METRE.) );
#14147 = ( NAMED_UNIT(*) PLANE_ANGLE_UNIT() SI_UNIT($,.RADIAN.) );
#14148 = ( NAMED_UNIT(*) SI_UNIT($,.STERADIAN.) SOLID_ANGLE_UNIT() );
#14149 = UNCERTAINTY_MEASURE_WITH_UNIT(LENGTH_MEASURE(1.E-07),#14146,
  'distance_accuracy_value','confusion accuracy');
#14150 = PRODUCT_RELATED_PRODUCT_CATEGORY('part',$,(#7));
ENDSEC;
END-ISO-10303-21;
